P18_001,P18_002,P18_003,P18_004
경시청, "13101", 1, 지요다 구 카스미가 세키 2-1-1
제 1면 본부, "13101", 1, 지요다 구 카스미가 세키 2-1-1
제 4 방면 본부, "13104", 1, 신주쿠 구시 타니 혼무라 쵸 6-1
제 5 방면 본부, "13105", 1, 분쿄구 가스가 1-5-12
제 6 방면 본부, "13106", 1, 다이토 구 히가시 아사쿠사 2-27-12
제 7 방면 본부, "13108", 1, 고토 구 신 기바 4-2-31
제 2 방면 본부, "13109", 1, 시나가와 구 카츠시마 1-3-12
제 3 방면 본부, "13110", 1, 메구로 구 오하시 2-21-6
제 10 방면 본부, "13117", 1, 기타 구 니시가오카 3-4-7
제9방면 본부, "13201", 1, 하치오지시 오요코초 14-20
제 8 방면 본부, "13202", 1, 다치카와시 미도리 쵸 3280
마루노우치 경찰서,"13101",2, 치요다구 유라쿠초 1-9-2
고지마치 경찰서,"13101",2,지요다구 고지마치 1-4
간다 경찰서, "13101", 2, 지요다 구 간다 니시키 쵸 2-2-2
만세바시 경찰서,"13101",2,지요다구 소토칸다 1-16-5
쿠마츠 경찰서,"13102",2,츄오구 니혼바시 쿠마츠초 8-1
츠키시마 경찰서,"13102",2,추오구 카츠도키 6-7-19
츠키지 경찰서,"13102",2,추오구 츠키지 1-6-1
츄오 경찰서, "13102", 2, 츄오 구 니혼 바시 토 쵸 14-2
아타고 경찰서,"13103",2,미나토구 신바시 6-18-12
다카나와 경찰서, "13103", 2, 미나토 구 다카나와 3-15-20
미타 경찰서,"13103",2,미나토구 시바우라 4-2-12
아카사카 경찰서, "13103", 2, 미나토 구 아카사카 4-18-19
도쿄 걸프 경찰서, "13103", 2, 고토 구 아오미 2-7-1
아자부 경찰서, "13103", 2, 미나토 구 롯폰기 6-2-37
우시고메 경찰서,"13104",2,신주쿠구 미나미야마 후시초 1-15
도츠카 경찰서,"13104",2,신주쿠구 니시와세다 3-30-13
요 츠야 경찰서, "13104", 2, 신주쿠 구 사몬 쵸 6-5
신주쿠 경찰서, "13104", 2, 신주쿠 구 니시 신주쿠 6-1-1
고마고메 경찰서,"13105",2,분쿄구 혼코마고메 2-28-18
오츠카 경찰서,"13105",2,분쿄구 메지로다이 3-28-3 가청사
도미사카 경찰서,"13105",2,분쿄구 고이시카와 2-14-2
혼후지 경찰서,"13105",2,분쿄구 혼고 7-1-7
시모야 경찰서,"13106",2,다이토구 시모야 3-15-9
우에노 경찰서,"13106",2,다이토구 히가시우에노 4-2-4
아사쿠사 경찰서, "13106", 2, 다이토 구 아사쿠사 4-47-11
쿠라마에 경찰서,"13106",2,다이토구 쿠라마에 1-3-24
무코지마 경찰서,"13107",2,스미다구 후미카 3-18-9
본소 경찰서, "13107", 2, 스미다 구 료고쿠 4-29-5
성동경찰서,"13108",2,고토구 기타사 2-1-24
후카가와 경찰서, "13108", 2, 고토 구 키바 3-18-6
에바라 경찰서,"13109",2,시나가와구 에바라 6-19-10
오이 경찰서, "13109", 2, 시나가와 구 오이 5-10-2
오사키 경찰서, "13109", 2, 시나가와 구 오사키 4-2-10
시나가와 경찰서,"13109",2,시나가와구 히가시시나가와 3-14-32
비문 골짜기 경찰서, "13110", 2, 메구로 구 비문 골짜기 4-24-17
메구로 경찰서, "13110", 2, 메구로 구 나카 메구로 2-7-13
가마타 경찰서,"13111",2,대전구 가마타 혼마치 2-3-3
오모리 경찰서, "13111", 2, 오타 구 오모리 나카 1-1-16
이케가미 경찰서,"13111",2,오타구 이케가미 3-20-10
시골 조후 경찰서, "13111", 2, 대전구 시골 조후 1-1-8
도쿄공항경찰서,"13111",2,대전구 하네다공항3-4-1
타마가와 경찰서,"13112",2,세타가야구 나카마치 2-9-22
세타가야 경찰서,"13112",2,세타가야구 산겐자야 2-4-4
세이조 경찰서,"13112",2,세타가야구 치토세다이 3-19-1
기타자와 경찰서,"13112",2,세타가야구 마쓰바라 6-4-14
하라주쿠 경찰서,"13113",2,시부야구 진구마에 1-4-17
시부야 경찰서,"13113",2,시부야구 시부야 3-8-15
요요기 경찰서,"13113",2,시부야구 혼마치 1-11-3
나카노 경찰서,"13114",2,나카노구 중앙 2-47-2
노카타 경찰서,"13114",2,나카노구 나카노 4-12-1
오기쿠보 경찰서,"13115",2,스기나미구 모모이 3-1-3
다카이도 경찰서,"13115",2,스기나미구 미야마에 1-16-1
스기나미 경찰서,"13115",2,스기나미구 나리타히가시 4-38-16
스가모 경찰서,"13116",2,토시마구 기타오츠카 1-15-15
이케부쿠로 경찰서,"13116",2,도시마구 니시이케부쿠로 1-7-5
메지로 경찰서, "13116", 2, 도시마 구 메지로 2-10-2
왕자 경찰서,"13117",2,기타구 왕자 3-22-22
아카바네 경찰서,"13117",2,기타구 카미야 3-10-1
타키노가와 경찰서,"13117",2,기타구 니시가하라 2-4-1
아라카와 경찰서, "13118", 2, 아라카와 구 아라카와 3-1-2
미나미 센주 경찰서, "13118", 2, 아라카와 구 미나미 센주 6-45-43
오오쿠 경찰서,"13118",2,아라카와구 니시오쿠 3-8-5
다카시마다이라 경찰서,"13119",2,이타바시구 다카시마다이라 3-12-32
시무라 경찰서,"13119",2,이타바시구 소두자와 1-11-6
이타바시 경찰서,"13119",2,이타바시구 이타바시 2-60-13
히카리가오카 경찰서,"13120",2,네리마구 히카리가오카 2-9-8
이시가미 경찰서,"13120",2,네리마구 이시가미초 6-17-26
네리마 경찰서,"13120",2,네리마구 도요타마 기타 5-2-7
아야세 경찰서,"13121",2,아다치구 다니나카 4-1-24
니시 아라이 경찰서, "13121", 2, 아다치 구 니시 아라이 사카에 마치 1-16-1
센주 경찰서, "13121", 2, 아다치 구 센주 1-38-1
다케노츠카 경찰서,"13121",2,아다치구 호키마 1-16-4
카츠 시카 경찰서, "13122", 2, 카츠 시카 구립석 2-7-9
카메유 경찰서,"13122",2,카츠시카구 신주쿠 4-22-19
가사이 경찰서,"13123",2,에도가와구 히가시카사이 6-39-1
고이와 경찰서, "13123", 2, 에도가와 구 히가시 코이와 6-9-17
고마쓰카와 경찰서,"13123",2,에도가와구 마쓰시마 1-19-22
다카오 경찰서,"13201",2,하치오지시 히가시아사카와초 23-34
하치오지 경찰서,"13201",2,하치오지시 모토요코야마초 2-4-13
다치카와 경찰서,"13202",2,타치카와시 미도리초 3233-2
무사시노 경찰서,"13203",2,무사시노시 나카마치 2-1-2
미타카 경찰서, "13204", 2, 미타카 시상 연작 8-2-36
오메 경찰서,"13205",2,오메시 노가미초 4-6-3
후추 경찰서, "13206", 2, 후추시 후추 마치 1-10-5
아키시마 경찰서,"13207",2,아키시마시 우에가와하라마치 1-1-1
쵸후 경찰서
마치다 경찰서,"13209",2,마치다시 아사히초 3-1-3
코가네이 경찰서,"13210",2,코가네이시 관정 미나미마치 3-21-3
고다이라 경찰서,"13211",2,고다이라시 오가와마치 2-1265-1
히노 경찰서, "13212", 2, 히노시 히노 590
히가시무라야마 경찰서,"13213",2,히가시무라야마시 혼마치 1-1-3
후쿠세이 경찰서,"13218",2,후쿠시시 카미헤이 3-25
히가시야마토 경찰서,"13220",2,히가시야마토시 고구마 6-1061-1
타마 중앙 경찰서, "13224", 2, 타마시 쓰루 마키 1-26-1
고이치시 경찰서,"13228",2,아키루노시 고이치시 888-7
타나베 경찰서,"13229",2,니시 도쿄
오시마 경찰서, "13361", 2, 오시마 마치 모토마치 1-15-6
신지마 경찰서,"13363",2,신시마무라 혼무라 3-13-4
미야케지마 경찰서,"13381",2,미야케무라 이즈 640
하치조지마 경찰서,"13401",2, 하치조초 산네 54-1
오가사와라 경찰서,"13421",2,오가사와라무라 부지마 아자니시
마루노우치 경찰서 도쿄역 앞 교번,"13101",4,지요다구 마루노우치 1-9-1
마루노우치 경찰서 우치유키마치 교번,"13101",4,지요다구 히비야 공원 1-3
마루 노우치 경찰서 히비야 공원 마에 교번, "13101", 4, 지요다 구 히비야 공원 1-1
마루노우치 경찰서 야에스구치 교번,"13101",4,지요다구 마루노우치 1-9-1
마루노우치 경찰서 유라쿠초 에키마에 교번,"13101",4,지요다구 유라쿠초 2-9-5처
마루노우치 경찰서 와다쿠라몬 외교번,"13101",4,지요다구 마루노우치 1-1-4
고지마치 경찰서 나가타초 경비 파출소,"13101",6,지요다구 나가타마치 2-10-1
고지마치 경찰서 구단시타 교번,"13101",4,지요다구 구단미나미1-6
고지마치 경찰서 고미자카 교번,"13101",4,지요다구 산반초 5-10
고지마치 경찰서 고지마치 요쵸메 교번,"13101",4,지요다구 고지마치 4-1-1 다이아몬드 빌딩 1층
고지마치 경찰서 시가야 견부 교번,"13101",4,지요다구 구단키타4-4
고지마치 경찰서 다케하시 지역 안전 센터,"13101",8, 지요다구 이치쓰바시 1-1-1
고지마치 경찰서 이이다바시역 앞 교번,"13101",4,지요다구 후지미 2-9-4
간다 경찰서 차의 물 교번,"13101",4,지요다구 간다 스루가다이 2-3
간다 경찰서지마치 교번,"13101",4,지요다구 간다시마치 2-4
간다 경찰서 진보초 교번,"13101",4,지요다구 이치쓰바시 2-5-8
간다 경찰서 스이도바시역 앞 교번,"13101",4,지요다구 미사키초 3-9-1
만세바시 경찰서 이와모토초 교번,"13101",4,지요다구 간다 스다마치 2-8
만세바시 경찰서 대장장이 교번,"13101",4,지요다구 우치간다 3-21
만세바시 경찰서 미쿠라바시 교번,"13101",4,지요다구 히가시칸다 3-1
만세바시 경찰서 스에히로마치 지역안전센터,"13101",8
쿠마츠 경찰서 스이텐구마에 교번
쿠마츠 경찰서 히가시니혼바시 교번,"13102",4
쿠마츠 경찰서 하코자키 교번,"13102",4,츄오구 니혼바시 하코자키초 41-13
쿠마츠 경찰서 하마마치 교번,"13102",4,츄오구 니혼바시하마초 3-3-4
쿠마츠 경찰서 도매야바시 교번,"13102",4,츄오구 니혼바시 쿠마츠초 3-3
츠키시마 경찰서 카츠 도키 다리 교번, "13102", 4, 주오 구 카츠 도키 1-3-8
츠키시마 경찰서 하루미 산초메 교번,"13102",4,츄오구 하루미 1-8-13
츠키시마 경찰서 하루카이 부두 경비 파출소,"13102",6,츄오구 하루미 5-6-20
쓰키시마 경찰서 니시나카도리 지역 안전 센터,"13102",8, 츄오구 츠키시마 3-4-3
츠키시마 경찰서 불교번,"13102",4,추오구 불 2-17-8
츠키지 경찰서 긴자 잇쵸메 교번,"13102",4,추오구 긴자 1-2-4
츠키지 경찰서 긴자 4초메 교번,"13102",4, 츄오구 긴자 5-7-2
츠키지 경찰서 긴자 핫초메 교번,"13102",4,츄오구 긴자 8-11-14
츠키지 경찰서 미하라바시 지역 안전 센터,"13102",8, 츄오구 긴자 4-9-10
츠키지 경찰서 오다와라마치 교번,"13102",4,츄오구 츠키지 6-1-11
츠키지 경찰서 신토미초 교번,"13102",4,츄오구 신토미 2-14-6
츠키지 경찰서수 기야바시 교번,"13101",4,지요다구 긴자 4-1-2
츠키지 경찰서 중앙 시장 교번,"13102",4,추오구 츠키지 5-2-1
츠키지 경찰서 도교 지역 안전 센터,"13102",8, 츄오구 긴자 8-3-7
츠키지 경찰서 미나토 교번,"13102",4, 츄오구 미나토 1-6-5
중앙 경찰서 지바초 교번, "13102", 4, 츄오구 니혼바시 토마치
중앙 경찰서 다카하시 교번,"13102",4,추오구 신카와 2-20-2
중앙 경찰서 니혼바시 교번, "13102", 4, 츄오구 니혼바시 1-9-1
중앙 경찰서 야에스도리 교번, "13102", 4, 츄오구 니혼바시 3-4-15
중앙 경찰서 핫초보리 교번,"13102",4, 츄오구 핫초보리 3-7-2
중앙 경찰서 혼마치 교번, "13102", 4, 츄오구 니혼바시 혼마치 4-5-11
아타고 경찰서 호랑이의 문 교번, "13103", 4, 미나토 구 도라 노몬 3-7-6
아타고 경찰서 신바시 역 앞 교번, "13103", 4, 미나토 구 신바시 2-16-2
아타고 경찰서 신바시 산쵸메 교번,"13103",4,미나토구 신바시 3-6-1
아타고 경찰서 대문 교번, "13103", 4, 미나토 구 시바 다이몬 2-4-1
아타고 경찰서 도쿄 타워 마에 교번, "13103", 4, 미나토 구 시바 공원 3-4-26
아타고 경찰서 히가시 신바시 교번, "13103", 4, 미나토 구 히가시 신바시 2-2-8
아타고 경찰서 하마마츠초 교번,"13103",4,미나토구 하마마츠초 2-13-2
다카나와 경찰서 다카나와 다이 교번, "13103", 4, 미나토 구 시로 카네 다이 2-26-7
다카나와 경찰서 다카나와 니쵸메 교번, "13103", 4, 미나토 구 다카나와 2-1-55
다카나와 경찰서 청정 공전 교번, "13103", 4, 미나토 구 백금 2-4-14
다카나와 경찰서 시로가네 산코쵸 교번,"13103",4,미나토구 시로카네 5-9-5
다카나와 경찰서 시나가와 역 고난구치 교번, "13103",4, 미나토구 고난 2-14-3
다카나와 경찰서 시나가와역 다카나와구치 교번, "13103", 4, 미나토구 타카나와 3-26-30
미타 경찰서 카메즈카 공원 마에 교번, "13103", 4, 미나토 구 미타 4-16-21
미타 경찰서 미타 츠나마치 교번,"13103",4,미나토구 미타 2-17-20
미타 경찰서 미타도리 교번,"13103",4,미나토구 미타 2-10-7
미타 경찰서 시바엔바시 지역 안전 센터,"13103",8, 미나토구 시바 3-4-10
미타 경찰서 시바 시쵸메 교번,"13103",4,미나토구 시바 4-7-4
미타 경찰서 다마치 역 교번, "13103", 4, 미나토 구 시바 우라 3-1-36
미타 경찰서 야치요바시 지역 안전 센터,"13103",8, 미나토구 시바우라 3-20-11
아카사카 경찰서 아오야마 잇쵸메 교번, "13103", 4, 미나토 구 모토 아카사카 2-1-6
아카사카 경찰서 아카사카 미츠케 교번, "13103", 4, 미나토 구 아카사카 3-1-18
아카사카 경찰서 아카사카 고쵸메 교번,"13103",4,미나토구 아카사카 5-5-16
아카사카 경찰서 아카사카 니쵸메 경비 파출소,"13103",6,미나토구 아카사카 2-12-1
아카사카 경찰서 미나미 아오야마 지역 안전 센터, "13103", 8, 미나토 구 미나미 아오야마 6-7-16
아카사카 경찰서 오모테 산도 교번, "13103", 4, 미나토 구 기타 아오야마 3-5-23
도쿄 완간 경찰서 오다이바 해변 공원 역 앞 교번, "13103", 4, 미나토 구 다이바 1-5-2
미타 경찰서 해안 통교번,"13103",4,미나토구 해안 3-14-26
아타고 경찰서 다케시바 교번,"13103",4,미나토구 해안 1-12-2
아자부 경찰서 이치노하시 교번, "13103", 4, 미나토구 히가시 아자부 3-9-11
아자부 경찰서 후루카와바시 지역 안전 센터,"13103",8, 미나토구 미나미아자부 2-15-1
아자부 경찰서 모리오카초 교번,"13103",4,미나토구 미나미아자부 5-6-1
아자부 경찰서 니시 아자부 교번, "13103", 4, 미나토 구 니시 아자부 3-24-20
아자부 경찰서 롯폰기 교번,"13103",4,미나토구 롯폰기 4-9-7
아자부 경찰서 롯폰기 롯초메 교번,"13103",4,미나토구 롯폰기 6-9-7
우시고메 경찰서 가와다마치 교번,"13104",4,신주쿠구 가와다마치 10-9
우시고메 경찰서 도야마초 지역 안전 센터, "13104", 8, 신주쿠구 도야마 2-10-2
우시고메 경찰서 가구라자카 가미 교번,"13104",4,신주쿠구 시라가네초
우시고메 경찰서 대곡 교번,"13104",4,신주쿠구 신오가와초 32
우시고메 경찰서 쓰루마키초 교번,"13104",4,신주쿠구 와세다 쓰루마키초 521
우시고메 경찰서 마바하 교번,"13104",4,신주쿠구 니시와세다 2-12
우시고메 경찰서 하치만 마에 교번,"13104",4,신주쿠구 이치타니혼무라초 1-1
우시고메 경찰서 도미쿠초 교번,"13104",4,신주쿠구 도미쿠초 7-1
우시고메 경찰서 벤텐초 지역 안전 센터,"13104",8, 신주쿠구 벤텐초 177
우시고메 경찰서 야라이초 지역 안전 센터,"13104",8, 신주쿠구 야라이초 27
우시고메 경찰서 야나기마치 교번,"13104",4,신주쿠구 이치야야나기초 6
토츠카 경찰서 시모 오치아이 역 앞 교번, "13104", 4, 신주쿠 구 나카 오치아이 2-8-14
토츠카 경찰서 토츠카 잇쵸메 교번,"13104",4,신주쿠구 니시와세다 1-23-8
도츠카 경찰서 다카다노바바역 앞 교번,"13104",4,신주쿠구 다카다노바바 1-35-3
토츠카 경찰서 상 오치아이 교번, "13104", 4, 신주쿠 구 카미 오치아이 3-4-10
토츠카 경찰서 니시 오치아이 교번, "13104", 4, 신주쿠 구 니시 오치아이 1-26-10
토츠카 경찰서 중 오치아이 교번,"13104",4,신주쿠구 니시오치아이 1-2-11
요 츠야 경찰서 하나조노 교번, "13104", 4, 신주쿠 구 가부키 쵸 1-1-13
요 츠야 경찰서 교엔 오도리 교번, "13104", 4, 신주쿠 구 신주쿠 2-19-9
요 츠야 경찰서 요 츠야 미츠케 교번, "13104", 4, 신주쿠 구 요 츠야 1가 무번지
요 츠야 경찰서 요 츠야 산쵸메 교번, "13104", 4, 신주쿠 구 요 츠야 3-10
요츠야 경찰서 시나노마치 교번,"13104",4,신주쿠구 카스미가오카초 무번지
요 츠야 경찰서 신주쿠 교번, "13104", 4, 신주쿠 구 신주쿠 2-8-1
요 츠야 경찰서 신주쿠 요 쵸메 교번, "13104", 4, 신주쿠 구 신주쿠 4-3-18
요츠야 경찰서 다이쿄초 교번,"13104",4,신주쿠구 다이쿄초 26
요츠야 경찰서 추분 교번,"13104",4,신주쿠구 신주쿠 3-4-4
신주쿠 경찰서 가부키초 교번,"13104",4,신주쿠구 가부키초 2-44-2
신주쿠 경찰서 구마노 신사 마에 교번, "13104", 4, 신주쿠 구 니시 신주쿠 2-11-3
신주쿠 경찰서 신주쿠 역 서쪽 출구 교번, "13104", 4, 신주쿠 구 니시 신주쿠 1 서쪽 출구 지하 1
신주쿠 경찰서 신주쿠 역 동쪽 출구 교번, "13104", 4, 신주쿠 구 신주쿠 3-38-1
신주쿠 경찰서 신주쿠 롯쵸메 교번,"13104",4,신주쿠구 신주쿠 6-14-20
신주쿠 경찰서 나리코자카 교번,"13104",4,신주쿠구 니시신주쿠 6-7-43
신주쿠 경찰서 니시 신주쿠 산쵸메 교번, "13104", 4, 신주쿠 구 니시 신주쿠 3-7-17
신주쿠 경찰서 오쿠보 교번, "13104", 4, 신주쿠 구 오쿠보 2-25-2
신주쿠 경찰서 백인초 교번,"13104",4,신주쿠구 백인초 1-11-18
신주쿠 경찰서 기타 신주쿠 잇쵸메 교번, "13104", 4, 신주쿠 구 기타 신주쿠 1-36-3
신주쿠 경찰서 요도바시 시장 앞 교번,"13104",4,신주쿠구 백인초 3-30-2
고마고메 경찰서 가미 후지마에 교번, "13105", 4, 분쿄구 혼코마고메 5-3-4
고마고메 경찰서 아사카 교번,"13105",4,분쿄구 혼코마고메 1-1-14
고마고메 경찰서 단자자카 교번,"13105",4,분쿄구 센다기 3-31-11
고마고메 경찰 서동자카 교번,"13105",4,분쿄구 혼코마고메 3-18-16
오츠카 경찰 서호 국사 마에 교번, "13105", 4, 분쿄구 오츠카 5-40-7
오츠카 경찰서 에도가와 교번, "13105", 4, 분쿄구 세키구치 1-23-1
오츠카 경찰서 코히나타 지역 안전 센터,"13105",8,분쿄구 가스가 2-8-13
오오츠카 경찰서 오츠카 6초메 교번,"13105",4,분쿄구 오츠카 5-13-11
오츠카 경찰서 메이시로다이 교번, "13105", 4, 분쿄구 메지로다이 1-16-12
오츠카 경찰서 모리 타야 역 앞 교번, "13105", 4, 분쿄구 고이시카와 5-5-7
도미사카 경찰서 고라쿠 교번,"13105",4,분쿄구 고라쿠 2-1-8
도미사카 경찰서 가스가 교번,"13105",4,분쿄구 가스가 1-16-28
도미사카 경찰서 센고쿠 이치쵸메 교번,"13105",4,분쿄구 센고쿠 1-28-6
도미사카 경찰서 다케하야 교번,"13105",4,분쿄구 고히나타 4-1-6
도미사카 경찰서 하쿠산 교번,"13105",4,분쿄구 하쿠산 2-39-1
도미사카 경찰 서림초 교번,"13105",4,분쿄구 센고쿠 1-6-12
혼후지 경찰서 이키자카 교번,"13105",4,분쿄구 혼고 1-11-10
혼후지 경찰 서네즈 교번,"13105",4,분쿄구 네즈 1-18-11
혼후지 경찰서 텐진초 교번,"13105",4,분쿄구 유시마 3-26-10
혼 후지 경찰서 혼고 교번, "13105", 4, 분쿄 구 혼고 4-2-1
혼후지 경찰서 야요이초 교번,"13105",4,분쿄구 야요이 1-1-1
시모야 경찰서 미노와 교번, "13106", 4, 다이토구 류센 2-20-12
시모야 경찰서 하츠네 교번, "13106", 4, 다이토구 타니나카 2-18-9
시모야 경찰서 시미즈자카 지역 안전 센터,"13106",8, 다이토구 우에노 공원 9-83
시모야 경찰서야 나카교번,"13106",4,다이토구 우에노 사쿠라기 2-12-7
시모야 경찰서 이리야 니시 교번, "13106", 4, 다이토구 기타우에노 1-15-6
시모야 경찰서 이리야 히가시 교번,"13106",4,다이토구 마쓰가야 4-26-12
시모야 경찰서 鶯谷駅前交番,"13106",4,타이토구 네기시 1-9-8
우에노 경찰서 이나리초 교번,"13106",4,타이토구 히가시우에노 5-1-1
우에노 경찰서 오카치마치 교번,"13106",4,다이토구 다이토 4-8-4
우에노 경찰서 공원 앞 교번,"13106",4,다이토구 우에노 공원 1-65
우에노 경찰서 구로몬 교번,"13106",4,다이토구 우에노 1-19-13
우에노 경찰서 우에노 역 교번, "13106", 4, 다이토 구 우에노 7-1-1
우에노 경찰서 다이토 교번, "13106", 4, 다이토 구 다이토 1-30-8
우에노 경찰서 이케노바타 교번,"13106",4,타이토구 우에노 공원 2-43
우에노 경찰서 동물원 앞 교번,"13106",4,다이토구 우에노 공원 4-53
아사쿠사 경찰서 하나가와도 교번, "13106", 4, 다이토 구 하나 카와도 1-2-1
아사쿠사 경찰서 관음 전 경비 파출소, "13106", 6, 다이토 구 아사쿠사 2-3-1
아사쿠사 경찰서 요시하라 교번, 「13106」, 4
아사쿠사 경찰서 다리장 교번,"13106",4,다이토구 기요카와 2-1-2
아사쿠사 경찰서 공원 롯쿠 교번, "13106", 4, 다이토 구 아사쿠사 2-6-5
아사쿠사 경찰서 세이텐초 교번,"13106",4,다이토구 아사쿠사 7-2-1
아사쿠사 경찰서 니시 아사쿠사 산쵸메 교번, "13106", 4, 다이토 구 니시 아사쿠사 3-28-21
아사쿠사 경찰서 히가시 아사쿠사 교번, "13106", 4, 다이토 구 히가시 아사쿠사 2-1-1
아사쿠사 경찰서 카미나리몬 교번, "13106", 4, 다이토 구 아사쿠사 1-3-1
구라마에 경찰서 기쿠야바시 교번,"13106",4,다이토구 니시아사쿠사 1-4-4
구라마에 경찰서 코지마 니쵸메 교번,"13106",4,다이토구 코지마 2-18-19
쿠라마에 경찰서 스가바시 교번,"13106",4,다이토구 야나기바시 2-16-12
구라마에 경찰서 아사쿠사바시 지역 안전 센터,"13106",8, 다이토구 아사쿠사바시 5-1-38
쿠라마에 경찰서 쿠라마에 니쵸메 교번,"13106",4,다이토구 쿠라마에 2-15-8
쿠라마에 경찰서 다하라마치 교번,"13106",4,다이토구 니시아사쿠사 1-8-12
무코지마 경찰서 예배교번,"13107",4,스미다구 히가시코지마 2-27-1
무코지마 경찰서 쿄지마 산쵸메 교번,"13107",4,스미다구 쿄지마 3-20-1
무코지마 경찰서 쿄지마 니쵸메 교번,"13107",4,스미다구 쿄지마 2-9-4
무코지마 경찰서 요츠기바시 교번,"13107",4,스미다구 하치히로 6-1-1
무코지마 경찰서 고무라이 교번,"13107",4,스미다 구타치바나 4-2-1
무코지마 경찰서 종가후치역 앞 교번,"13107",4,스미다구 스미다 2-10-15
무코지마 경찰서 히가시 무코지마 교번, "13107", 4, 스미다구 히가시 무코지마
무코지마 경찰서 시라 울바시 교번, "13107", 4, 스미다 구 스미다 1-4-1
무코지마 경찰서 하치히로 요쵸메 교번,"13107",4,스미다구 하치히로 4-12-3
무코지마 경찰서 히라이 다리 교번, "13107", 4, 스미다 구 타치바나 3-29-12
무코지마 경찰서 스미다 지역 안전 센터, "13107", 8, 스미다 구 스미다 4-22-9
무코지마 경찰서 스미다 산쵸메 교번,"13107",4,스미다구 스미다 3-6-17
본소 경찰서 오시아게 역 앞 교번,"13107",4,스미다구 오시아게 1-10-1
본소 경찰서 요코즈나 교번,"13107",4,스미다구 요코즈나 2-3-18
본소 경찰서 요코가와 교번,"13107",4,스미다구 요코가와 4-7-2
본소 경찰서 기쿠가와 니쵸메 교번,"13107",4,스미다구 기쿠가와 2-19-7
본소 경찰서 긴시초역 남쪽 출입구 번, "13107", 4, 스미다구 고토바시 3-14-3처
본소 경찰서 긴시초 역 기타구치 교번,"13107",4,스미다구 긴시 2-2-3
본소 경찰서 고마가타 다리 지역 안전 센터, "13107", 8, 스미다 구 아즈마 다리 1-12-15
본소 경찰서언문 교번,"13107",4,스미다구 무카시마 3-1-1
본소 경찰서 아즈마바시 교번,"13107",4,스미다구 아즈마바시 3-7-1
본소 경찰서 무코지마 교번,"13107",4,스미다구 무카시마 4-1-5
본소 경찰서 강동교 교번,"13107",4,스미다구 초록 4-22-13
본소 경찰서 이시하라 산쵸메 교번,"13107",4,스미다구 이시하라 3-18-2
본소 경찰서 료고쿠 교번,"13107",4,스미다구 료고쿠 1-12-17
혼쇼 경찰서 코바시 지역 안전 센터, "13107", 8, 스미다 구 본소 1-25-9
성동경찰서 카사이바시 니시교번,"13108",4,고토구 히가시사 5-14-1
성동 경찰서 카메이도역 앞 교번,"13108",4,고토구 카메이도 2-21-9
성동 경찰서 카메이도 교번,"13108",4,고토구 카메이도9-5-1
성동 경찰서 모토 하치만 교번,"13108",4,고토구 남사 7-14-16
성동 경찰서 모래초 교번,"13108",4,고토구 기타사 4-20-25
도쿄 완간 경찰서 신키바 에키마에 교번,"13108",4,고토구 신키바 1-5-11
성동경찰서 진개교교, "13108", 4, 고토구 오시마 4-1-35
성동 경찰서 미즈카미 모리 지역 안전 센터, "13108", 8, 고토 구 카메이도 4-11-18
성동 경찰서 오오시마 교번,"13108",4,고토구 오시마 6-1-1
성동 경찰서 텐진바시 교번,"13108",4,고토구 카메이도 3-1-10
성동 경찰서 히가시오시마 에키마에 교번,"13108",4,고토구 오시마 9-3-14
성동경찰서 닛조바시 교번,"13108",4,고토구 남사 3-22-1
성동경찰서번소교교번,"13108",4,고토구 히가시사 2-12-4
성동경찰서 기타사고쵸메 교번,"13108",4,고토구 기타사라 5-20-15
후카가와 경찰서 영대교 지역 안전 센터, "13108", 8, 고토 구 사가 1-1-19
후카가와 경찰서 지에가와 교번,"13108",4,고토구에다가와 1-7-1
후카가와 경찰서 스미요시 교번,"13108",4,고토구 스미요시 2-24-6
후카가와 경찰서 모리시타 교번, "13108", 4, 고토 구 모리시타 3-5-17
후카가와 경찰서 기요 스미 정원 앞 교번, "13108", 4, 고토 구 기요 스미 3-3-32
후카가와 경찰서 치다 교번, "13108", 4, 고토 구 치다 5-7
도쿄 걸프 경찰서 타츠미 교번, "13108", 4, 고토 구 타츠미 1-9-25
도쿄 완간 경찰 서도교 교번, "13108", 4, 고토 구
후카가와 경찰서 도요 교번, "13108", 4, 고토 구 도요 3-22-3
후카가와 경찰서 하마조노바시 지역 안전 센터,"13108",8, 고토구 시오하마 1-3-23
후카가와 경찰서 도요스 교번,"13108",4,고토구 도요스 2-2-12
후카가와 경찰서 몬젠 나카마치 교번, "13108", 4
에바라 경찰서 에바라 나카노베역 앞 교번,"13109",4,시나가와구 나카노베 2-8-1
에바라 경찰서기의 대교번,"13109",4,시나가와구기의 대 2-11-1
에바라 경찰서 미야마에 교번,"13109",4,시나가와구 토요마치 2-1-15
에바라 경찰서 겐지마에 교번,"13109",4,시나가와구 나카노베 6-4-9
에바라 경찰서 도고 코시 교번, "13109", 4, 시나가와 구 도고시 3-9-17
에바라 경찰서 에도미사카 교번,"13109",4,시나가와구 에바라 7-6-7
에바라 경찰서 후타바초 교번,"13109",4,시나가와구 후타바 2-1-12
에바라 경찰서 무사시 고야마 교번,"13109",4,시나가와구 오야마 3-27-1
에바라 경찰서 히라츠카바시 교번,"13109",4,시나가와구 니시나카노부 1-3-24
에바라 경찰서 도요마치 교번,"13109",4,시나가와구 도요마치 5-1-1
오이 경찰서 카시마 신사 마에 교번, "13109", 4, 시나가와 구 오이 7-4-16
오이 경찰서 니시 오이 역 앞 교번, "13109", 4, 시나가와 구 니시 오이 1-3-1
오이 경찰서 니시 오이 지역 안전 센터, "13109", 8, 시나가와 구 니시 오이 4-5-16
오이 경찰서 오이 마치 역 앞 교번, "13109", 4, 시나가와 구 오이 1-2-1
오이 경찰서 미나미 오이 교번, "13109", 4, 시나가와 구 미나미 오이 3-17-1
오이 경찰 서립 회천 교번, "13109", 4, 시나가와 구 미나미 오이 1-12-10
오사키 경찰서 고탄다역 앞 교번,"13109",4,시나가와구 히가시고탄다 1-26-1
오사키 경찰서 니시고탄다 교번,"13109",4,시나가와구 니시고탄다 3-13-11
오사키 경찰서 오사키역 앞 교번,"13109",4,시나가와구 오사키 1-6-6
오사키 경찰서 나카하라구치 교번,"13109",4,시나가와구 니시고탄다 7-22-11
오사키 경찰서 메구로역 앞 교번,"13109",4,시나가와구 가미오사키 2-16-9
도쿄 걸프 경찰서 오이 부두 지역 안전 센터, "13109", 8, 시나가와 구 야시오 3-1-12
도쿄 만안 경찰서 제5대장 교번,"13109",4,시나가와구 히가시시나가와 5-8-4
오이 경찰서 야시오 단지 교번,"13109",4,시나가와구 야시오 5-5-5
시나가와 경찰서 고텐야마 교번,"13109",4,시나가와구 기타시나가와 6-7-21
시나가와 경찰서 미츠기 교번,"13109",4,시나가와구 니시시나가와 2-6-12
시나가와 경찰서 아오모리 요코초역 앞 교번,"13109",4,시나가와구 미나미시나가와 2-5-9
시나가와 경찰서 다이바 교번,"13109",4,시나가와구 기타시나가와 1-29-8
시나가와 경찰서 텐노즈 교번,"13109",4,시나가와구 히가시시나가와 2-2-17
시나가와 경찰서 니카이치 지역 안전 센터,"13109",8,시나가와구 미나미시나가와 6-6-7
비문곡 경찰서 감의 기자카 교번,"13110",4,메구로구 히가시가오카 1-6-11
비문 야 경찰서 학예 대학 역 앞 교번, "13110", 4, 메구로 구 타카 번 3-2-1
비문곡 경찰서 하라마치 교번,"13110",4,메구로구 하라마치 2-18-6
비문곡 경찰서 지유가오카 교번,"13110",4,메구로구 지유가오카 1-30-2
비문곡 경찰서 나카네 교번,"13110",4,메구로구 나카네 1-21-16
비문 야 경찰 서도립 대학 역 앞 교번, "13110", 4, 메구로 구 나카네 1-3-2
비문 골 경찰서 비문 골 지역 안전 센터, "13110", 8, 메구로 구 비문 5-6-1
비문 야 경찰서 혼마치 지역 안전 센터, "13110", 8, 메구로 구 메구로 혼마치 5-15-4
비문야 경찰서 혼마치 니쵸메 교번,"13110",4,메구로구 메구로혼마치 2-6-17
비문야 경찰서 혼마치 롯쵸메 교번,"13110",4,메구로구 메구로혼마치 6-24-11
비문곡 경찰서 미도리가오카 교번,"13110",4,메구로구 미도리가오카 1-6-13
메구로 경찰서 시모 메구로 교번, "13110", 4, 메구로 구 시모 메구로 1-6-18
메구로 경찰서 고혼 기 지역 안전 센터, "13110", 8, 메구로 구 고본 기 2-53-8
메구로 경찰서 미타 교번, "13110", 4, 메구로 구 미타 1-4-5
메구로 경찰서 스쿠야마 교번, "13110", 4, 메구로 구 카미 메구로 5-5-9
메구로 경찰서 카미 메구로 지역 안전 센터, "13110", 8, 메구로 구 카미 메구로 4-4-25
메구로 경찰서 오하시 교번, "13110", 4, 메구로 구 오하시 2-16-23
메구로 경찰서 타니 도마에 지역 안전 센터, "13110", 8, 메구로 구 나카 메구로 5-21-10
메구로 경찰서 나카 메구로 역 앞 교번, "13110", 4, 메구로 구 카미 메구로 1-26-1
메구로 경찰서 유면 교번, "13110", 4, 메구로 구 메구로 4-26-6
메구로 경찰서 유텐지 에키마에 교번, "13110", 4, 메구로구 유텐지 2-13-3
가마타 경찰서 가마타역 니시구치 교번,"13111",4
가마타 경찰서 가마타역 동쪽 출구 교번, "13111", 4, 대전구 가마타 5-13-1-101
가마타 경찰서 게이큐 가마타역 앞 교번,"13111",4,대전구 가마타 4-50-1
가마타 경찰서 홀 모리이나 리역 앞 지역 안전 센터, "13111", 8, 대전 구 하네다 4-6-2
가마타 경찰서 잡색 교번,"13111",4,대전구 히가시로쿠고 2-18-8
가마타 경찰서 니시 카마타 교번, "13111", 4, 대전구 니시 가마타 4-4-10
가마타 경찰서 니시 로쿠 잇쵸메 지역 안전 센터, "13111", 8, 오타 구 니시 로쿠고 1-4-15
가마타 경찰서 니시로쿠고 교번, "13111", 4, 대전구 니시로쿠고 2-37-5
가마타 경찰서 오도리 교번,"13111",4,대전구 하네다 1-1-1
가마타 경찰서 히가시로쿠고 교번, "13111", 4, 대전구 히가시로쿠고 3-6-2
가마타 경찰서 히가시노오야 지역안전센터,"13111",8
가마타 경찰서 일출 교번,"13111",4,대전구 니시보야
가마타 경찰서 北糀谷交番,"13111",4,오타구 오모리 미나미 1-24-6
가마타 경찰서 혼하네다 교번,"13111",4,오타구 혼하네다 2-2-17
오모리 경찰서 산노 교번, "13111", 4, 대전구 산노 2-17-10
오모리 경찰서 가스가 바시 교번, "13111", 4, 오타 구 중앙 2-1-1
오모리 경찰서 모리가사키 교번, "13111", 4, 오타구 오모리 미나미 2-4-8
오모리 경찰서 오모리 역 앞 교번, "13111", 4, 오타 구 오모리 기타 1-6-16
오모리 경찰서 오모리 해안 교번, "13111", 4, 오타구 오모리 혼마치 1-11-1
오모리 경찰서 오모리 히가시 지역 안전 센터, "13111", 8, 오타 구 오모리 히가시 4-19-31
오모리 경찰서 타니도 교번,"13111",4,오타구 오모리니시 5-27-8
오모리 경찰서 하치 케이엔 지역 안전 센터, "13111", 8, 대전 구 산노 2-31-9
오모리 경찰서 헤이와지마 지역 안전 센터,"13111",8,오타구 헤이와지마 6-1-100
이케가미 경찰서 가스교 교번,"13111",4,대전구 시모마루코 3-30-3
이케가미 경찰 서구가하라 교번,"13111",4,오타구 히사가하라 3-28-10
이케가미 경찰서 미모토 마츠 교번, "13111", 4, 대전 구 기타 마고 2-28-6
이케가미 경찰서시 노쿠라 교번,"13111",4,오타구 중앙 6-8-6
이케가미 경찰서 니시마고메 교번, "13111", 4, 대전구 니시마고메 2-2-1
이케가미 경찰서 치토리 교번, "13111", 4, 대전구 치토리 3-19-1
이케가미 경찰서 타마가와 오하시 교번, "13111", 4, 대전구 야구치 3-16-6
이케가미 경찰서 이케가미 에키마에 교번,"13111",4,오타구 이케가미 6-3-10
이케가미 경찰서 미나미마고메 교번,"13111",4,오타구 미나미마고메 4-29-1
이케가미 경찰서 야구치 지역 안전 센터, "13111", 8, 대전구 야구치 1-2-6
이케가미 경찰서 렌 누마 교번, "13111",4
덴엔 조후 경찰서 가마노기 역 앞 교번
시골 조후 경찰서 마루코 다리 교번, "13111", 4, 대전구 시골 조후 1-54-2
덴엔 조후 미나미마치 모임 만남 안심 센터,"13111",8,오타구 덴엔 조후 미나미 23-15
전원 조후 경찰서 이시카와다이 교번,"13111",4,오타구 히가시유키야 2-8-6
시골 조후 경찰서 세족지 교번,"13111",4,오타구 미나미센다카 2-1-5
시골 조후 경찰서 오오카야마 에키마에 교번, "13111",4
덴엔 조후 경찰서 덴엔 쵸후 에키마에 교번, "13111", 4, 대전구 덴엔 쵸후
시골 조후 경찰서 도도바시 교번,"13111",4,오타구 나카이케가미 1-24-1
전원 조후 경찰서 미나미 센다쿠 지역 안전 센터, "13111", 8, 대전 구 카미 이케 다이 1-6-1
도쿄 공항 경찰서 국제선 터미널 교번,"13111",4,오타구 하네다 공항 2-6-5
도쿄 공항 경찰서 제1터미널 교번,"13111",4,오타구 하네다 공항 3-3-2
도쿄 공항 경찰서 제2터미널 교번,"13111",4,오타구 하네다 공항 3-4-2
도쿄 공항 경찰서 벤텐바시 교번,"13111",4,오타구 하네다 공항 1-1-1 앞
오모리 경찰서 게이 힌지마 지역 안전 센터, "13111", 8, 오타 구 게이 힌지마 3-3-9
도쿄 완간 경찰서 대전 시장 앞 교번, "13111", 4, 대전구 도카이 3-2-1
타마가와 경찰서 오쿠자와역 앞 교번,"13112",4,세타가야구 오쿠자와 2-9-20
다마가와 경찰서 9품 불교번,"13112",4,세타가야구 오쿠자와 7-34-1
타마가와 경찰서 우에노모 교번,"13112",4,세타가야구 우에노모 1-26-7
다마가와 경찰서 후카사와 교번,"13112",4,세타가야구 후카사와 5-5-19
타마가와 경찰서 세타 교번,"13112",4,세타가야구 세타 2-31-25
다마가와 경찰서 히가시타마가와 교번,"13112",4,세타가야구 히가시타마가와 1-32-9
다마가와 경찰서 후타코 타마가와 교번,"13112",4,세타가야구 타마가와 2-21-3
타마가와 경찰서 마사 공원 앞 주재소,"13112",5
타마가와 경찰서 오야마다이역 앞 교번, "13112", 4, 세타가야구 등도력 5-5-7
다마가와 경찰서 용가 교번, "13112", 4, 세타가야 구 용가 4-10-1
세타가야 경찰서 시모마 4초메 교번, "13112", 4, 세타가야구 시모마 4-13-5
세타가야 경찰서 사쿠라오카 교번, "13112", 4, 세타가야구 사쿠라오카 5-17-17
세타가야 경찰서 산겐 자야 교번, "13112", 4, 세타가야구 타이코도 4-22-1
세타가야 경찰서 미주쿠 교번, "13112", 4, 세타가야구 이케지리 2-4-15
세타가야 경찰서 와카바야시 교번, "13112", 4, 세타가야구 가미마 5-40-18
세타가야 경찰서 마츠가오카 교번, "13112 ",4,세타가야구 벚꽃 3-1-1
세타가야 경찰서 가미마 교번, "13112", 4, 세타가야구 가미마 4-2-1
세타가야 경찰서 세타가야 교번,"13112",4,세타가야구 세타가야 4-7-10
세타가야 경찰서 태자당 지역안전센터,"13112",8,세타가야구 태자당 3-18-1
세타가야 경찰서 노자와 지역 안전 센터, "13112", 8, 세타가야 구 노자와 4-1-18
세이 성 경찰서 아시카 공원 지역 안전 센터, "13112", 8
세이조 경찰서 오야마 시모야도 지역 안전 센터, "13112", 8, 세타가야구 미나미카야마 3-10-8
세이조 경찰서 카라스야마 교번, "13112", 4, 세타가야구 미나미카야마 4-13-7
세이조 경찰서 키타미역 앞 교번,"13112",4,세타가야구 키타미 9-2-32
세이조 경찰서 급전 교번,"13112",4,세타가야구 급전 4-9-1
세이조 경찰서 사쿠라 가미즈 교번, "13112", 4, 세타가야구
세이조 경찰서 카미키타자와역 앞 교번,"13112",4,세타가야구 카미키타자와 3-33-11
세이조 경찰서 세이조 교번,"13112",4,세타가야구 세이조 2-39-8
세이조 경찰서 치토세 후나바시역 앞 교번, "13112", 4, 세타가야구 후나바시 1-9-47
세이조 경찰서 치토세다이 교번,"13112",4,세타가야구 치토세다이 6-17-15
세이조 경찰서 후나바시 교번,"13112",4,세타가야구 후나바시 6-26-10
세이조 경찰서 조사야 오조 교번,"13112",4,세타가야구 조사야 1-8-12
세이조 경찰서 조사야 지역 안전 센터,"13112",8,세타가야구 조사야 2-5-3
세이조 경찰서 오쿠라 니쵸메 교번,"13112",4,세타가야구 오쿠라 2-6-6
세이조 경찰서 도호마에 교번,"13112",4,세타가야구 키타미 6-10-11
기타자와 경찰서 하네기 교번,"13112",4,세타가야구 하네기 2-8-4
기타자와 경찰서 하타자와 교번, "13112", 4, 세타가야구 기타자와 2-8-11
기타자와 경찰서 미야마에바시 교번,"13112",4,세타가야구 다이다 3-52-14
기타자와 경찰서 경당역 앞 교번,"13112",4,세타가야구 경당 1-20-8
키타자와 경찰서 아카마츠 교번
키타자와 경찰서 아카미쓰리 교번,"13112",4
키타자와 경찰서 아와시마 통교번,"13112",4,세타가야구 다이자와 3-14-1
하라주쿠 경찰서 하라주쿠 지역 안전 센터, "13113", 8, 시부야 구 진구 마에 3-1-30
하라주쿠 경찰서 센다가야 고쵸메 교번,"13113",4,시부야구 센다가야 5-27-1
하라주쿠 경찰서 진구마에 교번,"13113",4,시부야구 진구마에 4-25-19
하라주쿠 경찰서 센다가야 역 앞 교번,"13113",4,시부야구 센다가야 1-35-7
하라주쿠 경찰서 요요 기역 앞 교번, "13113", 4, 시부야 구 요요 기 1-32-2
하라주쿠 경찰서 요요기 니쵸메 교번,"13113",4,시부야구 요요기 2-13-9
시부야 경찰서 우다가와 교번,"13113",4,시부야구 우다가와초 31-6
시부야 경찰서 에비스 역 앞 교번,"13113",4,시부야구 에비스 미나미 1-5-5
시부야 경찰서 에비스 4초메 교번,"13113",4,시부야구 에비스 4-21-11
시부야 경찰서 히로오 고쵸메 교번,"13113",4,시부야구 히로오 5-20-6
시부야 경찰서 시부야 에키마에 교번,"13113",4,시부야구 도겐자카 2-1-1
시부야 경찰서 상반송교번,"13113",4,시부야구 히가시4-2-1
시부야 경찰서 다이칸야마 교번,"13113",4,시부야구 사루라쿠초 30-5
시부야 경찰서 동교번,"13113",4,시부야구 히가시2-23-1
시부야 경찰 서도 겐자카가미 교번,"13113",4,시부야구 마루야마초 3-7
시부야 경찰서일 적병원 앞 교번,"13113",4,시부야구 히로오 3-8-8
시부야 경찰서 하치야마 교번,"13113",4,시부야구 하치야마초 2-2
요요기 경찰서 사사즈카 교번,"13113",4,시부야구 사사즈카 2-14-1
요요기 경찰서 하츠다이역 앞 교번,"13113",4,시부야구 혼마치 1-1-10
요요기 경찰서 하츠다이 2초메 교번,"13113",4,시부야구 하쓰다이 2-26-4
요요기 경찰서 시미즈바시 교번,"13113",4,시부야구 혼마치 3-11-2
요요기 경찰서 요요기 공원 교번,"13113",4,시부야구 신난 2-3-19
요요 기 경찰서 요요 기 지역 안전 센터, "13113", 8, 시부야 구 요요 기 3-37-3
요요기 경찰서 하타가야역 앞 교번,"13113",4,시부야구 하타가야 1-5-5
요요기 경찰서 부동전 교번,"13113",4,시부야구 혼마치 6-11-1
나카노 경찰서 스바시 지역 안전 센터,"13114",8,나카노구 야요이초 5-25-14
나카노 경찰서 성산 지역 안전 센터,"13114",8,나카노구 중앙 3-13-14
나카노 경찰서 와세다 도오리 교번,"13114",4,나카노구 나카노 5-5-13
나카노 경찰서 중앙 고쵸메 교번,"13114",4,나카노구 중앙 5-14-1
나카노 경찰서 나카노역 앞 교번,"13114",4,나카노구 나카노 2-25-7
나카노 경찰서 나카노자카카미 교번,"13114",4,나카노구 혼마치 1-32-3
나카노 경찰서 히가시나카노역 앞 교번,"13114",4,나카노구 히가시나카노 1-50-6
나카노 경찰서 나베야 요코초 교번,"13114",4,나카노구 중앙 3-33-3
나카노 경찰서 미나미다이 교번,"13114",4,나카노구 야요이초 5-1-16
나카노 경찰서 혼고도리 교번,"13114",4,나카노구 야요이초 2-4-10
노호 경찰서 집 정통 교번, "13114", 4, 나카노 구 와카미야 3-22-1
노카타 경찰서 마루야마 지역 안전 센터, "13114", 8, 나카노 구 노카타 4-44-12
노가타 경찰서 강원초 교번,"13114",4,나카노구 강원초 3-12-16
노카타 경찰서 에코다 4초메 교번,"13114",4,나카노구 에코다 4-1-3
노카타 경찰서 사사미야역 앞 교번,"13114",4,나카노구 사노미야 4-1-14
노호 경찰서 사미야 록쵸메 교번,"13114",4,나카노구 사미야 6-28-21
노카타 경찰서 와카미야 교번,"13114",4,나카노구 와카미야 2-16-5
노호 경찰서 누마부쿠로 교번,"13114",4,나카노구 누마부쿠로 1-35-1
노카타 경찰서 가미타카다 교번,"13114",4,나카노구 가미타카다 3-1-16
노카타 경찰서 노가타 쵸메 교번,"13114",4,나카노구 노가타 1-53-8
노호 경찰서 노가타 역 앞 교번, "13114", 4, 나카노 구 노카타 5-32-16
노카타 경찰서 약사역 앞 교번,"13114",4,나카노구 아라이 5-29-1
오기쿠보 경찰서 이오기역 앞 교번,"13115",4,스기나미구 시모이쿠사 5-23-14
오기쿠보 경찰서 오기쿠보역 남쪽 출구 교번,"13115",4,스기나미구 오기쿠보5-31
오기쿠보 경찰서 오기쿠보역 북쪽 출입구, "13115",4
오기쿠보 경찰서 오기쿠보 고쵸메 교번,"13115",4,스기나미구 오기쿠보5-3-8
오기쿠보 경찰서 시모이쿠사역 앞 교번,"13115",4,스기나미구 시모이쿠사 2-44
오기쿠보 경찰서 이마가와 교번,"13115",4,스기나미구 우에이쿠사 2-7-8
오기쿠보 경찰서 우에이쿠사역 앞 교번,"13115",4,스기나미구 우에이쿠사 3-32-3
오기쿠보 경찰서 시미즈 지역 안전 센터,"13115",8, 스기나미구 시미즈 3-21-30
오기쿠보 경찰서 니시오기쿠보 교번, "13115", 4, 스기나미구 니시오기키타
오기쿠보 경찰서 젠후쿠지 교번, "13115", 4, 스기나미구 젠후쿠지 1-34-19
오기쿠보 경찰서 지조자카 지역 안전 센터, "13115", 8, 스기나미구 니시오기키타 4-34-9
오기쿠보 경찰서 덴누마 교번, "13115", 4, 스기나미구 혼텐누마 2-5-1
오기쿠보 경찰서 모모이 요쵸메 교번,"13115",4,스기나미구 모모이 4-3-3
다카이도 경찰서 에이후쿠마치 에키마에 교번,"13115",4,스기나미구 에이후쿠 2-60-30
다카이도 경찰서 시타 타카이도 교번, "13115", 4, 스기나미구 시모타카 우물 1-9-9
다카이도 경찰서 구가야마 교번,"13115",4,스기나미구 구가야마 3-23-20
다카이도 경찰서 다카이도 니시 교번, "13115",4
다카이도 경찰서 다카이도 히가시 지역 안전 센터, "13115", 8, 스기 나미 구 다카이도 히가시 3-29-24
다카이도 경찰서 소겐지 마에 교번, "13115", 4, 스기나미구 시모타카 우물 4-2-2
다카이도 경찰서 카미 타카 우물 교번, "13115", 4, 스기 나미 구 카미 타카 우물 1-13-2
다카이도 경찰서 니시나가후쿠역 앞 교번,"13115",4,스기나미구 에이후쿠 3-36-1
다카이도 경찰서 니시 오기 미나미 교번, "13115", 4, 스기 나미 구 니시 오기 미나미 2-1-2
다카이도 경찰 서천 미나미 교번, "13115", 4, 스기나미구 이즈미 1-31-6
다카이도 경찰서 하마다 산 교번, "13115", 4, 스기나미 구 하마다 산 4-15-2
다카이도 경찰서 이즈미 교번,"13115",4,스기나미구 방남 2-29-24
다카이도 경찰서 이즈미 지역 안전 센터, "13115", 8, 스기나미 구 이즈미 2-5-10
스기나미 경찰서 아사야역 앞 교번,"13115",4,스기나미구 아사야 미나미 3-36-1
스기나미 경찰서 아사야 기타 교번,"13115",4,스기나미구 아사야 기타4-29-10
스기나미 경찰서 고엔지역 앞 교번,"13115",4,스기나미구 고엔지 기타2-5-1
스기나미 경찰서 고엔지 교번,"13115",4,스기나미구 고엔지 미나미 1-11-1
스기나미 경찰서 고엔지 미나미욘쵸메 교번,"13115",4,스기나미구 고엔지 미나미4-12-9
스기나미 경찰서 마츠노기 지역 안전 센터,"13115",8,스기나미구 마츠노기 2-35-9
스기나미 경찰서 신코엔지역 앞 교번,"13115",4,스기나미구 고엔지 미나미 2-16-3
스기나미 경찰서 성종 교번,"13115",4,스기나미구 아사야 미나미 3-12-2
스기나미 경찰서 나리타 교번,"13115",4,스기나미구 나리타히가시 3-7-5
스기나미 경찰서 히가시타마치 교번,"13115",4,스기나미구 나리타히가시 4-34-16
스기나미 경찰서 호리노우치 교번,"13115",4,스기나미구 호리노우치 3-49-26
스기나미 경찰서 와다 혼마치 교번,"13115",4,스기나미구 와다 1-2-8
스가모 경찰서 선샤인 앞 교번,"13116",4,도시마구 히가시이케부쿠로 3-1-7
스가모 경찰서 고마고메 역 앞 교번, "13117", 4, 도시마구 고마고메 2-2-1
스가모 경찰서 미코코즈카 교번,"13116",4,토시마구 니시스가모3-20-14
스가모 경찰서 스가모역 앞 교번,"13116",4,토시마구 스가모 2-1-1
스가모 경찰서 스가모 무카하라 지역 안전 센터,"13116",8, 도시마구 히가시이케부쿠로 2-1-1
스가모 경찰서 오츠카역 앞 교번,"13116",4,토시마구 미나미오츠카 3-33-1
이케부쿠로 경찰서 카미 이케부쿠로 교번, "13116", 4, 도시마구 카미이케부쿠로 3-47-6
이케부쿠로 경찰서 니시 이케부쿠로 지역 안전 센터, "13116", 8, 도시마 구 니시 이케부쿠로 3-10-7
이케부쿠로 경찰서 가와고에 통 교번, "13116", 4, 도시마구 이케부쿠로 혼마치 2-1-3
이케부쿠로 경찰서 이케부쿠로 역 서쪽 출구 교번, "13116",4, 도시마구 니시이케부쿠로 1-26-3
이케부쿠로 경찰서 이케부쿠로 역 동쪽 출구 교번, "13116", 4, 도시마 구 미나미 이케부쿠로 1-27-7
이케부쿠로 경찰서 이케부쿠로 후타마타 교번, "13116", 4, 도시마구 니시이케부쿠로 5-1-11
이케부쿠로 경찰서 이케부쿠로 혼마치 교번, "13116",4, 도시마구 이케부쿠로 혼마치 3-13-1
이케부쿠로 경찰서 히가시 이케부쿠로 교번, "13116", 4, 도시마 구 히가시 이케부쿠로 4-7-9
이케부쿠로 경찰서 헤이와도리 교번,"13116",4,토시마구 이케부쿠로 2-48-1
이케부쿠로 경찰서 6 츠마타 교번, "13116", 4, 도시마구 히가시이케부쿠로 1-34-1
메지로 경찰서 잡지가 다니 교번,"13116",4,토시마구 미나미이케부쿠로 4-25-3
메지로 경찰서 수도단 지역 안전 센터, "13116", 8, 도시마구 나가사키 5-21-5
메지로 경찰서 치카와 교번, "13116", 4, 도시마구 요마치 3-1-15
메지로 경찰서 센토세바시 교번,"13116",4
메지로 경찰서 나가사키 지역 안전 센터, "13116", 8, 도시마구 나가사키 2-21-3
메지로 경찰서 시이나 마치 역 앞 교번, "13116", 4, 도시마구 나가사키 1-9-30
메지로 경찰서 히가시 나가사키 역 앞 교번, "13116", 4, 도시마 구 미나미 나가사키 5-33-7
메지로 경찰서 미나미 이케부쿠로 교번, "13116", 4, 도시마구 미나미 이케부쿠로 3-13-10
메지로 경찰서 미나미 나가사키 교번, "13116", 4, 도시마구 미나미나가사키 3-2-1
메지로 경찰서 메지로 역 앞 교번, "13116", 4, 도시마 구 메지로 3-3-1
메지로 경찰서 요마치 교번,"13116",4,토시마구 니시이케부쿠로 5-25-5
왕자 경찰서 왕자역 앞 교번,"13117",4,기타구 왕자 1-4-12
왕자 경찰서 왕자 고쵸메 교번,"13117",4,기타구 왕자 5-4-55
왕자 경찰서 왕자 혼마치 교번,"13117",4,기타구 오지 혼마치 1-18-5
왕자 경찰서 주조 역 앞 교번,"13117",4,기타구 카미쥬조 2-27-15
왕자 경찰서 주조 나카하라 교번,"13117",4,기타구 주조 나카하라 3-14-3
왕자 경찰서 중주조 교번,"13117",4,기타구 중주조 2-10-1
왕자 경찰서 동주조 교번,"13117",4,기타구 동주조 3-14-5
아카바네 경찰서 이와부치 교번,"13117",4,기타구 이와부치초 41-1
아카바네 경찰서 미야호리 교번,"13117",4,기타구 카미야 3-1
아카바네 경찰서 시모 지역 안전 센터, "13117", 8, 기타 구 아카바네 미나미 1-16-25
아카바네 경찰서 시모 시쵸메 교번,"13117",4,기타구 시모 4-11-2
아카바네 경찰서 니시가오카 교번,"13117",4,기타구 니시가오카 1-44-10
아카바네 경찰서 아카바네 역 앞 교번, "13117", 4, 기타 구 아카바네 1-1-3
아카바네 경찰서 아카바네 니시 교번, "13117", 4, 기타 구 아카바네 니시 2-18-19
아카바네 경찰서 아카바네 기타 교번, "13117", 4, 기타 구 아카바네 기타 2-32-9
아카바네 경찰서 부간 교번,"13117",4,기타구 부간 4-13-20
아카바네 경찰서 호젠지 교번,"13117",4,기타구 아카바네다이 3-24-3
타키노가와 경찰서 고요노다이 지역 안전 센터,"13117",8,기타구 타키노가와 5-12-7
타키노가와 경찰서 니시가하라 교번,"13117",4,기타구 니시가하라 1-19-10
타키노가와 경찰서 타키노가와 잇쵸메 교번,"13117",4,기타구 타키노가와 1-86-18
타키노가와 경찰서 나카사토 교번,"13117",4,기타구 나카사토 1-11-1
타키노가와 경찰서 타바타 다카다이 교번,"13117",4,기타구 타바타 6-3-1
타키노가와 경찰서 히가시타바타 교번,"13117",4,기타구 히가시타바타 1-16-8
타키노가와 경찰서 이타바시역 동쪽 출구 교번,"13117",4,기타구 타키노가와 7-4-1
타키노가와 경찰서 아스카야마 교번,"13117",4,기타구 오지 1-1-15
타키노가와 경찰서 오오쿠역 앞 교번,"13117",4,기타구 쇼와초 1-2-1
아라카와 구 협전 안전 · 안심 스테이션, "13118", 8, 아라카와 구 아라카와 2-27-2
아라카와 경찰서 아라카와 고쵸메 교번,"13118",4,아라카와구 아라카와 5-1-1
아라카와 구 아라키다 안전 · 안심 스테이션, "13118", 8, 아라카와 구 마치야 6-1-16
아라카와 경찰서 미카와지마역 앞 교번,"13118",4,아라카와구 니시닛포리 1-6-8
아라카와 경찰서 니시 닛포리 역 앞 교번, "13118", 4, 아라카와 구 니시 닛포리 3-5-1
아라카와 경찰서 니시 닛포리 롯쵸메 교번, "13118", 4, 아라카와 구 니시 닛포리 6-5-7
아라카와 경찰서 마치야 교번,"13118",4,아라카와구 마치야 1-1-5
아라카와 구 마치야 안전 · 안심 스테이션, "13118", 8, 아라카와 구 마치야 2-20-13
아라카와 경찰서 히가시 닛포리 교번, "13118", 4, 아라카와 구 히가시 닛뽀리 2-27-3
아라카와 경찰서 닛포리역 앞 교번,"13118",4,아라카와구 니시닛포리 2-19-7
미나미 센주 경찰서 텐노 마에 교번, "13118", 4, 아라카와 구 미나미 센주 6-60-17
미나미 센주 경찰서 미나미 센주 이치 쵸메 교번, "13118", 4, 아라카와 구 미나미 센주 1-56-11
미나미 센주 경찰서 미나미 센주 역 동쪽 출구 교번, "13118", 4, 아라카와 구 미나미 센주 4-1-2
미나미 센주 경찰서 미나미 센주 산쵸메 교번, "13118", 4, 아라카와 구 미나미 센주 3-2-10
미나미 센주 경찰서 미나미 센주 지역 안전 센터, "13118", 8, 아라카와 구 미나미 센주 3-24-4
미나미 센주 경찰서 미나미 센주 핫초메 교번, "13118", 4, 아라카와 구 미나미 센주 8-4-6
다카시마다이라 경찰서 아카츠카 교번,"13119",4,이타바시구 아카츠카 1-7-3
다카시마다이라 경찰서 다카시마다이라 에키마에 교번,"13119",4,이타바시구 다카시마다이라 2-34-1
다카시마다이라 경찰서 사사메 다리 교번,"13119",4,이타바시구 다카시마다이라 6-1-1
다카시마다이라 경찰서 마츠즈키인 앞 교번,"13119",4,이타바시구 아카츠카 8-3-3
다카시마다이라 경찰서 아카츠카 교번,"13119",4,이타바시구 아카츠카 3-41-1
다카시마 히라 경찰서 신카와 기시 교번, "13119", 4, 이타바시 구 신카와 기시
다카시마다이라 경찰서 나리마스역 앞 교번,"13119",4,이타바시구 나리마사 2-15-21
다카시마다이라 경찰서 니시다이역 앞 교번,"13119",4,이타바시구 다카시마다이라 1-80-17
다카시마 히라 경찰서 아카츠카 교번, "13119", 4, 이타바시 구 나리 마사 2-5-8
다카시마다이라 경찰서 기타노 교번,"13119",4,이타바시구 도쿠마루 2-3-10
시무라 경찰서 도다바시 지역 안전 센터, "13119", 8, 이타바시 구 후나토 3-24
시무라 경찰서 사카시타 교번,"13119",4,이타바시구 사카시타 3-22-12
시무라 경찰서 사카가미 교번,"13119",4,이타바시구 시무라 2-3-1
시무라 경찰서 쇼두자와 교번,"13119",4,이타바시구 렌누마초 83-5
시무라 경찰서 시미즈초 교번,"13119",4,이타바시구 시미즈초 75-5
시무라 경찰서 니시다이 교번,"13119",4,이타바시구 니시다이 3-17-5
시무라 경찰서 마에노마치 교번,"13119",4,이타바시구 마에노초 1-31-4
시무라 경찰서 나카다이 교번,"13119",4,이타바시구 나카다이 1-45-11
시무라 경찰서 나카다이 산쵸메 교번,"13119",4,이타바시구 나카다이 3-27-5
시무라 경찰서 기타마에노 지역 안전 센터,"13119",8,이타바시구 마에노초 4-15
시무라 경찰서 연근 교번,"13119",4,이타바시구 연근 2-6-3
이타바시 경찰서 카가 교번, "13119", 4, 이타바시 구 카가 1-10-4
이타바시 경찰서 구마노마치 교번,"13119",4,이타바시구 구마노마치 11-9
이타바시 경찰 서향원 지역 안전 센터, "13119", 8, 이타바시 구 무라하라 1-4-14
이타바시 경찰서 카미 이타바시 역 앞 교번, "13119", 4, 이타바시 구 토키와 다이 4-32-2
이타바시 경찰서 도키와다이 교번,"13119",4,이타바시구 도키와다이 1-43-1
이타바시 경찰서 오야마초 교번,"13119",4,이타바시구 오야마초 33-7
이타바시 경찰서 오타니구치 교번,"13119",4,이타바시구 오타니구치 1-4-9
이타바시 경찰서 나카이타바시 교번,"13119",4,이타바시구 야요이초 33-2
이타바시 경찰서 히가시야마초 교번,"13119",4,이타바시구 히가시야마초 48-4
이타바시 경찰서 이타바시 혼마치 교번,"13119",4,이타바시구 혼마치 25-11
이타바시 경찰서 후지미 교번,"13119",4,이타바시구 후지미 20-22
이타바시 경찰서 히라오 교번,"13119",4,이타바시구 이타바시 1-42-7
이타바시 경찰서 모로 교번,"13119",4,이타바시구 고모네 4-7-1
이타바시 경찰서 양육원 앞 교번,"13119",4,이타바시구 사카에마치 35-3
히카리가오카 경찰서 히카리가오카 공원 지역 안전 센터, "13120", 8, 네리마 구 히카리가오카
히카리가오카 경찰서 히카리가오카 산쵸메 교번,"13120",4,네리마구 히카리가오카 3-3-1
히카리가오카 경찰서 미하라 다이 교번, "13120", 4, 네리마 구 타니하라 6-9-2
히카리가오카 경찰 서야하라 교번, "13120", 4, 네리마구 타카노다이 2-2624-6
히카리가오카 경찰 서전 무늬 교번, "13120",4
히카리가오카 경찰서 토시다 교번,"13120",4,네리마구 아사히초 1-42-9
히카리가오카 경찰서 후지미다이 지역 안전 센터,"13120",8,네리마구 후지미다이 2-18-24
히카리가오카 경찰서 기타마치 교번,"13120",4,네리마구 기타마치 1-14-6
히카리가오카 경찰서 네리마 타카노다이역 앞 교번, "13120", 4, 네리마구 타카노다이 1-7-28
이시가미 경찰서 시모이시 카미이 안전 센터, "13120", 8, 네리마 구 이시가미 쵸 5-11-6
이시가미 경찰서 세키마치 교번,"13120",4,네리마구 세키마치 미나미 3-12-24
이시가미 경찰서 카미이시 카미이 에키마에 교번,"13120",4,네리마구 카미이시 카미이 4-1-16
이시가미 경찰서 니시오이즈미 교번,"13120",4,네리마구 니시오이즈미 2-16-28
이시가미 경찰서 이시카미역 앞 교번,"13120",4,네리마구 이시가미마치 3-23-10
이시가미 경찰서 오이즈미 가쿠엔 에키마에 교번,"13120",4,네리마구 히가시오이즈미 5-42-1
이시가미 경찰서 오이즈미 학원 교번,"13120",4,네리마구 오이즈미 가쿠엔초 4-27-18
이시가미 경찰서 히가시오이즈미 주재소,"13120",5,네리마구 히가시오이즈미 2-8-2
이시가미 경찰서 미나미오이즈미 교번,"13120",4,네리마구 미나미오이즈미4-29-11
이시가미 경찰서 후지 가도 교번,"13120",4,네리마구 이시카미이다이 6-15-3
이시가미 경찰서 무사시 세키역 앞 교번,"13120",4,네리마구 세키마치 기타2-28-21
이시가미 경찰서 기타오이즈미 교번,"13120",4,네리마구 오이즈미초 4-15-9
네리마 경찰서 하와자와 교번,"13120",4,네리마구 하와사와 2-2-4
네리마 경찰서 시나이 교번, "13120", 4, 네리마 구 시나이 2-31-17
네리마 경찰서 에코다 에키마에 교번, "13120", 4, 네리마구 아사히오카 1-78-7
네리마 경찰서 사쿠라다이 교번,"13120",4,네리마구 사쿠라다이 1-5-1
네리마 경찰서 가스가 마치 교번, "13120", 4, 네리마 구 가스 카초 5-31-1
네리마 경찰서 고타케마치 교번,"13120",4,네리마구 고타케초 2-43-7
네리마 경찰서 하야미야 교번,"13120",4,네리마구 하야미야 2-1-31
네리마 경찰서 나카무라바시 교번,"13120",4,네리마구 나카무라 기타 4-2-4
네리마 경찰서 히카와 신사 마에 교번, "13120", 4, 네리마구 도요타마 미나미 2-15-20
네리마 경찰서 후지미다이 에키마에 교번
네리마 경찰서 도요타마 교번, "13120", 4, 네리마구 도요타마 기타 3-20-1
네리마 경찰서 도요시마엔 마에 교번, "13120", 4, 네리마구 네리마 4-26-12
네리마 경찰서 네리마 에키마에 교번, "13120", 4, 네리마구 네리마 1-4-1
아야세 경찰서 아야세역 서쪽 출구 교번,"13121",4,아다치구 아야세 1-38-16
아야세 경찰서 아야세역 동쪽 출구 교번,"13121",4,아다치구 아야세 3-10-18
아야세 경찰서 아야세 6초메 교번,"13121",4,아다치구 아야세 6-28-1
아야세 경찰서 이치츠가 교번,"13121",4,아다치구 이치츠가 3-8-14
아야세 경찰서 히로미치 교번,"13121",4,아다치구 히로미치 1-30-5
아야세 경찰서 신명 교번,"13121",4,아다치구 신명남 2-17-9
아야세 경찰서 아다치 4초메 교번,"13121",4,아다치구 아다치 4-20-11
아야세 경찰서 오타니다 교번,"13121",4,아다치구 오타니다 3-4-20
아야세 경찰서 주오 혼마치 교번,"13121",4,아다치구 주오 혼마치 1-17-2
아야세 경찰서 나카가와 교번,"13121",4,아다치구 나카가와 5-1-3
아야세 경찰서 히가시와 교번,"13121",4,아다치구 히가시와 2-13-18
니시 아라이 경찰서 세키하라 산쵸메 교번, "13121", 4, 아다치 구 세키하라 3-25-12
니시 아라이 경찰서 미야기 교번, "13121", 4, 아다치 구 미야기 2-6-5
니시 아라이 경찰서 구리하라 지역 안전 센터, "13121", 8, 아다치 구 구리하라 4-2-11
니시 아라이 경찰서 강북 교번, "13121", 4, 아다치 구 강북 2-36-6
니시 아라이 경찰서 접시 늪 교번, "13121", 4, 아다치 구 가마 하마 8-11-11
니시아라이 경찰서 가가하마 교번,"13121",4,아다치구 가가하마 2-1-1
니시 아라이 경찰서 닛타 주재소, "13121", 5, 아다치 구 닛타 3-28-1
니시 아라이 경찰서 니시 아라이 역 앞 교번, "13121", 4, 아다치 구 니시 아라이 사카에 마치 2-1-1
니시 아라이 경찰서 니시 아라이 고쵸메 교번, "13121", 4, 아다치 구 니시 아라이 5-42-15
니시 아라이 경찰서 부채 번호, "13121", 4, 아다치 구 부채 2-38-17
니시 아라이 경찰서 다이시 마에 교번, "13121", 4, 아다치 구 니시 아라이 1-1-7
니시 아라이 경찰서 시마네 교번, "13121", 4, 아다치 구 시마네 2-19-12
니시아라이 경찰서 우메다 잇쵸메 교번,"13121",4,아다치구 우메다 1-6-18
니시아라이 경찰서 우메다 나나초메 교번,"13121",4,아다치구 우메다 7-17-6
니시아라이 경찰서 모토키 교번,"13121",4,아다치구 혼기 미나미마치 22-10
센주 경찰서 아사히 마치 교번, "13121", 4, 아다치 구 센주 히가시 2-21-8
센주 경찰서 사쿠라기초 교번,"13121",4,아다치구 센주 모토마치 38-7
센주 경찰서 아케네마치 교번,"13121",4,아다치구 센쥬 아케마치 41-4
센주 경찰서 센주 4 쵸메 교번, "13121", 4, 아다치 구 센주 4-9-2
센주 경찰서 오하시 교번,"13121",4,아다치구 센주 하시토마치 36
센주 경찰서 대사도 지역 안전 센터, "13121", 8, 아다치 구 센주 미야 모토마치 14-1
센주 경찰서 기타 센주 역 서쪽 출구 교번, "13121", 4, 아다치 구 센주 2-86
센주 경찰서 기타 센주 역 동쪽 출구 교번, "13121", 4, 아다치 구 센주 아사히 마치 4-6
센주 경찰서 미도리마치 교번,"13121",4,아다치구 센주 미도리초 2-15-27
대나무 츠카 경찰서 이코마치 교번, "13121",4,아다치구 니시타케의 츠카 1-19-10
대나무의 츠카 경찰서 꽃밭 교번,"13121",4,아다치구 남화밭 4-27-12
다케노츠카 경찰서 니시호기간 교번,"13121",4,아다치구 니시호기마 1-14-24
다케노츠카 경찰서 다케노츠카역 앞 교번,"13121",4,아다치구 다케노즈카 6-4-2
다케노츠카 경찰서 이리야초 교번,"13121",4,아다치구 이리야 5-1-2
대나무 츠카 경찰서 호키 간 교번, "13121", 4, 아다치 구 토호 기마 2-4-8
카츠 시카 경찰서 타츠미 다리 교번, "13122", 4, 카츠 시카 구 니시 신 코이와 4-42-15
가쓰시카 경찰서 오쿠도 교번,"13122",4,카츠시카구 오쿠도 3-28-10
카츠 시카 경찰서 가마쿠라 교번, "13122", 4, 카츠 시카 구 가마쿠라 4-15-2
카츠 시카 경찰서 타카사 역 앞 교번, "13122", 4, 카츠 시카 구 타카사 5-43-1
카츠 시카 경찰서 다카사 지역 안전 센터, "13122", 8, 카츠 시카 구 다카사 4-2-1
카츠 시카 경찰서 호소다 교번, "13122", 4, 카츠 시카 구 호소다 1-15-9
카츠 시카 경찰서 요 츠기 역 앞 교번, "13122", 4, 카츠 시카 구 요 츠키 1-3-15
가쓰시카 경찰서 요츠기 교번,"13122",4,카츠시카구 요츠기 4-1-22
가쓰시카 경찰서 고마쓰바시 교번,"13122",4,카츠시카구 신코이와 4-34-18
카츠 시카 경찰서 카미 히라이 교번, "13122", 4, 카츠 시카 구 히가시 신 코이와 7-1-1
카츠 시카 경찰서 신 코이와 역 앞 교번, "13122", 4, 카츠 시카 구 신 코이와 1-47-1
가쓰시카 경찰서 아오토역 앞 교번,"13122",4,카츠시카구 아오토 3-36-1
가쓰시카 경찰서 헤이와바시 교번,"13122",4,카츠시카구 히가시타테이시 1-13-2
가쓰시카 경찰서 다카라마치 교번,"13122",4,카츠시카구 다카라마치 2-20-11
카츠 시카 경찰서 호리 기리 역 앞 교번, "13122", 4, 카츠 시카 구 호리 기리 4-10-1
카츠 시카 경찰서 호리 기리 교번, "13122", 4, 카츠 시카 구 호리 기리 1-27-5
카츠 시카 경찰 서립 이시 에키 마에 교번, "13122", 4, 카츠 시카 구 타테이시 4-26-13
카츠 시카 경찰 서립 돌 교번, "13122", 4, 카츠 시카 구립석 1-8-20
카메유 경찰서 하나차야 교번,"13122",4,카츠시카구 하나차야 2-5-18
카메유 경찰서 가쓰미바시 교번,"13122",4,카츠시카구 미즈모토 공원 8-1
가메아리 경찰서 가메아리역 남쪽 출구 교번,"13122",4,카츠시카구 가메아리 3-25-1
가메아리 경찰서 가메아리역 기타구치 교번,"13122",4,카츠시카구 가메아리 5-34-1
카메유 경찰서 가나마치역 남쪽 출입구 번, "13122", 4, 카츠시카구 가나마치 6-4-1
카메유 경찰서 가나마치역 북쪽 출입구 번, "13122", 4, 카츠시카구 히가시카나초 1-23-1
카메유 경찰서 시바마타 교번,"13122",4,카츠시카구 시바마타 6-12-2
카메유 경찰서 시바마타 니쵸메 교번,"13122",4,카츠시카구 시바마타 2-3-6
카메유 경찰서 13바시 지역 안전 센터,"13122",8,카츠시카구 니시카메 아리 1-33-9
카메유 경찰서 고스가 교번,"13122",4,카츠시카구 고스가 3-5-22
카메유 경찰서 미즈모토 공원 앞 교번,"13122",4,카츠시카구 히가시미즈모토 3-1-3
가메아리 경찰서 니시카메 유교번,"13122",4,카츠시카구 니시카메 아리 2-30-3
카메유 경찰서 아오도 교번,"13122",4,카츠시카구 아오토 8-1-1
카메유 경찰서 히가시카나마치 교번,"13122",4,카츠시카구 히가시카나초 7-5-5
가메 유 경찰서 미나미 미즈 모토 교번, "13122", 4, 카츠 시카 구 미나미 미즈 모토 3-6-1
카메유 경찰서 호리키리 7초메 교번,"13122",4,카츠시카구 호리기리 7-8-20
카사이 경찰서 카사이 역 앞 교번, "13123", 4, 에도가와 구 나카 카사이 5-43-21
카사이 경찰서 카사이바시 히가시 교번,"13123",4,에도가와구 니시카사이 1-15-14
카사이 경찰서 공영교 교번,"13123",4,에도가와구 나카카사이 3-27-11
가사이 경찰서 에도가와 롯쵸메 교번,"13123",4,에도가와구 에도가와 6-7
카사이 경찰서 청신초 교번,"13123",4,에도가와구 기요신초 2-8-6
가사이 경찰서 니시 가사이 역 앞 교번, "13123", 4, 에도가와 구 니시 가사이 6-15-1 앞
카사이 경찰서 후나보리역 앞 교번,"13123",4,에도가와구 후나보리 3-6-1
가사이 경찰서 히가시 가사이 고쵸메 교번,"13123",4,에도가와구 히가시카사이 4-19-7
카사이 경찰서 미나미 카사이 교번, "13123", 4, 에도가와 구 미나미 카사이 3-16-9
카사이 경찰서 임해 공원 교번,"13123",4,에도가와구 임해초 6-2-5
고이와 경찰서 이치리즈카 교번,"13123",4,에도가와구 히가시코이와 5-33-25
고이와 경찰서 게이세이 코이와역 앞 교번,"13123",4,에도가와구 기타코이와 2-7-1
고이와 경찰서 에도가와 교번, "13123", 4, 에도가와 구 기타 코이와 3-26-24
고이와 경찰서 가골 교번,"13123",4,에도가와구 가골 1-59-3
고이와 경찰서 고이와 역 앞 교번, "13123", 4, 에도가와 구 미나미 코이와 7-24-15
고이와 경찰서 스가와라바시 교번,"13123",4,에도가와구 혼이치로 2-22-15
고이와 경찰서 니시 코이와 교번, "13123", 4, 에도가와 구 니시 코이와 1-3-13
고이와 경찰서 미나미 코이와 교번, "13123", 4, 에도가와 구 미나미 코이와 2-15-19
고이와 경찰서 2매교 교번,"13123",4,에도가와구 히가시마쓰모토 2-17-13
고이와 경찰서 기타 코이와 니쵸메 교번, "13123", 4, 에도가와 구 기타 코이와 2-1-17
고마쓰가와 경찰서 이치노에 교번,"13123",4,에도가와구 이치노에 4-6-18
고마쓰가와 경찰서 게이 요도리 교번,"13123",4,에도가와구 중앙 2-27-15
고마쓰가와 경찰서 이마이 교번,"13123",4,에도가와구 니시즈이에 4-5-3
고마쓰가와 경찰서 시노자키역 앞 교번,"13123",4,에도가와구 시노자키초 7-27-15
고마쓰가와 경찰서 고마쓰카와 잇쵸메 교번,"13123",4,에도가와구 고마쓰카와 1-4-3
고마쓰가와 경찰서 고마쓰카와 요쵸메 교번,"13123",4,에도가와구 고마쓰가와 4-52-5
고마쓰가와 경찰서 마쓰에 교번,"13123",4,에도가와구 마쓰에 1-16-31
고마쓰카와 경찰서 마쓰시마 요쵸메 교번,"13123",4,에도가와구 마쓰시마 4-42-9
고마쓰가와 경찰서 미즈에역 앞 교번,"13123",4,에도가와구 니시즈이에 2-2-1
고마쓰가와 경찰서 히가시 고마쓰카와 교번,"13123",4,에도가와구 마쓰에 3-1-3
고마쓰가와 경찰서 히가시 미즈에 교번, "13123", 4, 에도가와 구 히가시 미즈에 2-39-3
고마쓰가와 경찰서 미나미 시노자키 교번,"13123",4,에도가와구 미나미시노자키초 5-12-7
고마쓰가와 경찰서 핫조바시 교번,"13123",4,에도가와구 중앙 4-25-19
고마쓰카와 경찰서 히라이 역 앞 교번,"13123",4,에도가와구 히라이 3-30-30
고마쓰카와 경찰서 히라이 7초메 교번,"13123",4,에도가와구 히라이 7-27-16
다카오 경찰서 메지로다이 교번, "13201", 4, 하치오지시 메지로다이 4-1-2
다카오 경찰서 요코가와초 교번,"13201",4,하치오지시 요코가와초 741
다카오 경찰서 모토 하치오지 교번, "13201", 4, 하치오지시 모토 하치오지초 1-466-2
다카오 경찰서 다카오역 앞 교번,"13201",4,하치오지시 다카오마치 1588-3
다카오 경찰서 스와 교번,"13201",4,하치오지시 스와초 84
다카오 경찰서 나가보초 교번,"13201",4,하치오지시 나가보초 557-3
하치오지 경찰서 이나리자카 교번, 「13201」
하치오지 경찰서 요코야마 지역 안전 센터,"13201",8, 하치오지시 요코야마초 25-2
미나미오사와 경찰서 시모유키 교번,"13201",4,하치오지시 고시노 1-11
하치오지 경찰서 이누메 교번,"13201",4, 하치오지시 이누메초 8-1
하치오지 경찰서 모토요코야마 교번,"13201",4, 하치오지시 모토요코야마초 2-23-6
하치오지 경찰서 모토혼고 지역안전센터,"13201",8, 하치오지시 모토혼고초 1-1-1
미나미오자와 경찰서 타카미네 교번,"13201",4,하치오지시 기타노다이 4-26-1
미나미오자와 경찰서 마쓰가야 교번,"13201",4,하치오지시 마츠가야 1540
하치오지 경찰서 니시 하치오지역 앞 교번, "13201", 4, 하치오지시 센토초 2-21-3
하치오지 경찰서 오와다 교번,"13201",4, 하치오지시 오와다초 5-5-10
하치오지 경찰서 나카노 교번,"13201",4, 하치오지시 나카노 우에마치 4-9-11
하치오지 경찰서 추분 교번
미나미 오사와 경찰서 미나미 오사와 역 앞 교번, "13201", 4, 하치 오지시 미나미 오사와 2-2
하치오지 경찰서 하치오지역 미나미구치 교번,"13201",4, 하치오지시 아사히초 1-5
하치오지 경찰서 하치오지역 기타구치 교번, "13201",4, 하치오지시 아사히초 1-1
하치오지 경찰서 후지모리 교번,"13201",4, 하치오지시 우에노초 103-19
미나미오자와 경찰서 가타쿠라 지역 안전 센터,"13201",8, 하치오지시 가타쿠라초 2411-1
하치오지 경찰서 기타 하치오지 교번, "13201", 4, 하치오지시 이시카와초 2957-1
미나미오자와 경찰서 기타노역 앞 교번,"13201",4,하치오지시 타고시초344
미나미오자와 경찰서 호리노우치역 앞 교번,"13201",4,하치오지시 벳쇼 2-1
다치카와 경찰서 하이마치 교번,"13202",4,타치카와시 하이마치 2-51-1
다치카와 경찰서 니시키초 교번,"13202",4,타치카와시 니시키초 1-10-27
다치카와 경찰서 다카마쓰초 교번,"13202",4,타치카와시 다카마쓰초 2-5-17
다치카와 경찰서 모래가와 4번 교번
다치카와 경찰서 모래가와 하치반 교번,"13202",4,타치카와시 유키마치 2-39-5
다치카와 경찰서 텐노바시 교번,"13202",4,타치카와시 이치반초 4-6-4
다치카와 경찰서 후지미초 교번,"13202",4,타치카와시 후지미초 6-19-1
다치카와 경찰서 후지즈카 교번,"13202",4,타치카와시 후지미초 1-23-6
다치카와 경찰서 다치카와 역 남쪽 출입구 번, "13202", 4, 다치카와시 시바사키 쵸 3-7-2
다치카와 경찰서 다치카와 역 북쪽 출입구 번, "13202", 4, 다치카와시 아케 마치 2-1-1
다치카와 경찰 서립 히바시 교번,"13202",4,타치카와시 시바사키초 6-19-23
무사시노 경찰서 요시죠지역 니시구치 교번,"13203",4,무사시노시 고텐야마 1-1-2
무사시노 경찰서 키치죠지역 히가시구치 교번,"13203",4,무사시노시 키치죠지 미나미마치 2-1-4
무사시노 경찰서 사쿠라 제방 교번, "13203", 4, 무사시노시 사쿠라 제 2-1-18
무사시노 경찰서 미타카 역 기타구치 교번, "13203",4, 무사시노시 나카마치 1-14-2
무사시노 경찰서 니시 쿠보 지역 안전 센터, "13203", 8, 무사시노시 니시 쿠보 3-8-10
무사시노 경찰서 미나미마치 교번,"13203",4,무사시노시 키치죠지 미나미마치 3-32-4
무사시노 경찰서 하치만구 니시 교번, "13203",4, 무사시노시 키치죠지 혼쵸
무사시노 경찰서 하치만초 교번,"13203",4, 무사시노시 하치만초 4-1-6
무사시노 경찰서 무사시 사카이 역 남쪽 출입구 번, "13203", 4, 무사시노시 사카 미나미 쵸 2-2-1
무사시노 경찰서 무사시 사카이 역 북쪽 출입구 번, "13203", 4, 무사시노시 경계 1-1-8
무사시노 경찰서 혼마치 지역 안전 센터,"13203",8, 무사시노시 키치죠지 혼마치 4-31-5
무사시노 경찰서 미도리초 교번,"13203",4,무사시노시 키치죠지 기타마치 5-11-30
미타카 경찰서 이노 카시라 공원 지역 안전 센터, "13204", 8, 미타카시 이노 카시라 4-1-2
미타카 경찰서 이노우지 공원 역 앞 교번,"13204",4,미타카시 이노카시 3-31-13
미타카 경찰서 하 연작 지역 안전 센터, "13204", 8, 미타카 시 하 연작 4-20-28
미타카 경찰서 호쿠보 교번,"13204",4,미타카시 시모렌조 5-9-7
미타카 경찰서 미타카 역 앞 교번, "13203", 4, 미타카시 시모 렌작
미타카 경찰서 미타카다이 교번,"13204",4,미타카시 이노카시라 1-30-14
미타카 경찰서 상연작 교번,"13204",4,미타카 시상연작 7-27-21
미타카 경찰서 신카와 교번,"13204",4,미타카시 신카와 3-16-25
미타카 경찰서 오사와 교번,"13204",4,미타카시 노자키 4-8-29
미타카 경찰서 나카센가와 교번,"13204",4,미타카시 신카와 1-11-13
미타카 경찰서 히가시노 교번,"13204",4,미타카시 심다이지 2-10-12
미타카 경찰서 무례 교번, "13204", 4, 미타카시 무례 3-9-1
미타카 경찰서 노자키 교번,"13204",4,미타카시 노자키 2-4-12
오메 경찰서 카와베 역 앞 교번, "13205",4
오메 경찰서 신마치 교번,"13205",4,오메시 신마치 2-20-8
오메 경찰서 오우메역 앞 교번,"13205",4,오우메시 혼마치 192
오메 경찰서 히가시 오우메 역 앞 교번, "13205",4
후추 경찰서 사카에마치 교번,"13206",4,후추시 사카에마치 1-4
후추 경찰서 시정 교번, "13206", 4, 후추시 시정 3-15
후추 경찰서 니시하라 마치 교번, "13206", 4, 후추시 니시하라 쵸 2-31-17
후추 경찰서 타마가와 경정장 앞 경비 파출소,"13206",6,후추시 오야나기초 4-10-9
후추 경찰서 대국혼 교번, "13206", 4, 후추시 미야마치 3-1
후추 경찰서 제 5 중학교 앞 교번, "13206", 4, 후추시 신 마치 2-44
후추 경찰서 나카가와라 교번, "13206", 4, 후추시 스미요시 쵸 1-50-2
후추 경찰서 히가시 후추 에키마에 교번, "13206", 4, 후추시 시미즈가오카 1-8-1
후추 경찰서 미나미 마치 교번, "13206", 4, 후추시 미나미 마치 4-40-12
후추 경찰서 히나츠 쵸 교번, "13206"
후추 경찰서 시라이토 다이 교번, "13206", 4, 후추시 시라이토 다이 1-26-1
후추 경찰서 미요 쵸 교번, "13206", 4, 후추시 미요 2-3-2
후추 경찰서 무사시다이 교번,"13206",4,후추시 무사시다이 3-1
후추 경찰서 혼주쿠 교번, "13206", 4, 후추시 혼주쿠 쵸 2-22-22
아키시마 경찰서 고하다 교번
아키시마 경찰서 아키시마 역 앞 교번, "13207", 4, 아키시마시 아키시마 쵸 2-1-20
아키시마 경찰서 마쓰바라마치 교번,"13207",4,아키시마시 마쓰바라마치 4-4-15
아키시마 경찰서 타마 오하시 교번,"13207",4,아키시마시 나카가미초 3-1-1
아키시마 경찰서 히가시 나카가미 역 앞 교번, "13207", 4, 아키시마시 타마가와 쵸 1-7-2
아키시마 경찰서 히가시 마치 지역 안전 센터, "13207", 8, 아키시마시 히가시 마치 4-11-13
아키시마 경찰서 후쿠시마 교번,"13207",4,아키시마시 히가시마치 5-9-13
조후 경찰서 츠츠지가오카역 앞 교번, "13208",4
조후 경찰서 시모 이시하라 교번, "13208", 4, 조후시 코지마 쵸 1-1-1
조후 경찰서 기쿠노 다이 교번, "13208", 4, 조후시 기쿠노 다이 1-32-26
조후 경찰 서궁의 상주재소, "13208", 5, 조후시 시바사키 2-14-2
조후 경찰서 게이오 타마가와 역 앞 교번, "13208", 4, 조후시 타마가와 4-40-1
조후 경찰서 국령 교번, "13208", 4, 조후시 국령 마을 2-5-15
조후 경찰서 카미 이시하라 교번, "13208", 4, 조후시 카미 이시하라 1-29-5
조후 경찰서 신다이지 교번
조후 경찰서 센가와 교번, "13208", 4, 조후시 센가와 쵸 1-47-3
조후 경찰서 타마가와 주택 교번, "13208", 4, 조후시 염색 3-1-498
조후 경찰서 조후 역 북쪽 출입구 번, "13208", 4, 조후시 후다 1-38-2
조후 경찰서 히다 급역 앞 교번, "13208", 4, 조후시 히다 급 1-42
조후 경찰서 후다 교번, "13208", 4, 조후시 후다 3-21-7
마치다 경찰서 쓰쿠시노역 앞 교번,"13209",4,마치다시 쓰쿠시노 1-29-1
마치다 경찰서 가네모리 교번,"13209",4,마치다시 가나모리 443-5
마치다 경찰서 하라마치다 교번,"13209",4,마치다시 하라마치다 6-1-11
마치다 경찰서 야마자키 교번,"13209",4,마치다시 야마자키초 2130
마치다 경찰서 시청 앞 교번, "13209", 4, 마치다시 나카노 1-28-28
마치다 경찰서 모리노 교번,"13209",4,마치다시 모리노 2-7-10
마치다 경찰서 나리세역 앞 교번,"13209",4,마치다시 나리세 1-2-3
미나미 오사와 경찰서 아이하라 역 앞 교번, "13209", 4, 마치다시 아이하라 마치 1155-5
마치다 경찰서 마치다 에키마에 교번,"13209",4,마치다시 하라마치다 6-12-19
마치다 경찰서 쓰루마 교번,"13209",4,마치다시 오가와 1552-2
마치다 경찰서 쓰루가와역 앞 교번,"13209",4,마치다시 노가야 1-6-11
마치다 경찰서 쓰루가와 교번,"13209",4,마치다시 쓰루카와 6-7-2
마치다 경찰서 등나무의 대단지 교번,"13209",4,마치다시 혼마치다 3539
마치다 경찰서 혼마치다 교번,"13209",4,마치다시 혼마치다 821-1
마치다 경찰서 키소 교번,"13209",4,마치다시 키소초 1061
고가네이 경찰서 시나이 미나미쵸 교번
고가네이 경찰서 시나이 기타마치 교번
고가네이 경찰서 무사시 고가네이 에키마에 교번,"13210",4,코가네이시 혼마치 6-14-40
고가네이 경찰서 고가네이역 기타구치 교번,"13210",4,코가네이시 혼마치 5-1-27
고가네이 경찰서 고가네이 공원 앞 교번,"13210",4,코가네이시 사쿠라마치 3-1-3
코가네이 경찰서 신코가네이 교번,"13210",4,코가네이시 히가시마치 5-31-27
고가네이 경찰서 마에하라 교번,"13210",4,코가네이시 마에하라초 5-8-19
코가네이 경찰서 히가시코가네이역 앞 교번,"13210",4,코가네이시 카지노초 5-1-2
고다이라 경찰서 하나코가네이 에키마에 교번,"13211",4,고다이라시 하나코가네이 1-9-23
고다이라 경찰서 학원 니시마치 교번,"13211",4,고다이라시 학원 니시마치 1-20-12
고다이라 경찰서 학원 히가시마치 교번,"13211",4, 고다이라시 키헤이초 3-1-29
고다이라 경찰서 키헤이바시 교번,"13211",4,고다이라시 가미스미나미초 2-23-25
고다이라 경찰서 오가와역 앞 교번,"13211",4,고다이라시 오가와니시마치 4-15-17
고다이라 경찰서 고다이라 에키마에 교번,"13211",4, 고다이라시 미조노초 1-34-3
고다이라 경찰서 카미주쿠 교번,"13211",4,고다이라시 오가와마치 1-301
고다이라 경찰서 오누마초 교번,"13211",4,고다이라시 오누마초 2-584-2
고다이라 경찰서 타카노다이역 앞 교번,"13211",4,고다이라시 타카노다이 45-2
고다이라 경찰서 나카마치 교번,"13211",4,고다이라시 나카마치 145-12
히노 경찰서 다카하타 후도 메에 역 남쪽 출입구, "13212", 4, 히노시 타카하타 128-5
히노 경찰서 타마 동물원 공원 마에 교번, "13212", 4, 히노시 호쿠보 7-1
히노 경찰서 타마 히라 교번, "13212", 4, 히노시 타마 히라 2-5-1
히노 경찰서 히노 역 앞 교번, "13212", 4, 히노시 오사카 카미 1-4-34
히노 경찰서 히노 다이 지역 안전 센터, "13212", 8, 히노시 타마 히라 5-1-8
히노 경찰서 백초원 교번, "13212", 4, 히노시 낙천 987
히노 경찰서 백초 단지 교번, "13212", 4, 히노시 백초 999
히노 경찰서 히라야마 교번, "13212", 4, 히노시 히라야마 5-1-1
히노 경찰서 도요타 역 앞 교번, "13212", 4, 히노시 도요타 4-41
히가시무라야마 경찰서 쿠메가와역 앞 교번,"13213",4,히가시무라야마시 사카에마치 1-1-20
히가시무라야마 경찰서 아키츠 산쵸메 교번,"13213",4,히가시무라야마시 아키츠초 3-55-11
히가시무라야마 경찰서 히가시무라야마역 앞 교번, "13213", 4, 히가시무라야마시 혼마치 2-3-22
히가시무라야마 경찰서 야사카 교번, "13211", 4, 고다이라시 하기야마초 3-31-45
고가네이 경찰서 미쓰마치 교번,"13214",4, 고쿠분지시 미쓰마치 1-46-1
고가네이 경찰서 고쿠분지역 미나미구치 교번,"13214",4, 고쿠분지시 미나미마치 3-20-3
코가네이 경찰서 고쿠분지역 기타구치 교번,"13214",4, 고쿠분지시 혼마치 2-1-23
고가네이 경찰서 니시 고쿠분지역 앞 교번,"13214",4, 고쿠분지시 이즈미마치 2-9-4
고가네이 경찰서 니시마치 교번,"13214",4, 고쿠분지시 니시마치 4-1
고가네이 경찰서 히요시초 지역 안전 센터,"13214",8, 고쿠분지시 니시코이가쿠보 3-28-3
고가네이 경찰서 혼다 교번,"13214",4, 고쿠분지시 혼다 5-3-3
코가네이 경찰서 코이가쿠보역 앞 교번,"13214",4, 고쿠분지시 도쿠라 1-1-4
다치카와 경찰서 국립 역 앞 교번, "13215", 4, 국립시 기타 1-14
다치카와 경찰서 야보 교번, "13215", 4, 국립 이치 야보 7092
다치카와 경찰서 중구 지역 안전 센터, "13215", 8, 국립시 중 3-2-13
다치카와 경찰서 후지미다이 교번,"13215",4,국립시 후지미다이 1-7
후쿠세이 경찰서 요코타 교번
후쿠세이 경찰서 내출교번
후쿠세이 경찰서 후쿠에에키마에 교번,"13218",4
조후 경찰서 이와토 교번,"13219",4
조후 경찰서 고에 교번, "13219", 4, 고에시 모토 이즈미 1-3-2
쵸후 경찰서 소각 교번, "13219",4
조후 경찰서 나카이즈미 교번,"13219",4
쵸후 경찰서 猪方交番,"13219",4
조후 경찰서 이즈미 타마가와 교번, "13219", 4, 에에시 히가시 이즈미 3-12-1
히가시야마토 경찰서 케야키 통 교번,"13220",4,히가시야마토시 나카하라 1-5-2
히가시야마토 경찰서 타마가와 가미미즈역 앞 교번,"13220",4,히가시야마토시 사쿠라가오카 3-44-1
히가시야마토 경찰서 나라하시 교번,"13220",4,히가시야마토시 나라하시 6-731-1
히가시야마토 경찰서 남가 교번,"13220",4,히가시야마토시 남가 5-1-1
히가시 무라야마 경찰서 아사히가오카 교번, "13221", 4, 키요세시 아사히가오카 2-1-6
히가시 무라야마 경찰서 아키 츠 역 앞 교번, "13221"
히가시무라야마 경찰서 기요세역 앞 교번,"13221",4,기요세시 모토마치 1-2-4
타나베 경찰서상의 원 교번, "13222", 4, 히가시 쿠루메시상의 원 1-2-43
타나베 경찰서 마에자와 교번,"13222",4,히가시쿠루메시 하치만초 3-12-2
타나베 경찰서 타키야마 교번,"13222",4,히가시쿠루메시 타키야마 6-2-18
다무 경찰서 히가시 쿠루메 역 앞 교번, "13222", 4, 히가시 쿠루메시 신카와초 1-4-20
타나베 경찰서 미나미자와 교번,"13222",4,히가시쿠루메시 주오마치 1-1-1
다무 경찰 서문 앞 지역 안전 센터, "13222", 8, 히가시 쿠루메시 히가시 혼마치 14-11
타나베 경찰서 노화지 교번,"13222",4,히가시쿠루메시 노화지 1-2-85
히가시야마토 경찰서 미츠키 교번,"13223",4,무사시무라야마시 미츠키 2-5-9
히가시야마토 경찰서 무라야마 교번,"13223",4,무사시무라야마시 미도리가오카 1769
히가시야마토 경찰서 나카토 교번,"13223",4,무사시무라야마시 중앙 2-33-1
타마 중앙 경찰서 아타고 교번,"13224",4,타마시 거지 1101
타마 중앙 경찰서 나가야마 역 앞 교번, "13224", 4, 타마시 나가야마 1-45
타마 중앙 경찰서 나가야마 욘쵸메 교번,"13224",4,타마시 나가야마 4-20
타마 중앙 경찰서 조개 교번,"13224",4,타마시 조개 4-3
타마 중앙 경찰서 사쿠라가오카 역 앞 교번, "13224", 4, 타마시 간토 1-11-16
타마 중앙 경찰서 타마 센터 에키마에 교번,"13224",4,타마시 오치아이 1-1044
타마 중앙 경찰서 오치아이 지역 안전 센터, "13224", 8, 타마시 오치아이 4-16-2
타마 중앙 경찰서 와카바다이 역 앞 교번,"13225",4,이나기시 와카바다이 2-101
타마 중앙 경찰서 다이마루 교번,"13225",4,이나기시 다이마루 522-7
타마 중앙 경찰서 히라오 교번, "13225", 4, 이나기시 히라오 3-7-27
타마 중앙 경찰서 야노구치 교번,"13225",4
후쿠오 경찰서 하무라 역 앞 교번, "13227", 4, 하무라시 하동 1-6-4
후쿠세이 경찰서 소작역 앞 교번,"13227",4,하무라시 소작대 1-16
후쿠오 경찰서 신메이 다이 교번, "13227", 4, 하무라시 카미 메이 다이 1-27-1
고이치시 경찰서 고이치 에키마에 교번,"13228",4,아키루노시 칸다이다이 26
후쿠세이 경찰서 아키카와역 앞 교번,"13228",4,아키루노시 유헤이 61-2
타나베 경찰서 히바리가오카역 앞 교번,"13229",4,니시도쿄시 스미요시초 3-9-17
타나베 경찰서 히바리가오카 단지 교번
타무 경찰서 사카시타 교번, "13229", 4, 니시 도쿄시 히가시 후 시미 6-10-22
다나미 경찰 이즈미마치 교번,"13229",4,니시 도쿄 시 이즈미초 3-1-29
타나베 경찰서 타나시 에키마에 교번,"13229",4
다무 경찰서 히가시 후 시미 교번, "13229", 4, 니시 도쿄시 히가시 후 시미 2-5-1
다무 경찰서 호야 역 앞 교번, "13229", 4, 니시 도쿄시 히가시 마치 3-14-31
타무 경찰서 호야 신마치 교번, "13229", 4, 니시 도쿄시 신마치 4-6-3
타나베 경찰서 기타하라마치 교번,"13229",4
타나베 경찰서 야나기사와 역 앞 교번, "13229", 4, 니시 도쿄시 야나기사와 6-2-1
후쿠세이 경찰서 하코네가사키역 앞 교번, "13303", 4, 미즈호초 대자 하코네가사키 249-9
오메 경찰서 오쿠타마 교번,"13308",4,오쿠타마초 히카와 198
츠키시마 경찰서 리버시티 주재소,"13102",5
토츠카 경찰서 시모 오치아이 산쵸메 주재소, "13104", 5, 신주쿠 구 시모 오치아이 3-3-3
시모야 경찰서 텐노지 주재소, "13106", 5, 다이토구 타니나카 7-9-6
무코지마 경찰서 제방통 주재소,"13107",5, 스미다구 스미다 5-16-1
에바라 경찰서 세족 주재소,"13109",5,시나가와구 오야마 7-12-3
오사키 경찰 서장자 마루 주재소, "13109", 5, 시나가와 구 카미 오사키 2-4-20
비문곡 경찰서 히가시가오카 주재소,"13110",5,메구로구 히가시가오카 1-32-14
메구로 경찰서 고마바 이치 쵸메 주재소, "13110", 5, 메구로 구 고마바 1-36-8
전원 조후 경찰서 고이케 주재소,"13111",5,오타구 카미이케다이 1-53-10
시골 조후 경찰서 타마가와다이 주재소, "13111", 5, 대전구 시골 조후 4-17-17
전원 조후 경찰서 나카타니 주재소,"13111",5,오타구 카미이케다이 5-31-20
시골 조후 경찰서 영주소, "13111", 5, 대전구 키타미네쵸 34-24
타마가와 경찰서 등등력 부동전 주재소,"13112",5,세타가야구 등도력 1-23-9
다마가와 경찰서 오야마다이 주재소, "13112", 5, 세타가야구 오야마다이 2-17-10
세타가야 경찰서 사쿠라기 주재소,"13112",5,세타가야구 사쿠라 1-11-4
나리조 경찰서 오카모토 주재소,"13112",5,세타가야구 오카모토 1-29-10
세이조 경찰서 가마타 주재소,"13112",5,세타가야구 가마타 4-2-1
세이조 경찰서 키타미 주재소,"13112",5,세타가야구 키타미 3-21-21
세이조 경찰서 마츠바도리 주재소,"13112",5,세타가야구 기타우산 2-9-10
세이조 경찰서 상조사야 주재소,"13112",5,세타가야구 카미조사야 6-2-6
세이조 경찰서 하치만산 주재소,"13112",5,세타가야구 카미키타자와 2-1-2
세이조 경찰서 기타우산 주재소,"13112",5,세타가야구 기타우산 8-21-22
시부야 경찰서 에비스 미나미 주재소,"13113",5, 시부야구 에비스 미나미 2-24-1
나카노 경찰서 아오하라지 앞 주재소,"13114",5,나카노구 가미타카다 1-2-51
노카타 경찰서 가미사와미야 주재소,"13114",5,나카노구 가미사와미야 4-1-27
노카타 경찰서 시라사키 주재소,"13114",5
오기쿠보 경찰서 신명 주재소,"13115",5,스기나미구 미나미오기쿠보2-37-26
다카이도 경찰서 구가야마 욘쵸메 주재소,"13115",5,스기나미구 구가야마 4-41-17
다카이도 경찰서 미야마에 주재소,"13115",5,스기나미구 미야마에 4-26-2
다카이도 경찰서 오미야 하치만 주재소,"13115",5,스기나미구 오미야 2-2-1
다카이도 경찰서 후지미가오카 주재소,"13115",5,스기나미구 구가야마 2-21-4
스기나미 경찰서 나리타 니시 주재소,"13115",5,스기나미구 나리타 니시 1-27-4
스가모 경찰서 스미이 주재소,"13116",5,토시마구 고마고메 6-1-7
왕자 경찰서 도시마 고쵸메 주재소,"13117",5,기타구 도시마 5-2-41
타키노가와 경찰서 타니도 주재소,"13117",5,기타구 니시가하라 3-57-1
다카시마다이라 경찰서 도쿠마루 주재소,"13119",5,이타바시구 도쿠마루 6-53-18
이타바시 경찰서 사쿠라가와 산쵸메 주재소,"13119",5,이타바시구 사쿠라가와 3-3-7
히카리가오카 경찰서 아사히마치 주재소,"13120",5,네리마구 아사히마치 3-20-8
히카리가오카 경찰서 다카마쓰 주재소,"13120",5,네리마구 다카마쓰 2-27-24
이시가미 경찰서 이시가미 미나미 주재소,"13120",5,네리마구 시모이시 카미이 2-36-2
이시가미 경찰서 무사시 세키 주재소,"13120",5,네리마구 세키마치 기타 3-10-3
네리마 경찰서 히카와다이 주재소,"13120",5,네리마구 히카와다이 1-12-9
아야세 경찰서 아다치 주재소,"13121",5,아다치구 아다치 3-28-9
대나무 츠카 경찰서 꽃밭 북쪽 주재소, "13121", 5, 아다치 구 꽃밭 8-4-1
다케노즈카 경찰서 고치야 주재소,"13121",5,아다치구 니시이싱 3-17-5
카메유 경찰서 카메다바시 주재소,"13122",5,카츠시카구 다카사 6-12-2
카메유 경찰서 미즈모토 주재소,"13122",5,카츠시카구 미즈모토 1-6-3
카메유 경찰서 서수원 주재소,"13122",5,카츠시카구 서수원 6-17-10
카메유 경찰서 아오토 남부 주재소,"13122",5,카츠시카구 아오토 2-14-5
카메유 경찰서 아오토 북부 주재소,"13122",5,카츠시카구 아오토 6-16-20
카사이 경찰서 우키다 주재소,"13123",5,에도가와구 우키다초 1035
가사이 경찰서 히가시 가사이 9 쵸메 주재소, "13123", 5, 에도가와 구 히가시 가사이 9-4-6
고이와 경찰서 상일색 주재소,"13123",5,에도가와구 가미이치로 2-1-2
고이와 경찰서 카미 시노자키 주재소, "13123", 5, 에도가와 구 카미 시노 자키 1-22-28
고이와 경찰서 기타 코이와 주재소, "13123", 5, 에도가와 구 기타 코이와 6-36-14
고마쓰가와 경찰서 츠바키마치 주재소,"13123",5,에도가와구 하루에초 2-34-9
다카오 경찰서 시모 온카타 주재소,"13201",5
다카오 경찰서관 가오카 주재소,"13201",5,하치오지 시관초 1097
다카오 경찰서관 주재소,"13201",5,하치오지 시관초 314
다카오 경찰서 다카오시타 주재소,"13201",5,하치오지시 다카오마치 2348
다카오 경찰서 테라다 단지 주재소,"13201",5,하치오지시 테라다초 405
타카오 경찰서 상은방 주재소,"13201",5,하치오지시 카미온카타초 1525
다카오 경찰서 니시데라 쪽 주재소,"13201",5, 하치오지시 니시데라 가타마치 1019-325
다카오 경찰서 니시 아사카와 주재소, "13201", 5, 하치 오지시 니시 아사카와 쵸 56-3
다카오 경찰서 히가시 아사카와 주재소, "13201", 5, 하치오지시 히가시 아사카와초 537-62
하치오지 경찰서 안도 주재소,"13201",5, 하치오지시 아사히마치 1-39-10
하치오지 경찰서 시모카와구치 주재소,"13201",5, 하치오지 이치카와구치초 918-1
하치오지 경찰서 구보산 주재소,"13201",5, 하치오지시 구보산초 2-43-1
하치오지 경찰서 미야시타 주재소,"13201",5, 하치오지시 미야시타초 347-3
미나미오자와 경찰서 미야에 주재소, "13201",5, 하치오지시 미나미오사와 5-14
하치오지 경찰서 왼쪽 이리마치 주재소,"13201",5, 하치오지시 미츠이다이 2-2-1
하치오지 경찰서 고미야초 주재소,"13201",5, 하치오지시 고미야초 893-4
미나미오자와 경찰서 고비 기주소, "13201", 5, 하치오지시 고비 기쵸 1768
하치오지 경찰서 카미카와구치 주재소,"13201",5, 하치오지시 우에가와초 1765-1
미나미 오사와 경찰서 가미 유즈키 주재소, "13201", 5, 하치오지시 가미 유즈키 312-2
하치오지 경찰서 이시카와 주재소,"13201",5, 하치오지시 이시카와초 422-3
하치오지 경찰서 단기 주재소,"13201",5, 하치오지시 타키야마초 2-594-4
미나미 오사와 경찰서 미나미 오사와 주재소, "13201", 5, 하치 오지시 미나미 오사와 3-9
미나미오자와 경찰서 남양대 주재소,"13201",5, 하치오지시 미나미요다이 2-1
미나미오자와 경찰서 호리노우치 주재소,"13201",5, 하치오지시 호리노우치 171
다치카와 경찰서 이치 반쵸 롯쵸메 주재소, "13202",5, 다치카와시 이치 반쵸 6-17-70
다치카와 경찰서 와카바초 주재소,"13202",5,타치카와시 와카바초 1-13-3
다치카와 경찰서 아케네마치 주재소,"13202",5,타치카와시 아케마치 3-29-1
무사시노 경찰서 이나리 전 주재소,"13203",5, 무사시노시 키치죠지 히가시마치 4-7-30
무사시노 경찰서 세키마에 주재소,"13203",5,무사시노시 세키마에 5-15-16
무사시노 경찰서 미타니도리 주재소,"13203",5,무사시노시 니시쿠보 2-13-8
무사시노 경찰서 히가시마치 주재소,"13203",5, 무사시노시 키치죠지 히가시마치 2-33-22
미타카 경찰서 나카하라 주재소, "13204", 5, 미타카시 나카하라 4-35-7
미타카 경찰서 천문 대하 주재소, "13204", 5, 미타카시 오사와 4-10-24
미타카 경찰서 기타노 주재소, "13204", 5, 미타카시 기타노 3-13-13
미타카 경찰서 만조교 주재소,"13204",5,미타카시 시모렌조 1-17-3
오메 경찰서 하장 후치 주재소,"13205",5, 오우메시 나가후치 3-184-1
오메 경찰서 가와베 주재소,"13205",5
오메 경찰서 오다케 주재소,"13205",5, 오우메시 오타케 혼쵸 167-1
오메 경찰서 쿠로사와 주재소, "13205", 5, 오우메시 쿠로사와 2-783-2
오메 경찰서 이마이 주재소, "13205", 5, 오메시 이마이 2-906-1
오메 경찰서 이마데라 주재소,"13205",5, 오우메시 이마데라 3-416
오메 경찰서 오소기 주재소,"13205",5,오우메시 오소키 1-3295-2
오메 경찰서 상장연주재소,"13205",5,청매시장연연7-299-11
오메 경찰서 니시나리키 주재소,"13205",5,오메시 니시나리키 5-1426-1
오메 경찰서 치카세 주재소,"13205",5,오메시 치카세 5-650
오메 경찰서 다이몬 주재소, "13205",5, 오우메시 다이몬 1-492-2
오메 경찰서 사와이 주재소, "13205",5, 오우메시 사와이 2-720
오메 경찰서 히가시 나리키 주재소, "13205", 5, 오메시 나리키 3-298
오메 경찰서 니타마오 주재소,"13205",5,오메시 니타마오 4-1085
오메 경찰서 히나타 와다 주재소,"13205",5,오메시 히나타 와다 2-420
오메 경찰서 우메고 주재소, "13205",5, 오우메시 우메고 6-1238-2
오메 경찰서 하타나카 주재소,"13205",5, 오메시 하타나카 3-953-1
오메 경찰서 토모다 주재소,"13205",5,오우메시 토모타초 2-753-3
후추 경찰서 요 츠야 주재소, "13206", 5, 후추시 요 츠야 4-43-28
후추 경찰서 차 반단지 주재소, "13206", 5, 후추시 시라이토 다이 5-35
후추 경찰서 타마 주재소, "13206", 5, 후추시 타마 마치 4-628
후추 경찰서 분 우메 주재소, "13206", 5
아키시마 경찰서 진달래 언덕 주재소, "13207", 5, 아키시마시 진달래 언덕 3-2
아키시마 경찰서 다마가와 주재소,"13207",5,아키시마시 타마가와초 5-17-18
아키시마 경찰서 오가미 주재소,"13207",5,아키시마시 오가미마치 4-16-1
아키시마 경찰서 나카가미 주재소,"13207",5,아키시마시 나카가미초 1277
아키시마 경찰 서배지역 주재소
아키시마 경찰서 호리카타 주재소, "13207", 5, 아키시마시 후지마초 4071
조후 경찰서 식물 공원 전 주재소, "13208",5
마치다 경찰서 타마가와 학원 주재소,"13209",5,마치다시 타마가와 학원 6-1-110
마치다 경찰서 타마바야시다이 주재소,"13209",5,마치다시 타마가와 학원 4-15-14
마치다 경찰서 다카가사카 주재소,"13209",5,마치다시 다카가사카 586-3
마치다 경찰서 삼륜 주재소,"13209",5,마치다시 미와와 미도리야마 2-1-12
미나미 오사와 경찰서 오야마 주재소, "13209", 5, 마치다시 오야마 마치 1170-6
마치다 경찰서 오야마다 주재소,"13209",5,마치다시 오야마다 사쿠라다이 1-1
마치다 경찰서 오노로 주재소,"13209",5,마치다시 오노로초 1576-3
마치다 경찰서 도키와 주재소,"13209",5,마치다시 조반초 3485-1
마치다 경찰서 마코지 주재소, "13209", 5, 마치다시 마코지 2-14-2
마치다 경찰서 도사 주재소,"13209",5,마치다시 도사마치 1591-2
마치다 경찰서 나리세다이 주재소,"13209",5,마치다시 나리세다이 3-9-1
마치다 경찰서 나리세 주재소,"13209",5,마치다시 나리세 4618-1
미나미 오사와 경찰서 아이하라 주재소, "13209", 5, 마치다시 아이하라 마치 369-24
미나미오사와 경찰서 오토 주재소,"13209",5,마치다시 아이하라마치 3190
마치다 경찰서 오조라 주재소,"13209",5,마치다시 오쿠라마치 236
마치다 경찰서 충생 주재소,"13209",5,마치다시 충생 4-24-1
마치다 경찰서 미나미오타니 주재소,"13209",5,마치다시 미나미오타니 241-1
마치다 경찰서 노쓰다 주재소,"13209",5,마치다시 노츠다초 922
고다이라 경찰서 오가와 주재소,"13211",5,고다이라시 오가와마치 1-1123
히노 경찰서 아사히가오카 주재소, "13212", 5, 히노시 아사히가오카 5-8-7
히노 경찰서궁 주재소, "13212", 5, 히노시 만원사5-6-4
히노 경찰서 오사카 카미 주재소, "13212", 5, 히노시 오사카 카미 2-7-3
히노 경찰서 타키 합교 주재소, "13212", 5, 히노시 히가시 히라 야마 1-7-12
히노 경찰서 도코지 주재소,"13212",5,히노시 사카에마치 2-13-4
히노 경찰서 히노바시 주재소, "13212", 5, 히노시 대자 히노 1353-4
히가시무라야마 경찰서 히로타 주재소,"13213",5,히가시무라야마시 히로타초 4-16-2
히가시무라야마 경찰서 쿠메가와 주재소,"13213",5,히가시무라야마시 쿠메가와초 4-32-1
히가시무라야마 경찰서 아오바 주재소,"13213",5,히가시무라야마시 아오바초 1-7
히가시무라야마 경찰서 하기야마 주재소,"13213",5,히가시무라야마시 하기야마초 2-13-10
고가네이 경찰서 공익 주재소,"13214",5, 고쿠분지시 나미키초 2-33-15
고가네이 경찰서 모토마치 주재소,"13214",5, 고쿠분지시 히가시모토마치 2-10-21
고가네이 경찰 서도쿠라 주재소,"13214",5, 고쿠분지시 도쿠라 3-47-6
다치카와 경찰서 동구 주재소,"13215",5,국립시 동3-10-7
후쿠세이 경찰서 하후쿠 주재소,"13218",5
후쿠세이 경찰서상 후쿠시 주재소
후쿠 생 경찰서 나카 후쿠 생 주재소, "13218", 5
후쿠세이 경찰서 미나미타엔 주재소,"13218",5, 후쿠세이시 미나미타엔 2-8-23
히가시야마토 경찰서 고구마 주재소,"13220",5,히가시야마시 고구마 3-1715-1
히가시야마토 경찰서 다카기 주재소,"13220",5,히가시야마토시 다카기 2-172-3
히가시야마토 경찰 서장지 주재소,"13220",5,히가시야마토시 조시키 1-476-3
히가시야마토 경찰서 무라야마 저수지 주재소,"13220",5,히가시야마시 타마호 4-683
히가시 무라야마 경찰서 시모 기요도 주재소, "13221", 5, 키요세시 시모 기요도 1-269-2
히가시무라야마 경찰서 다케오카 주재소,"13221",5,키요세시 다케오카 1-11-65
히가시 무라야마 경찰서 나카 기요도 주재소, "13221", 5, 키요세시 나카 기요도 1-533-2
히가시 무라야마 경찰서 나카사토 주재소, "13221", 5, 키요세시 나카사토 3-981
히가시무라야마 경찰서 매화원 주재소,"13221",5,기요세시 매화원 1-1-1
다무 경찰서 시모리 주재소, "13222", 5, 히가시 쿠루메시 시모리 4-1-45
타나베 경찰서 학원 앞 주재소,"13222",5,히가시쿠루메시 가쿠엔초 2-6-1
히가시야마토 경찰서 잔호리 주재소,"13223",5,무사시무라야마시
타마 중앙 경찰서 사쿠라가오카 주재소, "13224", 5, 타마시 사쿠라가오카 4-1-1
다마 중앙 경찰서 세이가오카 주재소,"13224",5,타마시 세이가오카 2-20-5
타마 중앙 경찰서 가라키타역 앞 주재소,"13224",5,타마시 가라키타 1-1-10
타마 중앙 경찰서 기타 조개 주재소, "13224", 5, 타마시 조개 1-44-2
타마 중앙 경찰서 오치아이 롯초메 주재소,"13224",5,타마시 오치아이 6-3-1
타마 중앙 경찰서 연광사 주재소, "13224", 5, 타마시 연광사 3-1-7
타마 중앙 경찰서 와다 주재소, "13224", 5, 타마시 와다 39-2
타마 중앙 경찰 서향 양대 주재소, "13225", 5, 이나기시 무카이 요다이 3-7-4
타마 중앙 경찰서 사카하마 주재소, "13225", 5, 이나기시 사카하마 403
타마 중앙 경찰서 장봉 주재소, "13225", 5, 이나기 시장 창봉 2-2-1
타마 중앙 경찰서 히가시 나가 누마 주재소, "13225", 5, 이나기시 히가시 나가 누마 602-2
타마 중앙 경찰서 백촌 주재소, "13225", 5, 이나기시 백촌 66-1
후쿠오 경찰서 하무라 서쪽 주재소, "13227", 5, 하무라시 하카미 4-2-7
후쿠오카 경찰서 하 주재소,"13227",5, 하무라시 하나카 1-6-32
후쿠오 경찰서 고노 신 주재소, "13227", 5, 하무라시 고노 신 2-11-13
고이치시 경찰서 이나 주재소,"13228",5,아키루노시 이나 1569
고이치시 경찰서 도쿠라 주재소,"13228",5,아키루노시 도쿠라 728-7
고이치시 경찰서 야마다 주재소,"13228",5,아키루노시 야마다 569-23
고이치시 경찰서 고미야 주재소,"13228",5,아키루노시 을즈 488-1
고이치시 경찰서 유루하라 주재소,"13228",5,아키루노시 유하라 266-2
후쿠세이 경찰서 오가와 주재소,"13228",5,아키루노시 오가와 821-1
후쿠생 경찰서 스가오 주재소,"13228",5,아키루노시 스가오 733
후쿠오카 경찰서 쿠사하나 주재소,"13228",5,아키루노시 쿠사하나 3062
후쿠세이 경찰서 니노미야 주재소,"13228",5,아키루노시 니노미야 2254
후쿠세이 경찰서 노베 주재소,"13228",5,아키루노시 노베 1140
후쿠오카 경찰서 유평 주재소,"13228",5,아키루노시 유평 240-4
후쿠세이 경찰서 시부카미 주재소,"13228",5,아키루노시 시부카미 1961
타나베 경찰서 시모호야 주재소,"13229",5
후쿠야마 경찰서 모토 사야마 주재소, "13303", 5, 미즈호초 대자 고마가타 후지산 495
후쿠세이 경찰서 이시하타 상주재소,"13303",5, 미즈호초 대자이시하타 7
후쿠세이 경찰서 이시하타 주재소,"13303",5, 미즈호초 대자이시하타
후쿠세이 경찰서 나가오카 주재소,"13303",5, 미즈호초 나가오카 1-47-1
후쿠세이 경찰서 하코네가사키 주재소,"13303",5, 미즈호초 대자 하코네가사키 246
후쿠세이 경찰서 하코네가사키 북쪽 주재소,"13303",5, 미즈호초 대자 하코네가사키 122
후쿠세이 경찰서 무사시노 주재소,"13303",5, 미즈호초 무사시노 1-2
고이치시 경찰서 호소오 주재소,"13305",5,히노데마치 오오쿠노 3130
고이치시 경찰서 사카모토 주재소,"13305",5,히노데마치 오오쿠노 6985
고카이치 경찰서 히라이 주재소
고이치시 경찰서 호리구치바시 주재소,"13305",5,히노데마치 오오쿠노 2220-3
고이치시 경찰서 혼주쿠 주재소,"13305",5
고이치시 경찰서 오자와 주재소,"13307",5,히바라무라 3769
고이치시 경찰서 카미 모토고 주재소, "13307", 5, 히라하라 무라 469
고이치시 경찰서 남향 주재소,"13307",5,히바라무라 1139
오메 경찰서 카이자와 주재소, "13308", 5, 오쿠 타마 쵸 카이자와 811-9
오메 경찰 서경 주재소, "13308", 5, 오쿠 타마 쵸 경 12-4
오메 경찰서 하라 주재소, "13308", 5, 오쿠 타마 마치하라 62-4
오메 경찰서 고리 주재소,"13308",5,오쿠타마초 고탄바 109-4
오메 경찰서 코가와치 주재소,"13308",5,오쿠타마초하라 5
오메 경찰서 카와이 주재소, "13308", 5, 오쿠 타마 마치 카와이 160-3
오메 경찰서 카와노 주재소,"13308",5,오쿠타마초 유우라 1210
오메 경찰서 도치쿠보 주재소,"13308",5,오쿠타마초 히카와 1801
오메 경찰서 히하라 주재소,"13308",5,오쿠타마초 히하라 721
오메 경찰서 비둘기 둥지 주재소, "13308", 5, 오쿠 타마 쵸 타나자와 379-3
오시마 경찰서 오카다 주재소, "13361", 5, 오시마 마치 오카다 1
오시마 경찰서 기초 주재소,"13361",5
오시마 경찰서 간 후시 주재소, "13361", 5
오시마 경찰서 차기지 주재소,"13361",5,오시마마치 차기지 4
오시마 경찰 서천진 주재소,"13361",5,오시마초 이즈미 28-18
오시마 경찰서 오시마 남부 주재소, "13361",5
오시마 경찰서 오시마 북부 주재소, "13361",5
오오시마 경찰 서파 부항 주재소, "13361", 5, 오시마 마치 파 부항 16
오시마 경찰서 북쪽 산 주재소, "13361", 5
오시마 경찰서야 증주소,"13361",5
오시마 경찰서 이시마무라 주재소,"13362",5,이시마무라 315
신지마 경찰서식 네지마 주재소,"13363",5,신시마무라식 네지마 211-1
신시마 경찰서 와카고 주거소, "13363", 5, 신시마무라 와카고 6-11
신지마 경찰서 고즈시마 남쪽 주재소, "13364", 5, 고즈시마 무라 1091
신지마 경찰서 칸즈시마 북쪽 주재소,"13364",5,칸즈시마무라 125
미야케지마 경찰서 아고 주재소,"13381",5, 미야케무라 아고 672
미야케지마 경찰서 이가야 주재소,"13381",5,미야케무라 이가야 500
미야케지마 경찰서 이즈 주재소,"13381",5,미야케무라 이즈 1037
미야케 섬 경찰서 신착 주재소, "13381", 5, 미야케 무라 신착 893
미야케지마 경찰서 쓰보다 주재소,"13381",5, 미야케무라 쓰보다 3121
미야케지마 경찰서 미쿠라지마 주재소,"13382",5, 미쿠라지마무라
하치조지마 경찰서 樫立 주재소,"13401",5, 하치조초 樫立 370
하치조지마 경찰서 산네 주재소,"13401",5, 하치조초 미네 1037-3
하치조지마 경찰서 강향 주재소,"13401",5, 하치조초 미네 1778-2
하치조지마 경찰서 오가고 주재소,"13401",5, 하치조초 오가고 2431-3
하치조지마 경찰서 나카노고 주재소,"13401",5, 하치조초 나카노고 2136-2
하치조지마 경찰서 스에요시 주재소,"13401",5, 하치조초 스에요시 2631
하치조지마 경찰서 아오가시마무라 주재소,"13402",5,아오가시마무라 무번지
오가사와라 경찰서 모지마 주재소, "13421", 5, 오가사와라 무라 모지마
마루노우치 경찰서 도라지몬 경비 파출소,"13101",6, 치요다구 황궁 외원 3-1
마루노우치 경찰서 황거전 경비 파출소,"13101",6, 치요다구 황거 외원 2-1
마루노우치 경찰서 사쿠라다몬 경비 파출소,"13101",6, 치요다구 황궁 외원 1-1
고지마치 경찰서 건문 경비 파출소,"13101",6,지요다구 기타노마루 공원 1-1
고지마치 경찰서 참의원 의장 공저 경비 파출소,"13101",6,지요다구 나가타마치 2-18-1
고지마치 경찰서 중의원 의장 공저 경비 파출소,"13101",6,지요다구 나가타마치 2-18-1
고지마치 경찰서 치토리가후치 경비파출소,"13101",6,지요다구 기타노마루 공원 1-2
고지마치 경찰서 한조몬 경비 파출소,"13101",6, 치요다구 고지마치 1-2-1
츄오 경찰서 도쿄 증권 거래소 경비 파출소
중앙 경찰서 일본 은행 경비 파출소, "13102",6
도쿄 완간 경찰서 쿠마타가와 수상파 출소,"13102",6, 츄오구 히가시니혼바시 2-28-2
아카사카 경찰서 히가시 미야 고쇼 경비 파출소, "13103", 6, 미나토 구 모토 아카사카 2-2-21
아카사카 경찰서 미국 대사관 경비 파출소,"13103",6, 미나토구 아카사카 1-10
도쿄 걸프 경찰서 일출 부두 수상 파출소, "13103", 6, 미나토 구 해안 2-7-68
아자부 경찰서 옥 구멍 경비 파출소,"13103",6, 미나토구 아자부다이 1-8-12
아자부 경찰서 중국 대사관 경비 파출소,"13103",6,미나토구 미나미아자부 5-6-1
요 츠야 경찰서 미나미 모토마치 경비 파출소, "13104", 6, 신주쿠 구 와카바 쵸 1-23
도미사카 경찰서 도쿄돔 경비 파출소,"13105",6,분쿄구 고라쿠 1-3
도쿄 걸프 경찰서 도요스 운하 수상 파출소, "13108", 6, 고토 구 도요스 4-10-7
도쿄 완간 경찰서 하네다 수상파 출처, "13111", 6, 대전구 하네다 공항 1-8
도쿄 완간 경찰서 나카가와 수상 파출소,"13123",6,에도가와구 후나보리 2-1-4
다카오 경찰서 타마 고릉 경비 파출소,"13201",6,하치오지시 나가보초 1340
후쿠세이 경찰서 아키타 경비 파출소,"13228",6,아키루노시 스가세 1631
오시마 경찰서 외륜산 경비 파출소,"13361",6,오시마마치 모토마치 아게 카미야마
하치조지마 경찰서 공항 경비 파출소,"13401",6, 하치조초 오가고 2839-2
경시청 경찰 학교,"13206",7,후추시 아사히마치 3-15-1
만세바시 경찰서 아키하바라 교번
아타고 경찰서 다케시바 교번,"13103",4,미나토구 해안 1-12-2
아카사카 경찰서 아카사카 9초메 경비 파출소,"13103",6,미나토구 아카사카 9-7(도쿄 미드타운 내)
아사쿠사 경찰서 일본 제방 교번, "13106", 4, 다이토 구 일본 제방 1-24-13
후카가와 경찰서 현대 미술관 앞 교번, "13108", 4, 고토 구 미요시 3-4-9
오이 경찰서 야시오 단지 교번,"13109",4,시나가와구 야시오 5-5-5
오사키 경찰서 이케다야마 지역 안전 센터,"13109",8,시나가와구 히가시고탄다 5-12-26
오모리 경찰서 오모리 니시 교번, "13111", 4, 오타 구 오모리 니시 7-5-16
키타자와 경찰서 아키라 오마에 에키마에 교번, "13112", 4, 세타가야구 마쓰바라 2-46-4
요요 기 경찰서 요요 기 우에하라 역 앞 교번, "13113", 4, 시부야 구 우에하라 1-31-6
스기나미 경찰서 니시타바타바시 주재소,"13115",5,스기나미구 오기쿠보 3-8-3
스가모 경찰서 스가모 닛타 교번,"13116",4,토시마구 니시스가모 1-3-6
오쿠 경찰서 아라카와 유엔 마에 교번,"13118",4,아라카와구 니시오쿠 8-1(우에오쿠 공원 내)
오쿠 경찰서 니시오 쿠 교번, "13118", 4, 아라카와 구 니시오 히사 1-20-12
오오쿠 경찰서 아카토 교번,"13118",4,아라카와구 히가시오쿠 4-11-14
오쿠 경찰서 구마노 마에 교번,"13118",4,아라카와구 히가시오쿠 8-1-1
오쿠 경찰서 오오 타케하시 교번, "13118", 4, 아라카와 구 마치야 7-4-5
대나무 츠카 경찰 서견 누마시로 친수 공원 앞 교번, "13121", 4, 아다치 구사인 5-21-24
미나미오자와 경찰서,"13201",2,하치오지시 미나미오사와 1-8-3
다카오 경찰서 나미키마치 교번,"13201",4,하치오지시 나미키마치 13-1
미나미오자와 경찰서 미나미노 교번,"13201",4,하치오지시 미나미노 1-7-4