X,Y,P18_001,P18_002,P18_003,P18_004
139.752268,35.677043,경시청,"13101",1,지요다구 카스미가세키 2-1-1
139.752186,35.676892, 제1면 본부,"13101",1,지요다구 카스미가 세키 2-1-1
139.724994,35.693587, 제4방면 본부,"13104",1,신주쿠구 이치타니혼무라초 6-1
139.747832,35.708215, 제5방면 본부,"13105",1,분쿄구 가스가 1-5-12
139.797835,35.724528,제6방면본부,"13106",1,타이토구 히가시아사쿠사 2-27-12
139.837587,35.642141,제7방면본부,"13108",1,고토구 신키바 4-2-31
139.744946,35.598628, 제2방면 본부,"13109",1,시나가와구 카츠시마 1-3-12
139.68385,35.653502, 제3방면본부,"13110",1,메구로구 오하시 2-21-6
139.711815,35.765056,제10방면본부,"13117",1,기타구 니시가오카 3-4-7
139.328372,35.661845, 제9방면 본부,"13201",1,하치오지시 오요코초 14-20
139.406331,35.706322, 제8방면 본부,"13202",1,타치카와시 미도리초 3280
139.760184,35.675516,마루노우치 경찰서,"13101",2,지요다구 유라쿠초 1-9-2
139.743513,35.684301, 고지마치 경찰서,"13101",2,지요다구 고지마치 1-4
139.763127,35.69293,간다 경찰서,"13101",2,지요다구 간다 니시키초 2-2-2
139.771699,35.697283,만세바시 경찰서,"13101",2,지요다구 소토칸다 1-16-5
139.78471,35.688543,쿠마츠 경찰서,"13102",2,츄오구 니혼바시 구마쓰초 8-1
139.771628,35.654713,츠키시마 경찰서,"13102",2,츄오구 카츠도키 6-7-19
139.771377,35.670155,츠키지 경찰서,"13102",2,츄오구 츠키지 1-6-1
139.777071,35.680321,중앙경찰서,"13102",2,추오구 니혼바시 토우초 14-2
139.752824,35.660989,아타고 경찰서,"13103",2,미나토구 신바시 6-18-12
139.733132,35.635464,타카나와 경찰서,"13103",2,미나토구 타카나와 3-15-20
139.744411,35.642222,미타 경찰서,"13103",2,미나토구 시바우라 4-2-12
139.732047,35.674987,아카사카 경찰서,"13103",2,미나토구 아카사카4-18-19
139.77471593,35.61875003,도쿄 걸프 경찰서,"13103",2,고토구 아오미 2-7-1
139.730687,35.662322,아자부 경찰서,"13103",2,미나토구 롯폰기 6-2-37
139.731574,35.698957, 우시고메 경찰서,"13104",2,신주쿠구 미나미야마 후시초 1-15
139.711214,35.713343,토츠카 경찰서,"13104",2,신주쿠구 니시와세다 3-30-13
139.720687,35.686652, 요츠야 경찰서,"13104",2,신주쿠구 사토몬초 6-5
139.694494,35.693512,신주쿠 경찰서,"13104",2,신주쿠구 니시신주쿠 6-1-1
139.748377,35.730954,코마고메 경찰서,"13105",2,분쿄구 혼코마고메 2-28-18
139.726149,35.716963,오츠카 경찰서,"13105",2,분쿄구 메지로다이 3-28-3가청사
139.747044,35.710539,도미사카 경찰서,"13105",2,분쿄구 고이시카와 2-14-2
139.76346,35.707707, 혼후지 경찰서,"13105",2,분쿄구 혼고 7-1-7
139.788152,35.725872,시모야 경찰서,"13106",2,다이토구 시모야 3-15-9
139.779459,35.712346,우에노 경찰서,"13106",2,타이토구 히가시우에노 4-2-4
139.797846,35.718984,아사쿠사 경찰서,"13106",2,다이토구 아사쿠사 4-47-11
139.789876,35.701291,구라마에 경찰서,"13106",2,다이토구 구라마에 1-3-24
139.82726,35.711736,무코지마 경찰서,"13107",2,스미다구 후미카 3-18-9
139.796127,35.694348,본소경찰서,"13107",2,스미다구 료고쿠 4-29-5
139.826984,35.678517,성동경찰서,"13108",2,고토구 기타사 2-1-24
139.806208,35.673656,후카가와 경찰서,"13108",2,고토구 키바 3-18-6
139.706107,35.611966,에바라 경찰서,"13109",2,시나가와구 에바라 6-19-10
139.729856,35.599024,오이 경찰서,"13109",2,시나가와구 오이 5-10-2
139.724216,35.621771,오사키 경찰서,"13109",2,시나가와구 오사키 4-2-10
139.74516,35.613883,시나가와 경찰서,"13109",2,시나가와구 히가시시나가와 3-14-32
139.681165,35.620826,비문야 경찰서,"13110",2,메구로구 비문곡 4-24-17
139.70494,35.637991,메구로 경찰서,"13110",2,메구로구 나카메구로 2-7-13
139.720025,35.558223,카마타 경찰서,"13111",2,오타구 카마타혼마치 2-3-3
139.733579,35.572666,오모리 경찰서,"13111",2,오타구 오모리 나카1-1-16
139.698658,35.574361,이케가미 경찰서,"13111",2,오타구 이케가미 3-20-10
139.677305, 35.589135, 시골 조후 경찰서, "13111", 2, 대전구 시골 조후 1-1-8
139.784271,35.555171,도쿄 공항 경찰서,"13111",2,대전구 하네다 공항3-4-1
139.647807,35.613659,타마가와 경찰서,"13112",2,세타가야구 나카마치 2-9-22
139.666998,35.64049,세타가야 경찰서,"13112",2,세타가야구 산겐자야 2-4-4
139.615891,35.65207,성성경찰서,"13112",2,세타가야구 치토세다이 3-19-1
139.652305,35.658015,키타자와 경찰서,"13112",2,세타가야구 마쓰바라 6-4-14
139.707517,35.671987,하라주쿠 경찰서,"13113",2,시부야구 진구마에 1-4-17
139.704078,35.657877,시부야 경찰서,"13113",2,시부야구 시부야 3-8-15
139.683135,35.679847,요요기 경찰서,"13113",2,시부야구 혼마치 1-11-3
139.677579,35.697983,나카노 경찰서,"13114",2,나카노구 중앙 2-47-2
139.660552,35.709731,노호 경찰서,"13114",2,나카노구 나카노 4-12-1
139.607473,35.711424,오기쿠보 경찰서,"13115",2,스기나미구 모모이 3-1-3
139.611668,35.690816,타카우물 경찰서,"13115",2,스기나미구 미야마에 1-16-1
139.636388,35.698926,스기나미 경찰서,"13115",2,스기나미구 나리타히가시4-38-16
139.732184,35.731148,스가모 경찰서,"13116",2,도시마구 기타오츠카 1-15-15
139.707131,35.728369,이케부쿠로 경찰서,"13116",2,도시마구 니시이케부쿠로 1-7-5
139.711381,35.720037,메지로 경찰서,"13116",2,토시마구 메지로 2-10-2
139.738155,35.759394,왕자경찰서,"13117",2,기타구 왕자3-22-22
139.733821,35.774504,아카바네 경찰서,"13117",2,기타구 카미야 3-10-1
139.74171,35.747146,타키노가와 경찰서,"13117",2,기타구 니시가하라 2-4-1
139.784514,35.734483,아라카와 경찰서,"13118",2,아라카와구 아라카와 3-1-2
139.791985,35.735538,미나미센주경찰서,"13118",2,아라카와구 미나미센주6-45-43
139.763792,35.750869,오쿠 경찰서,"13118",2,아라카와구 니시오쿠 3-8-5
139.658632,35.7865,다카시마 히라 경찰서,"13119",2,이타바시구 다카시마 히라3-12-32
139.699296,35.772864,시무라 경찰서,"13119",2,이타바시구 소두자와 1-11-6
139.710713,35.750395,이타바시 경찰서,"13119",2,이타바시구 이타바시 2-60-13
139.631358, 35.759419, 히카리가오카 경찰서, "13120", 2, 네리마구 히카리가오카 2-9-8
139.599,35.742282,이시가미 경찰서,"13120",2,네리마구 이시가미초 6-17-26
139.655746,35.736812,네리마 경찰서,"13120",2,네리마구 도요타마 기타 5-2-7
139.830673,35.777784,아야세 경찰서,"13121",2,아다치구 타니나카 4-1-24
139.789164,35.773492,니시아라이 경찰서,"13121",2,아다치구 니시아라이 사카에마치 1-16-1
139.803372,35.747037,센주 경찰서,"13121",2,아다치구 센주 1-38-1
139.802981,35.790976,다케노츠카 경찰서,"13121",2,아다치구 호키마 1-16-4
139.839008,35.737956,카츠시카 경찰서,"13122",2,카츠시카 구립석 2-7-9
139.862227,35.76223,카메유 경찰서,"13122",2,카츠시카구 신주쿠 4-22-19
139.879674,35.661548,카사이 경찰서,"13123",2,에도가와구 히가시카사이 6-39-1
139.887726,35.733734,코이와 경찰서,"13123",2,에도가와구 히가시코이와 6-9-17
139.863702,35.702598, 고마쓰카와 경찰서,"13123",2,에도가와구 마쓰시마 1-19-22
139.295141,35.648924,타카오 경찰서,"13201",2,하치오지시 히가시아사카와초 23-34
139.338553,35.663201,하치오지 경찰서,"13201",2,하치오지시 모토요코야마초 2-4-13
139.40774,35.705809,타치카와 경찰서,"13202",2,타치카와시 미도리초 3233-2
139.560616,35.706146,무사시노 경찰서,"13203",2,무사시노시 나카마치 2-1-2
139.558589,35.686648,미타카 경찰서,"13204",2,미타카 시상연작 8-2-36
139.289359,35.787435,오메 경찰서,"13205",2,오메시 노가미초 4-6-3
139.48143,35.673509,후추 경찰서,"13206",2,후추시 후추초 1-10-5
139.363661,35.708946,아키시마 경찰서,"13207",2,아키시마시 우에가와하라마치 1-1-1
139.562201,35.652847,조후 경찰서,"13208",2,조후시 국령초 2-25-1
139.443992,35.554632,마치다 경찰서,"13209",2,마치다시 아사히초 3-1-3
139.498177,35.700006,코가네이 경찰서,"13210",2,코가네이시 관정 미나미마치 3-21-3
139.472678,35.727947,고다이라 경찰서,"13211"2, 고다이라시 오가와초 2-1265-1
139.403492,35.676645,히노 경찰서,"13212",2,히노시 히노 590
139.4674,35.75561,히가시무라야마 경찰서,"13213",2,히가시무라야마시 혼마치 1-1-3
139.320719,35.748663,복생경찰서,"13218",2,후쿠세이치 가미다이라 3-25
139.410683,35.748165,히가시야마토 경찰서,"13220",2,히가시야마시 고구마 6-1061-1
139.421048,35.622763,타마 중앙경찰서,"13224",2,타마시 쓰루마키 1-26-1
139.216951,35.727916, 고이치시 경찰서,"13228",2,아키루노시 고이치시 888-7
139.538655, 35.73002, 다나미 경찰서, "13229", 2, 니시 도쿄시 다나미초 5-2-5
139.355023,34.752869,오시마 경찰서,"13361",2,오시마마치 모토마치 1-15-6
139.259485,34.372073,신지마 경찰서,"13363",2,신시마무라 혼무라 3-13-4
139.518233,34.119283,미야케지마 경찰서,"13381",2,미야케무라 이즈 640
139.796307,33.113872,하치조지마 경찰서,"13401",2,하치조초 미네 54-1
142.191471,27.094944,오가사와라 경찰서,"13421",2,오가사와라무라 부시마 아자니시
139.765405,35.680571,마루노우치 경찰서 도쿄역 앞 교번,"13101",4,지요다구 마루노우치 1-9-1
139.756073,35.671155,마루노우치 경찰서 우치유키마치 교번,"13101",4,지요다구 히비야 공원 1-3
139.759267,35.675154,마루노우치 경찰서 히비야 공원 앞 교번,"13101",4,지요다구 히비야 공원 1-1
139.768294,35.68021,마루노우치 경찰서 야에스구치 교번,"13101",4,지요다구 마루노우치 1-9-1
139.76385,35.675077, 마루노우치 경찰서 유라쿠초역 앞 교번,"13101",4,지요다구 유라쿠초 2-9-5처
139.762461,35.683681,마루노우치 경찰서 와다 쿠라몬 외교번,"13101",4,지요다구 마루노우치 1-1-4
139.741239,35.674881, 고지마치 경찰서 나가타마치 경비 파출소,"13101",6,지요다구 나가타마치 2-10-1
139.751239,35.695319, 고지마치 경찰서 구단시타 교번,"13101",4,지요다구 구단미나미1-6
139.742518,35.688514, 고지마치 경찰서 고미자카 교번,"13101",4,지요다구 산반초 5-10
139.738157,35.683681, 고지마치 경찰서 고지마치 욘쵸메 교번,"13101",4,지요다구 고지마치 4-1-1 다이아몬드 빌딩 1층
139.736324,35.691402, 고지마치 경찰서시 가야견 교번,"13101",4,지요다구 구단키타4-4
139.7566,35.691264, 고지마치 경찰서 다케하시 지역 안전 센터,"13101",8,지요다구 이치쓰바시 1-1-1
139.744045,35.70004, 고지마치 경찰서 이이다바시역 앞 교번,"13101",4,지요다구 후지미 2-9-4
139.762877,35.700041, 간다 경찰서 차의 물 교번, "13101", 4, 지요다구 간다 스루가다이 2-3
139.767683,35.692958, 간다 경찰 서지초 교번,"13101",4,지요다구 간다 시마치 2-4
139.758239,35.694791, 간다 경찰서 진보초 교번,"13101",4,지요다구 이치쓰바시 2-5-8
139.751656,35.70254, 간다 경찰서 스이도바시역 앞 교번,"13101",4,지요다구 미사키초 3-9-1
139.774627,35.695458, 만세바시 경찰서 이와모토마치 교번,"13101",4,지요다구 간다 스다마치 2-8
139.770488,35.692847,만세바시 경찰서 대장장이 교번,"13101",4,지요다구 우치간다 3-21
139.780293,35.697069,만세바시 경찰서 미쿠라바시 교번,"13101",4,지요다구 히가시칸다 3-1
139.771126,35.702819,만세바시 경찰서 스에히로마치 지역안전센터,"13101",8
139.78507,35.683679,쿠마츠 경찰서 스이텐구마에 교번,"13102",4,츄오구 니혼바시 호각초 2-4-1
139.784962,35.695671, 쿠마츠 경찰서 히가시 니혼바시 교번
139.787182,35.681405,쿠마츠 경찰서 하코자키 교번,"13102",4,츄오구 니혼바시 하코자키초 41-13
139.78824209,35.68518744,쿠마츠 경찰서 하마마치 교번,"13102",4,츄오구 니혼바시하마초 3-3-4
139.783099, 35.689792, 쿠마츠 경찰 서문 야바시 교번, "13102", 4, 츄오구 니혼바시 쿠마츠초 3-3
139.776877, 35.660434, 츠키시마 경찰서 카츠 도키 다리 교번, "13102", 4, 츄오 구 카츠 도키 1-3-8
139.78171,35.655796, 쓰키시마 경찰서 하루미 산초메 교번,"13102",4,츄오구 하루미 1-8-13
139.774433,35.647991, 츠키시마 경찰서 청해 부두 경비 파출소,"13102",6, 츄오구 하루미 5-6-20
139.781238,35.663656, 츠키시마 경찰서 서중통지역안전센터, "13102", 8, 츄오구 츠키시마 3-4-3
139.784738,35.664767,츠키시마 경찰서 불교번,"13102",4,추오구 불 2-17-8
139.768683,35.674988,츠키지 경찰서 긴자 잇쵸메 교번,"13102",4,츄오구 긴자 1-2-4
139.764822,35.671266,츠키지 경찰서 긴자 욘쵸메 교번,"13102",4,추오구 긴자 5-7-2
139.76289,35.66788,츠키지 경찰서 긴자 핫초메 교번,"13102",4,추오구 긴자 8-11-14
139.766794,35.670294,츠키지 경찰서 미하라바시 지역 안전 센터,"13102",8,추오구 긴자 4-9-10
139.772433,35.665406,츠키지 경찰서 오다와라마치 교번,"13102",4,츄오구 츠키지 6-1-11
139.774877,35.670461,츠키지 경찰서 신토미초 교번,"13102",4,츄오구 신토미 2-14-6
139.763183, 35.672849, 츠키지 경찰 서수 기야바시 교번, "13101", 4, 지요다구 긴자 4-1-2
139.767683,35.663711,츠키지 경찰서 중앙 시장 교번,"13102",4,츄오구 츠키지 5-2-1
139.758823,35.668488,츠키지 경찰서 도교지역 안전 센터,"13102",8,추오구 긴자 8-3-7
139.780015,35.672655,츠키지 경찰서 미나토 교번,"13102",4,츄오구 미나토1-6-5
139.777183,35.679488, 츄오 경찰서 지바바초 교번
139.780626,35.674655, 중앙 경찰서 다카하시 교번,"13102",4,츄오구 신카와 2-20-2
139.774627,35.683709, 중앙 경찰서 니혼바시 교번,"13102",4,츄오구 니혼바시 1-9-1
139.77071,35.680043, 츄오 경찰서 야에스도리 교번,"13102",4,추오구 니혼바시 3-4-15
139.774988,35.676099, 중앙 경찰서 핫초보리 교번,"13102",4,츄오구 핫초보리 3-7-2
139.774905,35.690625, 츄오 경찰서 혼마치 교번,"13102",4,츄오구 니혼바시 혼마치 4-5-11
139.746574,35.665211,아타고 경찰서 호랑이의 문 교번,"13103",4,미나토구 도라노몬 3-7-6
139.757518,35.666739,아타고 경찰서 신바시역 앞 교번,"13103",4,미나토구 신바시 2-16-2
139.755296,35.666433,아타고 경찰서 신바시 산쵸메 교번,"13103",4,미나토구 신바시 3-6-1
139.754435,35.656601,아타고 경찰서 대문 교번,"13103",4,미나토구 시바 다이몬 2-4-1
139.74688,35.658628,아타고 경찰서 도쿄 타워 앞 교번,"13103",4,미나토구 시바 공원 3-4-26
139.757851,35.663072,아타고 경찰서 히가시 신바시 교번,"13103",4,미나토구 히가시 신바시 2-2-8
139.75449,35.653407,아타고 경찰서 하마마츠초 교번,"13103",4,미나토구 하마마츠초 2-13-2
139.730521,35.632075,타카나와 경찰서 타카나와다이 교번,"13103",4,미나토구 시로카네다이 2-26-7
139.737076,35.640186,타카나와 경찰서 타카나와 니쵸메 교번,"13103",4,미나토구 타카나와 2-1-55
139.73266,35.640741, 다카나와 경찰서 청정 공전 교번,"13103",4,미나토구 백금 2-4-14
139.725354,35.644574,타카나와 경찰서 시로가네 미코마치 교번,"13103",4,미나토구 백금 5-9-5
139.741347,35.628472, 타카나와 경찰서 시나가와역 고난구치 교번,"13103",4,미나토구 고난 2-14-3
139.737798,35.629187, 다카나와 경찰서 시나가와 역 다카나와구치 교번, "13103",4, 미나토구 타카나와 3-26-30
139.74102,35.644019,미타 경찰서 카메즈카 공원 앞 교번,"13103",4,미나토구 미타 4-16-21
139.740714,35.647879,미타 경찰서 미타 츠나마치 교번,"13103",4,미나토구 미타 2-17-20
139.744658,35.650462,미타 경찰서 미타도리 교번,"13103",4,미나토구 미타 2-10-7
139.749408,35.652712,미타 경찰서 시바엔바시 지역 안전 센터,"13103",8,미나토구 시바 3-4-10
139.752574,35.649129,미타 경찰서 시바 시쵸메 교번,"13103",4,미나토구 시바 4-7-4
139.748686,35.644463,미타 경찰 서다초역 교번,"13103",4,미나토구 시바우라 3-1-36
139.748019,35.641824,미타 경찰서 야치요바시 지역 안전 센터,"13103",8,미나토구 시바우라 3-20-11
139.721215,35.677431,아카사카 경찰서 아오야마 잇쵸메 교번,"13103",4,미나토구 모토아카사카 2-1-6
139.736713,35.677598,아카사카 경찰서 아카사카 미츠케 교번,"13103",4,미나토구 아카사카 3-1-18
139.733797,35.67021,아카사카 경찰서 아카사카 고쵸메 교번,"13103",4,미나토구 아카사카 5-5-16
139.739269,35.671877,아카사카 경찰서 아카사카 니쵸메 경비 파출소,"13103",6,미나토구 아카사카 2-12-1
139.716994,35.659405,아카사카 경찰서 남아오야마 지역 안전 센터,"13103",8,미나토구 미나미아오야마 6-7-16
139.712355,35.66546,아카사카 경찰서 오모테산도 교번,"13103",4,미나토구 기타아오야마 3-5-23
139.777323, 35.629577, 도쿄 걸프 경찰서 오다이바 해변 공원 역 앞 교번, "13103", 4, 미나토 구 다이바 1-5-2
139.75438,35.64063,미타경찰서 해안통교번,"13103",4,미나토구 해안3-14-26
139.762518,35.654324,아타고 경찰서 다케시바 교번,"13103",4,미나토구 해안 1-12-2
139.737353,35.6556,아자부 경찰서 이치노하시 교번,"13103",4,미나토구 히가시아자부 3-9-11
139.733493,35.647018,아자부 경찰서 후루카와바시 지역 안전 센터,"13103",8,미나토구 미나미아자부 2-15-1
139.726299,35.654128,아자부 경찰서 모리오카초 교번,"13103",4,미나토구 미나미아자부 5-6-1
139.723771,35.659572,아자부 경찰서 니시 아자부 교번,"13103",4,미나토구 니시 아자부 3-24-20
139.732214,35.663599, 아자부 경찰서 롯폰기 교번,"13103",4,미나토구 롯폰기 4-9-7
139.73097,35.659992,아자부 경찰서 롯폰기 롯쵸메 교번,"13103",4,미나토구 롯폰기 6-9-7
139.717353,35.69879, 우시고메 경찰서 가와다마치 교번,"13104",4,신주쿠구 가와다마치 10-9
139.714798,35.701428, 우시고메 경찰서 도야마초 지역 안전 센터,"13104",8,신주쿠구 도야마 2-10-2
139.738351,35.702595, 우시고메 경찰서 가구라자카 가미교번,"13104",4,신주쿠구 시라긴마치 1
139.74259764,35.70762642, 우시고메 경찰서 대곡 교번,"13104",4,신주쿠구 신오가와초 32
139.724713,35.707428, 우시고메 경찰서 쓰루마키초 교번,"13104",4,신주쿠구 와세다 쓰루마키초 521
139.71841613,35.70659934, 우시고메 경찰 서마장 아래 교번,"13104",4,신주쿠구 니시와세다 2-12
139.732963,35.691213, 우시고메 경찰서 하치만 마에 교번,"13104",4,신주쿠구 이치타니혼무라초 1-1
139.71727,35.691402, 우시고메 경찰서 토미쿠초 교번,"13104",4,신주쿠구 도쿠마치 7-1
139.726769,35.705011, 우시고메 경찰서 벤텐초 지역 안전 센터,"13104",8,신주쿠구 벤텐초 177
139.730657,35.704401, 우시고메 경찰서 야래초 지역 안전 센터,"13104",8,신주쿠구 야라이초 27
139.726669,35.69952, 우시고메 경찰서 야나기마치 교번,"13104",4,신주쿠구 이치야야나기초 6
139.694354, 35.716982, 토츠카 경찰서 시모 오치아이 역 앞 교번
139.719241,35.712038,토츠카 경찰서 토츠카 잇쵸메 교번,"13104",4,신주쿠구 니시와세다 1-23-8
139.704381, 35.712982, 토츠카 경찰서 다카다노바바역 앞 교번, "13104", 4, 신주쿠구 다카다노바바 1-35-3
139.685734, 35.713311, 토츠카 경찰서 상 오치아이 교번
139.679689,35.722953,토츠카 경찰서 니시오치아이 교번,"13104",4,신주쿠구 니시오치아이 1-26-10
139.6853,35.72062,토츠카 경찰서 중 오치아이 교번,"13104",4,신주쿠구 니시오치아이 1-2-11
139.704771,35.693484, 요츠야 경찰서 하나조노 교번,"13104",4,신주쿠구 가부키초 1-1-13
139.70741,35.691735, 요츠야 경찰서 교엔 오도리 교번,"13104",4,신주쿠구 신주쿠 2-19-9
139.729852,35.68568, 요츠야 경찰서 요츠야 미츠케 교번,"13104",4,신주쿠구 요츠야 1가 무번지
139.719826,35.688069, 요츠야 경찰서 요츠야 산쵸메 교번,"13104",4,신주쿠구 요츠야 3-10
139.718965,35.680042, 요츠야 경찰서 시나노마치 교번,"13104",4,신주쿠구 카스미가오카마치 무번지
139.709549,35.689041, 요츠야 경찰서 신주쿠 교번,"13104",4,신주쿠구 신주쿠 2-8-1
139.703882,35.688929, 요츠야 경찰서 신주쿠 시쵸메 교번,"13104",4,신주쿠구 신주쿠 4-3-18
139.715771,35.683403, 요츠야 경찰서 다이쿄초 교번,"13104",4,신주쿠구 다이쿄초 26
139.705243,35.690929, 요츠야 경찰서 추분 교번,"13104",4,신주쿠구 신주쿠 3-4-4
139.701632,35.696151, 신주쿠 경찰서 가부키초 교번,"13104",4,신주쿠구 가부키초 2-44-2
139.687578,35.690901, 신주쿠 경찰서 구마노 신사 마에 교번,"13104",4,신주쿠구 니시신주쿠 2-11-3
139.699392,35.690523,신주쿠 경찰서 신주쿠역 서쪽 출구 교번,"13104",4,신주쿠구 니시신주쿠 1서쪽 출구 지하 1
139.701494, 35.692068, 신주쿠 경찰서 신주쿠역 동쪽 출입구 교번, "13104", 4, 신주쿠구 신주쿠 3-38-1
139.710187,35.694762, 신주쿠 경찰서 신주쿠 롯초메 교번,"13104",4,신주쿠구 신주쿠 6-14-20
139.691994,35.69454,신주쿠 경찰서 나리코자카 교번,"13104",4,신주쿠구 니시신주쿠 6-7-43
139.691523,35.684902,신주쿠 경찰서 니시신주쿠 산쵸메 교번,"13104",4,신주쿠구 니시신주쿠 3-7-17
139.7041,35.70184, 신주쿠 경찰서 오오쿠보 교번, "13104",4, 신주쿠구 오쿠보 2-25-2
139.699577,35.7014,신주쿠 경찰서 백인초 교번,"13104",4,신주쿠구 백인초 1-11-18
139.690772,35.697178, 신주쿠 경찰서 기타신주쿠 잇쵸메 교번,"13104",4,신주쿠구 기타신주쿠 1-36-3
139.694716,35.705955, 신주쿠 경찰서 요도바시 시장 앞 교번,"13104",4,신주쿠구 백인초 3-30-2
139.749571,35.73237, 고마고메 경찰서상 후지마에 교번,"13105",4,분쿄구 혼코마고메 5-3-4
139.753682,35.724066, 고마고메 경찰서 아사카 교번, "13105",4, 분쿄구 혼코마고메 1-1-14
139.763515,35.727344,코마고메 경찰서 단자자카 교번,"13105",4,분쿄구 센다기 3-31-11
139.757543,35.730732, 고마고메 경찰 서동자카 교번,"13105",4,분쿄구 혼코마고메 3-18-16
139.727046,35.720204,오오츠카 경찰 서호 국사 마에 교번,"13105",4,분쿄구 오츠카 5-40-7
139.730879,35.710317,오츠카 경찰서 에도가와 교번,"13105",4,분쿄구 세키구치 1-23-1
139.740545,35.710845,오츠카 경찰서 코히나타 지역 안전 센터,"13105",8,분쿄구 가스가 2-8-13
139.728657,35.725287,오오츠카 경찰서 오츠카 롯초메 교번,"13105",4,분쿄구 오츠카 5-13-11
139.71963, 35.716066, 오츠카 경찰서 시로다이 교번, "13105", 4, 분쿄구 메지로다이 1-16-12
139.736684,35.718094,오츠카 경찰서 모리가야역 앞 교번,"13105",4,분쿄구 고이시카와 5-5-7
139.745462,35.703234,도미사카 경찰서 고라쿠 교번,"13105",4,분쿄구 고라쿠 2-1-8
139.753325,35.70815,도미사카 경찰서 가스가 교번,"13105",4,분쿄구 가스가 1-16-28
139.744961,35.727454,도미사카 경찰서 센고쿠 잇쵸메 교번,"13105",4,분쿄구 센고쿠 1-28-6
139.740989,35.713733,도미사카 경찰서 다케하야 교번,"13105",4,분쿄구 고히나타4-1-6
139.751377,35.719622,도미사카 경찰서 하쿠산 교번,"13105",4,분쿄구 하쿠산 2-39-1
139.741517,35.726204,도미사카 경찰서림초교번,"13105",4,분쿄구 센고쿠 1-6-12
139.756475, 35.704613, 혼후지 경찰서 이키자카 교번, "13105", 4, 분쿄구 혼고 1-11-10
139.763682, 35.719205, 모토 후지 경찰 서네즈 교번, "13105", 4, 분쿄구 네즈 1-18-11
139.769821,35.707262, 혼후지 경찰서 텐진초 교번,"13105",4,분쿄구 유지마 3-26-10
139.760377,35.707762, 혼 후지 경찰서 혼고 교번, "13105", 4, 분쿄구 혼고 4-2-1
139.758988,35.715539, 혼후지 경찰서 야요이초 교번,"13105",4,분쿄구 야요이 1-1-1
139.790485, 35.728372, 시모야 경찰서 미노와 교번, "13106", 4, 다이토구 류센 2-20-12
139.764793,35.724344,시모야 경찰서 하츠네 교번,"13106",4,다이토구 타니나카 2-18-9
139.77276,35.715776,시모야 경찰서 시미즈자카 지역 안전 센터,"13106",8,다이토구 우에노 공원 9-83
139.770737,35.721844,시모야 경찰서야 나카교번,"13106",4,다이토구 우에노 사쿠라기 2-12-7
139.783597,35.719039,시모야 경찰서 이리야니시 교번,"13106",4,타이토구 기타우에노 1-15-6
139.788264,35.718234,시모야 경찰서 이리야 히가시 교번,"13106",4,다이토구 마쓰가야 4-26-12
139.777959, 35.722928, 시모야 경찰서 가와야역 앞 교번, "13106", 4, 다이토구 네기시 1-9-8
139.782632,35.711514,우에노 경찰서 이나리초 교번,"13106",4,타이토구 히가시우에노 5-1-1
139.776402,35.705942,우에노 경찰서 오카치마치 교번,"13106",4,타이토구 다이토 4-8-4
139.773737,35.710957,우에노 경찰서 공원 앞 교번,"13106",4,다이토구 우에노 공원 1-65
139.772237,35.70654,우에노 경찰서 구로몬 교번,"13106",4,다이토구 우에노 1-19-13
139.776626,35.712318,우에노 경찰서 우에노역 교번,"13106",4,타이토구 우에노 7-1-1
139.776265,35.702458,우에노 경찰서 다이토 교번,"13106",4,타이토구 다이토 1-30-8
139.768654,35.712484,우에노 경찰서 이케노바타 교번,"13106",4,다이토구 우에노 공원 2-43
139.77346638,35.71506122,우에노 경찰서 동물원 앞 교번,"13106",4,다이토구 우에노 공원 4-53
139.798208, 35.710735, 아사쿠사 경찰서 하나가와도 교번, "13106", 4, 다이토구 하나가와도 1-2-1
139.797263,35.714096, 아사쿠사 경찰서 관음 전 경비 파출소, "13106",6, 다이토구 아사쿠사 2-3-1
139.796002, 35.724376, 아사쿠사 경찰서 요시하라 교번, "13106", 4, 다이토구 센다카 4-33-1
139.804576, 35.726406, 아사쿠사 경찰서교장 교번, "13106", 4, 다이토구 기요카와 2-1-2
139.79345594,35.71395601, 아사쿠사 경찰서 공원 롯구 교번, "13106",4, 다이토구 아사쿠사 2-6-5
139.802013,35.715596, 아사쿠사 경찰서 세이텐초 교번,"13106",4,다이토구 아사쿠사 7-2-1
139.792374,35.717123, 아사쿠사 경찰서 니시 아사쿠사 산쵸메 교번, "13106", 4, 다이토 구 니시 아사쿠사 3-28-21
139.80126488,35.72306936, 아사쿠사 경찰서 히가시 아사쿠사 교번, "13106", 4, 다이토 구 히가시 아사쿠사 2-1-1
139.796541, 35.71104, 아사쿠사 경찰 서뢰문 교번, "13106", 4, 다이토 구 아사쿠사 1-3-1
139.791736,35.711679,구라마에 경찰서 기쿠야바시 교번,"13106",4,다이토구 니시아사쿠사 1-4-4
139.784765,35.706513,구라마에 경찰서 고지마 니쵸메 교번,"13106",4,다이토구 코지마 2-18-19
139.788376,35.700041,구라마에 경찰서 스가바시 교번,"13106",4,다이토구 야나기바시 2-16-12
139.782932,35.699291,구라마에 경찰서 아사쿠사바시 지역 안전 센터,"13106",8,다이토구 아사쿠사바시 5-1-38
139.794125,35.704652,구라마에 경찰 서장 마에니쵸메 교번,"13106",4,다이토구 구라마에 2-15-8
139.788403,35.710651,구라마에 경찰서 다하라마치 교번,"13106",4,다이토구 니시아사쿠사 1-8-12
139.817067,35.717597,무코지마 경찰서 예배교번,"13107",4,스미다구 히가시코지마 2-27-1
139.824399,35.715291,무코지마 경찰서 쿄지마 산쵸메 교번,"13107",4,스미다구 쿄지마 3-20-1
139.819983,35.715097,무코지마 경찰서 쿄지마 니쵸메 교번,"13107",4,스미다구 쿄지마 2-9-4
139.825399,35.728652,무코지마 경찰서 요쓰기바시 교번,"13107",4,스미다구 하치히로 6-1-1
139.828566,35.710403,무코지마 경찰서 고무라이 교번,"13107",4,스미다 구립 꽃 4-2-1
139.819428,35.733234,무코지마 경찰서 종가후치역 앞 교번,"13107",4,스미다구 스미다 2-10-15
139.818373, 35.722791, 무코지마 경찰서 히가시 무코지마 교번, "13107", 4, 스미다구 히가시 무코지마 4-26-7
139.813624, 35.728513, 무코지마 경찰서 시라 울다리 교번, "13107", 4, 스미다 구 스미다 1-4-1
139.826594,35.722735, 무코지마 경찰서 하치히로 욘쵸메 교번, "13107", 4, 스미다구 하치히로 4-12-3
139.837148,35.708458,무코지마 경찰서 히라이바시 교번,"13107",4,스미다 구타치바나 3-29-12
139.82315,35.732179,무코지마 경찰 서묵전 지역안전센터,"13107",8,스미다구 스미다4-22-9
139.820678,35.72793,무코지마 경찰서 스미다 산쵸메 교번,"13107",4,스미다구 스미다 3-6-17
139.81415,35.710069,본소 경찰서 오시아게역 앞 교번,"13107",4,스미다구 오시아게 1-10-1
139.796904,35.700042,본소 경찰서 요코즈나 교번,"13107",4,스미다구 요코즈나 2-3-18
139.814568,35.704346,본소 경찰서 요코가와 교번,"13107",4,스미다구 요코가와 4-7-2
139.805626,35.689904,본소 경찰서 기쿠가와 니쵸메 교번,"13107",4,스미다구 기쿠가와 2-19-7
139.814777,35.695985, 본소 경찰서 긴시초역 남쪽 출입구 번, "13107", 4, 스미다구 고토바시 3-14-3 앞
139.813402,35.697764, 본소 경찰서 긴시초역 북쪽 출입구 번, "13107", 4, 스미다구 긴시 2-2-3
139.799763,35.709902,본소경찰서 고마가타바시 지역안전센터,"13107",8,스미다구 아즈마바시 1-12-15
139.806062,35.712894,본소경찰서언문교번,"13107",4,스미다구 무카시마 3-1-1
139.80454,35.708846,본소 경찰서 아즈마바시 교번,"13107",4,스미다구 아즈마바시 3-7-1
139.810929,35.716208, 본소 경찰 서향도 교번,"13107",4,스미다구 무카시마 4-1-5
139.808542,35.695014,본소경찰서 강동교교번,"13107",4,스미다구 초록4-22-13
139.802792,35.700347,본소 경찰서 이시하라 산쵸메 교번,"13107",4,스미다구 이시하라 3-18-2
139.790043,35.694375,본소 경찰서 료고쿠 교번,"13107",4,스미다구 료고쿠 1-12-17
139799792
139.841482,35.675295, 성동경찰서 가사이바시 니시교번,"13108",4,고토구 히가시사 5-14-1
139.82474675,35.69788406, 성동 경찰서 카메이도역 앞 교번,"13108",4,고토구 카메이도 2-21-9
139.840509,35.697265, 성동경찰서 가메이도 교번,"13108",4,고토구 가메이도9-5-1
139.837733,35.668963, 성동 경찰서 원 하치만 교번,"13108",4,고토구 남사 7-14-16
139.831705,35.676795, 성동 경찰서 모래초 교번,"13108",4,고토구 기타사 4-20-25
139.826068,35.645576, 도쿄 걸프 경찰서 신키바 역 앞 교번,"13108",4,고토구 신키바 1-5-11
139.82665,35.687043,성동경찰서진개교교번,"13108",4,고토구 오시마4-1-35
139.831455, 35.701125, 성동경찰서 수신모리 지역안전센터, "13108", 8, 고토구 카메이도 4-11-18
139.833621,35.689877, 성동경찰서 오오시마 교번,"13108",4,고토구 오시마 6-1-1
139.819484,35.701624,성동경찰서 텐진바시교번,"13108",4,고토구 카메이도3-1-10
139.845926,35.690127, 성동경찰서 히가시오시마역 앞 교번,"13108",4,고토구 오시마 9-3-14
139.82616074,35.66973022, 성동경찰서 닛조바시 교번,"13108",4,고토구 미나미사 3-22-1
139.844676,35.68385,성동경찰서번소교교번,"13108",4,고토구 히가시사 2-12-4
139.834566,35.684183,성동경찰서 기타사고쵸메 교번,"13108",4,고토구 기타사 5-20-15
139.788709,35.676266,후카가와 경찰서 영대교 지역 안전 센터,"13108",8,고토구 사가 1-1-19
139.802542,35.658324,후카가와 경찰서 에다가와 교번,"13108",4,고토구 에이가와 1-7-1
139.815902,35.688848,후카가와 경찰서 스미요시 교번,"13108",4,고토구 스미요시 2-24-6
139.800988,35.687988,후카가와 경찰서 모리시타 교번,"13108",4,고토구 모리시타 3-5-17
139.798015,35.6786,후카가와 경찰서 기요스미 정원 앞 교번,"13108",4,고토구 기요스미 3-3-32
139.815818,35.6806,후카가와 경찰서 치다 교번,"13108",4,고토구 치다 5-7
139.811486,35.649409,도쿄 완간 경찰서 타츠미 교번,"13108",4,고토구 타츠미 1-9-25
139.798348, 35.644742, 도쿄 걸프 경찰 서도교 교번, "13108", 4, 고토 구
139.812152,35.669157,후카가와 경찰서 도요 교번,"13108",4,고토구 도요 3-22-3
139.799209,35.662462,후카가와 경찰서 하마조노바시 지역 안전 센터,"13108",8,고토구 시오하마 1-3-23
139.796098,35.654574,후카가와 경찰서 도요스 교번,"13108",4,고토구 도요스 2-2-12
139.794876,35.672684,후카가와 경찰 서문 마에나카마치 교번,"13108",4,고토구몬젠나카마치 1-7-9
139.712218,35.611577,에바라 경찰서 에바라 나카노베역 앞 교번,"13109",4,시나가와구 나카노베 2-8-1
139.700219,35.605439,에바라 경찰서기의 대교번,"13109",4,시나가와구기의 대 2-11-1
139.720634,35.610966,에바라 경찰서궁 앞 교번,"13109",4,시나가와구 토요마치 2-1-15
139.712246,35.602134,에바라 경찰서원씨 앞 교번,"13109",4,시나가와구 나카노부 6-4-9
139.715634,35.611883,에바라 경찰 서도고시 교번,"13109",4,시나가와구 도고시 3-9-17
139.700497,35.612049,에바라 경찰서 에도미사카 교번,"13109",4,시나가와구 에바라 7-6-7
139.724356,35.606578,에바라 경찰서 니바초 교번,"13109",4,시나가와구 후타바 2-1-12
139.703802,35.619909,에바라 경찰서 무사시 고야마 교번,"13109",4,시나가와구 오야마 3-27-1
139.708996,35.615243,에바라 경찰서 히라츠카바시 교번,"13109",4,시나가와구 니시나카노부 1-3-24
139.718134,35.606578,에바라 경찰서 도요마치 교번,"13109",4,시나가와구 도요마치 5-1-1
139.729606, 35.596607, 오이 경찰서 가시마 신사 앞 교번, "13109", 4, 시나가와구 오이 7-4-16
139.721995,35.60194,오이 경찰서 니시오이역 앞 교번,"13109",4,시나가와구 니시오이 1-3-1
139.721884,35.596274,오이 경찰서 니시오이 지역 안전 센터,"13109",8,시나가와구 니시오이 4-5-16
139.734633,35.606384,오이 경찰서 오이마치 역 앞 교번,"13109",4,시나가와구 오이 1-2-1
139.73355,35.59033,오이 경찰서 미나미오이 교번,"13109",4,시나가와구 미나미오이 3-17-1
139.737633,35.596885,오이 경찰 서립 회천 교번,"13109",4,시나가와구 미나미오이 1-12-10
139.723855,35.626465,오사키 경찰서 고탄다역 앞 교번,"13109",4,시나가와구 히가시고탄다 1-26-1
139.715328,35.626881,오사키 경찰서 니시고탄다 교번,"13109",4,시나가와구 니시고탄다 3-13-11
139.729577,35.61941,오사키 경찰서 오사키역 앞 교번,"13109",4,시나가와구 오사키 1-6-6
139.719967,35.622187,오사키 경찰서 나카하라구치 교번,"13109",4,시나가와구 니시고탄다 7-22-11
139.716217,35.633936,오사키 경찰서 메구로역 앞 교번,"13109",4,시나가와구 가미오사키 2-16-9
139.764214, 35.595192, 도쿄 걸프 경찰서 오이 부두 지역 안전 센터, "13109", 8, 시나가와 구 야시오 3-1-12
139.754492,35.621994,도쿄 만안 경찰서 제5대장 교번,"13109",4,시나가와구 히가시시나가와 5-8-4
139.750521,35.59858,오이 경찰서 야시오 단지 교번,"13109",4,시나가와구 야시오 5-5-5
139.735077,35.623215,시나가와 경찰서 고텐야마 교번,"13109",4,시나가와구 기타시나가와 6-7-21
139.726189,35.613966,시나가와 경찰서 미츠키 교번,"13109",4,시나가와구 니시시나가와 2-6-12
139.7430834,35.61034803, 시나가와 경찰서 아오모리 요코초역 앞 교번,"13109",4,시나가와구 미나미시나가와 2-5-9
139.742104,35.620855,시나가와 경찰서 다이바 교번,"13109",4,시나가와구 기타시나가와 1-29-8
139.750548,35.622105,시나가와 경찰서 텐노즈 교번,"13109",4,시나가와구 히가시시나가와 2-2-17
139.739965,35.611911,시나가와 경찰서 니카이치 지역 안전 센터,"13109",8,시나가와구 미나미시나가와 6-6-7
139.670311,35.626001,비문야 경찰서 감의 기자카 교번,"13110",4,메구로구 히가시가오카 1-6-11
139.685247, 35.629102, 비몬 골짜기 경찰 서학 예 대학 역 앞 교번, "13110", 4, 메구로 구 타카 번 3-2-1
139.691489,35.615146,비문야 경찰서 하라마치 교번,"13110",4,메구로구 하라마치 2-18-6
139.668472,35.607716,비문야 경찰서 지유가오카 교번,"13110",4,메구로구 지유가오카 1-30-2
139.669888,35.614826,비문야 경찰서 나카네 교번,"13110",4,메구로구 나카네 1-21-16
139.675582,35.617937,비몬 골짜기 경찰 서도립 대학 역 앞 교번,"13110",4,메구로구 나카네 1-3-2
139.68397, 35.622825, 비문 골 경찰서 비문 골 지역 안전 센터, "13110", 8, 메구로 구 비문 5-6-1
139.700885,35.621131,비문야 경찰서 혼마치 지역 안전 센터,"13110",8,메구로구 메구로혼마치 5-15-4
139.693219,35.627492, 비몬 골짜기 경찰서 혼마치 니쵸메 교번
139.693108,35.620631,비몬야 경찰서 혼마치 롯쵸메 교번,"13110",4,메구로구 메구로혼마치 6-24-11
139.678165,35.61016,비문야 경찰서 미도리가오카 교번,"13110",4,메구로구 미도리가오카 1-6-13
139.711189,35.633825,메구로 경찰서 하메구로 교번,"13110",4,메구로구 시모메구로 1-6-18
139.687386,35.63288,메구로 경찰서 고본기 지역 안전 센터,"13110",8,메구로구 고본기 2-53-8
139.712745,35.638963,메구로 경찰서 미타 교번,"13110",4,메구로구 미타 1-4-5
139.689774, 35.644434, 메구로 경찰 서숙산 교번, "13110", 4, 메구로 구 카미 메구로 5-5-9
139.69216022,35.64164506, 메구로 경찰서 카미 메구로 지역 안전 센터, "13110", 8, 메구로 구 카미 메구로 4-4-25
139.687802,35.652572,메구로 경찰서 오하시 교번,"13110",4,메구로구 오하시 2-16-23
139.697857,35.635157,메구로 경찰서야도마에 지역 안전 센터,"13110",8,메구로구 나카메구로 5-21-10
139.70033637,35.64349207, 메구로 경찰서 나카 메구로 역 앞 교번
139.701329,35.630714,메구로 경찰서 유면 교번,"13110",4,메구로구 메구로 4-26-6
139.691274,35.637574,메구로 경찰서 유텐지역 앞 교번,"13110",4,메구로구 유텐지 2-13-3
139.715525, 35.562417, 가마타 경찰서 가마타역 서쪽 출구 교번
139.716692, 35.562722, 가마타 경찰서 가마타역 동쪽 출구 교번, "13111", 4, 대전구 가마타
139.723802, 35.560556, 가마타 경찰서 게이큐 가마타역 앞 교번, "13111", 4, 대전구 가마타 4-50-1
139.746857,35.550503, 카마타 경찰서 홀 모리이나리역 앞 지역 안전 센터,"13111",8,대전구 하네다 4-6-2
139.715693, 35.548919, 카마타 경찰서 잡색 교번, "13111", 4, 대전구 히가시로쿠고 2-18-8
139.716525, 35.569527, 가마타 경찰서 니시카마타 교번
139.709471, 35.555085, 가마타 경찰서 니시로쿠 잇쵸메 지역 안전 센터, "13111", 8, 대전구 니시로쿠고 1-4-15
139.706972, 35.549308, 카마타 경찰서 니시로쿠고 교번, "13111", 4, 대전구 니시로쿠고 2-37-5
139.740807, 35.552152, 카마타 경찰서 오도리 교번, "13111", 4, 대전구 하네다 1-1-1
139.713277,35.54578, 카마타 경찰서 히가시로쿠고 교번, "13111", 4, 대전구 히가시로쿠고 3-6-2
139.744635, 35.557335, 카마타 경찰서 히가시노오야 지역안전센터, "13111", 8, 오타구 히가시노오야 5-17-13
139.727302, 35.555612, 카마타 경찰서 일출 교번, "13111", 4, 대전구 니시보야 4-32-17
139.73794, 35.561223, 카마타 경찰서 기타보야 교번, "13111", 4, 대전구 오모리 미나미 1-24-6
139.729858, 35.548336, 카마타 경찰서 혼하네다 교번, "13111", 4, 대전구 혼하다 2-2-17
139.726051,35.591052,오모리 경찰서 산왕 교번,"13111",4,대전구 산노 2-17-10
139.721718,35.581053,오모리 경찰서 가스가바시 교번,"13111",4,오타구 중앙 2-1-1
139.74438,35.563646,오모리 경찰서 모리가사키 교번,"13111",4,오타구 오모리 미나미 2-4-8
139.728578,35.588747,오모리 경찰서 오모리역 앞 교번,"13111",4,오타구 오모리키타 1-6-16
139.736689,35.581332,오모리 경찰서 오모리 해안 교번,"13111",4,오타구 오모리 혼마치 1-11-1
139.735857, 35.568333, 오모리 경찰서 오모리 히가시 지역 안전 센터, "13111", 8, 오타 구 오모리 히가시 4-19-31
139.730135,35.568861,오모리 경찰서 타니도 교번,"13111",4,오타구 오모리니시 5-27-8
139.721745,35.589358,오모리 경찰서 팔경원 지역 안전 센터,"13111",8,대전구 산노 2-31-9
139.748466,35.581999,오모리 경찰서 평화도 지역 안전 센터,"13111",8,대전구 평화도 6-1-100
139.681001,35.564973,이케가미 경찰서 가스교 교번,"13111",4,대전구 시모마루코 3-30-3
139.690832,35.580747,이케가미 경찰 서구가하라 교번,"13111",4,오타구 히사가하라 3-28-10
139.710579, 35.596857, 이케가미 경찰서 미혼마츠 교번
139.713275,35.579248,이케가미 경찰서시 노쿠라 교번,"13111",4,오타구 중앙 6-8-6
139.705747,35.586885,이케가미 경찰서 니시마고메 교번,"13111",4,오타구 니시마고메 2-2-1
139.689083,35.571082,이케가미 경찰서 치토리 교번,"13111",4,오타구 치토리 3-19-1
139.69625, 35.55739, 이케가미 경찰서 타마가와 오하시 교번, "13111", 4, 대전구 야구치 3-16-6
139.703581,35.572332, 이케가미 경찰서 이케가미 에키마에 교번, "13111", 4, 오타구 이케가미 6-3-10
139.714107,35.587191,이케가미 경찰서 미나미마고메 교번,"13111",4,오타구 미나미마고메 4-29-1
139.696249,35.566305,이케가미 경찰서 야구치 지역 안전 센터,"13111",8,오타구 야구치 1-2-6
139.708748,35.564639, 이케가미 경찰서 렌누마 교번
139.681445, 35.575387, 시골 조후 경찰서 우시노기역 앞 교번, "13111", 4, 대전구 우시노키 1-16-21
139.669695, 35.586136, 시골 조후 경찰서 마루코바시 교번, "13111", 4, 대전구 시골 조후 1-54-2
139.674834, 35.582081, 시골 쵸후 미나미마치 모임 만남 안심 센터, "13111", 8, 대전구 시골 쵸후 미나미 23-15
139.683982, 35.597757, 시골 조후 경찰서 이시카와다이 교번, "13111", 4, 대전구 히가시유키야 2-8-6
139.691276, 35.600384, 시골 조후 경찰서 세족지 교번, "13111", 4, 대전구 미나미센다카 2-1-5
139.685554, 35.607188, 시골 조후 경찰서 오오카야마 에키마에 교번, "13111", 4, 대전 구 기타 센다카 3-27-1
139.667317, 35.59727, 시골 쵸후 경찰서 덴엔 쵸후 에키마에 교번, "13111", 4, 대전구 시골 쵸후 2-62-3
139.696506, 35.588165, 시골 조후 경찰 서도 다리 교번, "13111", 4, 대전구 나카이케가미 1-24-1
139.698886, 35.602161, 시골 조후 경찰서 남천속지역안전센터, "13111", 8, 대전구 카미이케다이 1-6-1
139.768312,35.544325,도쿄 공항 경찰서 국제선 터미널 교번,"13111",4,대전구 하네다 공항2-6-5
139.785632,35.547116,도쿄 공항 경찰서 제1터미널 교번,"13111",4,대전구 하네다 공항3-3-2
139.788065,35.551729,도쿄 공항 경찰서 제2터미널 교번,"13111",4,대전구 하네다 공항3-4-2
139.754215,35.549634,도쿄 공항 경찰서 벤텐바시 교번,"13111",4,오타구 하네다 공항 1-1-1 앞
139.764105,35.572695,오모리 경찰서 게이힌지마 지역 안전 센터,"13111",8,오타구 게이힌지마 3-3-9
139.757938, 35.5785, 도쿄 걸프 경찰서 대전 시장 앞 교번, "13111", 4, 대전구 도카이 3-2-1
139.67186,35.604188,타마가와 경찰서 오쿠자와역 앞 교번,"13112",4,세타가야구 오쿠자와 2-9-20
139.661722,35.605965,타마가와 경찰서 구품 불교번,"13112",4,세타가야구 오쿠자와 7-34-1
139.638391,35.612048,타마가와 경찰서 우에노모 교번,"13112",4,세타가야구 우에노모 1-26-7
139.653389,35.620908,타마가와 경찰서 후카사와 교번,"13112",4,세타가야구 후카사와 5-5-19
139.630493,35.620107,타마가와 경찰서 세타 교번,"13112",4,세타가야구 세타 2-31-25
139.675583,35.596967,타마가와 경찰서 히가시타마가와 교번,"13112",4,세타가야구 히가시타마가와 1-32-9
139.62767,35.612076,타마가와 경찰서 후타코타마가와 교번,"13112",4,세타가야구 타마가와 2-21-3
139.632224,35.634295,타마가와 경찰 서마사 공원 앞 주재소,"13112",5,세타가야구 가미요가 2-1-2
139.653417,35.607354,타마가와 경찰서 오야마다이역 앞 교번,"13112",4,세타가야구 등등력 5-5-7
139.633891,35.626657,타마가와 경찰서 용가 교번,"13112",4,세타가야구 용가 4-10-1
139.678859,35.635963,세타가야 경찰서 시모마 사쵸메 교번,"13112",4,세타가야구 시모마 4-13-5
139.622585,35.645432,세타가야 경찰서 사쿠라오카 교번,"13112",4,세타가야구 사쿠라오카 5-17-17
139.669939,35.644235,세타가야 경찰서 산겐자야 교번,"13112",4,세타가야구 타이코도 4-22-1
139.679247, 35.645211, 세타가야 경찰서 미주쿠 교번, "13112", 4, 세타가야구 이케지리 2-4-15
139.660582, 35.642295, 세타가야 경찰서 와카바야시 교번, "13112", 4, 세타가야구 가미마 5-40-18
139.640751,35.640072,세타가야 경찰서 마츠가오카 교번,"13112",4,세타가야구 벚꽃 3-1-1
139.663332,35.63499,세타가야 경찰서 가미마 교번,"13112",4,세타가야구 가미마 4-2-1
139.651361, 35.642767, 세타가야 경찰서 세타가야 교번, "13112", 4, 세타가야구 세타가야 4-7-10
139.668915,35.647933,세타가야경찰서 태자당 지역안전센터,"13112",8,세타가야구 태자당 3-18-1
139.671693,35.630046,세타가야 경찰서 노자와 지역 안전 센터,"13112",8,세타가야구 노자와 4-1-18
139.613947,35.662652,성성경찰서 아시카공원지역안전센터,"13112",8,세타가야구 粕谷1-25-2
139.606086,35.671373,성성경찰서 가라스야마시모도쿠역안전센터,"13112",8,세타가야구 미나미가야마 3-10-8
139.600864,35.669762,성성경찰서 오산교번,"13112",4,세타가야구 미나미카야마 4-13-7
139.587809,35.637104,성성경찰서 키타미역 앞 교번,"13112",4,세타가야구 키타미9-2-32
139.592504,35.668151,성성경찰서급다교번,"13112",4,세타가야구급다4-9-1
139.629223,35.663236,성성경찰서 벚꽃상수교번,"13112",4,세타가야구 사쿠라상수 4-24-1
139.62314,35.668596,성성경찰서가미키타자와역 앞 교번,"13112",4,세타가야구 가미키타자와 3-33-11
139.59935,35.639969,성성경찰서성성교번,"13112",4,세타가야구 성성2-39-8
139.623724,35.647654,성성 경찰서 치토세 후나바시역 앞 교번,"13112",4,세타가야구 후나바시 1-9-47
139.609086,35.658347,성성 경찰서 치토세다이 교번,"13112",4,세타가야구 치토세다이 6-17-15
139.623057,35.656986,성성경찰서 후나바시교번,"13112",4,세타가야구 후나바시6-26-10
139.60948137,35.64336106,성성 경찰서 조사야 오조 교번,"13112",4,세타가야구 조사야 1-8-12
139.608475,35.648154,성성경찰서 조사야 지역안전센터,"13112",8,세타가야구 조사야 2-5-3
139.613614,35.634711,성성 경찰서 오쿠라 니쵸메 교번,"13112",4,세타가야구 오쿠라 2-6-6
139.603032,35.631684,성성 경찰서 도호마에 교번,"13112",4,세타가야구 키타미 6-10-11
139.658804,35.666625,키타자와 경찰서 하네기 교번,"13112",4,세타가야구 하네기 2-8-4
139.669636,35.662737,키타자와 경찰서 하타자와 교번,"13112",4,세타가야구 기타자와 2-8-11
139.659693,35.655793,키타자와 경찰 서궁 마에바시 교번,"13112",4,세타가야구 다이다 3-52-14
139.636901,35.651096,키타자와 경찰서 경당역 앞 교번,"13112",4,세타가야구 경당 1-20-8
139.639028,35.665541,키타자와 경찰서 아카마츠 교번,"13112",4,세타가야구 아카츠미4-44-17
139.642528, 35.65732, 키타자와 경찰서 아카미즈 교번, "13112", 4, 세타가야구 아카츠미
139.673859,35.655071,키타자와 경찰서 아와시마 통교번,"13112",4,세타가야구 다이자와 3-14-1
139.714271,35.669932,하라주쿠 경찰서 하라주쿠 지역 안전 센터,"13113",8,시부야구 진구마에 3-1-30
139.702892,35.686958,하라주쿠 경찰서 센다가야 고쵸메 교번,"13113",4,시부야구 센다가야 5-27-1
139.707022,35.667987,하라주쿠 경찰서 진구마에 교번,"13113",4,시부야구 진구마에 4-25-19
139.711715,35.680792,하라주쿠 경찰서 센다가야역 앞 교번,"13113",4,시부야구 센다가야 1-35-7
139.702022, 35.682652, 하라주쿠 경찰서 요요 기역 앞 교번, "13113", 4, 시부야 구 요요 기 1-32-2
139.696633,35.687096,하라주쿠 경찰서 요요기 니쵸메 교번,"13113",4,시부야구 요요기 2-13-9
139.697912,35.661127,시부야 경찰서 우다가와 교번,"13113",4,시부야구 우다가와초 31-6
139.709439,35.647406, 시부야 경찰서 에비스역 앞 교번,"13113",4,시부야구 에비스 미나미 1-5-5
139.7153,35.643935,시부야 경찰서 에비스 4초메 교번,"13113",4,시부야구 에비스 4-21-11
139.720522,35.648101,시부야 경찰서 히로오 고쵸메 교번,"13113",4,시부야구 히로오 5-20-6
139.700801,35.659238,시부야 경찰서 시부야역 앞 교번,"13113",4,시부야구 도겐자카 2-1-1
139.712577,35.658155,시부야 경찰서 조반송교번,"13113",4,시부야구 히가시4-2-1
139.701134,35.64724,시부야 경찰서 다이칸야마 교번,"13113",4,시부야구 사루라쿠초 30-5
139.707911,35.653794,시부야 경찰서 동교번,"13113",4,시부야구 히가시2-23-1
139.695714,35.657351, 시부야 경찰 서도 겐자카가미 교번,"13113",4,시부야구 마루야마초 3-7
139.717022,35.654822,시부야 경찰서일 적병원 앞 교번,"13113",4,시부야구 히로오 3-8-8
139.69819,35.652822,시부야 경찰서 하치야마 교번,"13113",4,시부야구 하치야마초 2-2
139.667331,35.674652,요요기 경찰서 사사즈카 교번,"13113",4,시부야구 사사즈카 2-14-1
139.686079,35.681319,요요기 경찰서 하츠다이역 앞 교번,"13113",4,시부야구 혼마치 1-1-10
139.687523,35.674181,요요기 경찰서 하츠다이 니쵸메 교번,"13113",4,시부야구 하쓰다이 2-26-4
139.682607,35.688901,요요기 경찰서 시미즈바시 교번,"13113",4,시부야구 혼마치 3-11-2
139.69219,35.667682,요요기 경찰서 요요기 공원 교번,"13113",4,시부야구 신난 2-3-19
139.693245,35.681736,요요기 경찰서 요요기 지역 안전 센터,"13113",8,시부야구 요요기 3-37-3
139.674802,35.676374,요요기 경찰서 하타가야역 앞 교번,"13113",4,시부야구 하타가야 1-5-5
139.680246,35.682957,요요기 경찰서 부동전 교번,"13113",4,시부야구 혼마치 6-11-1
139.668997,35.690817,나카노경찰서수교지역안전센터,"13114",8,나카노구 야요이초 5-25-14
139.67419,35.702094,나카노 경찰서 성산 지역 안전 센터,"13114",8,나카노구 중앙 3-13-14
139.671496, 35.709232, 나카노 경찰서 와세다 통 교번, "13114", 4, 나카노 구 나카노 5-5-13
139.664552,35.697622, 나카노 경찰서 중앙 고쵸메 교번,"13114",4,나카노구 중앙 5-14-1
139.666163,35.705371, 나카노 경찰서 나카노 에키마에 교번,"13114",4,나카노구 나카노 2-25-7
139.68314236,35.69669246, 나카노 경찰서 나카노자카카미 교번,"13114",4,나카노구 혼마치 1-32-3
139.686605,35.706121,나카노 경찰서 히가시나카노역 앞 교번,"13114",4,나카노구 히가시나카노 1-50-6
139.672079,35.697761,나카노 경찰서 나베야 요코초 교번,"13114",4,나카노구 중앙 3-33-3
139.668969,35.686318,나카노 경찰서 남대 교번,"13114",4,나카노구 야요이초 5-1-16
139.676913, 35.691456, 나카노 경찰서 혼고 도리 교번, "13114", 4, 나카노구 야요이초 2-4-10
139.644303,35.722313,노호 경찰서가 정통 교번,"13114",4,나카노구 와카미야 3-22-1
139.65583,35.722563,노호 경찰서 마루야마 지역 안전 센터,"13114",8,나카노구 노카타 4-44-12
139.67455,35.73109,노호경찰서 강원초교번,"13114",4,나카노구 강원초3-12-16
139.665884,35.724063,노호 경찰서 에코다 욘쵸메 교번,"13114",4,나카노구 에코다 4-1-3
139.637942,35.722868,노호 경찰서 사미야역 앞 교번,"13114",4,나카노구 사미야 4-1-14
139.627665,35.727173,노호 경찰서 사미야 롯쵸메 교번,"13114",4,나카노구 사미야 6-28-21
139.645331,35.715952,노호 경찰서 와카미야 교번,"13114",4,나카노구 와카미야 2-16-5
139.663524,35.719536,노호 경찰서 누마부쿠로 교번,"13114",4,나카노구 누마부쿠로 1-35-1
139.677689,35.712065,노호 경찰서 가미타카다 교번,"13114",4,나카노구 가미타카다 3-1-16
139.65433,35.71112,노호 경찰서 노가타 잇쵸메 교번,"13114",4,나카노구 노카타
139.652302,35.719813,노호 경찰서 노가타역 앞 교번,"13114",4,나카노구 노카타 5-32-16
139.671412,35.71612,노호 경찰서 약사역 앞 교번,"13114",4,나카노구 아라이 5-29-1
139.614753,35.72448, 오기쿠보 경찰서 이오기역 앞 교번,"13115",4,스기나미구 시모이쿠사 5-23-14
139.620861,35.704231, 오기쿠보 경찰서 오기쿠보역 남쪽 출구 교번,"13115",4,스기나미구 오기쿠보5-31
139.620417,35.705064, 오기쿠보 경찰서 오기쿠보역 북쪽 출입구번, "13115",4, 스기나미구 카미오기 1-26
139.617223,35.70112, 오기쿠보 경찰서 오기쿠보 고쵸메 교번,"13115",4,스기나미구 오기쿠보5-3-8
139.624166,35.723784, 오기쿠보 경찰서 시모이쿠사역 앞 교번,"13115",4,스기나미구 시모이쿠사 2-44
139.606056,35.719312, 오기쿠보 경찰서 이마가와 교번,"13115",4,스기나미구 우에이쿠사 2-7-8
139.603445,35.725034, 오기쿠보 경찰서 카미이쿠사역 앞 교번
139.618861,35.717118, 오기쿠보 경찰서 시미즈 지역 안전 센터,"13115",8,스기나미구 시미즈 3-21-30
139.599224, 35.704119, 오기쿠보 경찰서 니시오기쿠보 교번, "13115", 4, 스기나미구 니시오기키타 3-1-16
139.596613,35.716757, 오기쿠보 경찰 서선후쿠지 교번,"13115",4,스기나미구 젠후쿠지 1-34-19
139.595391,35.708952, 오기쿠보 경찰서 지사사카 지역 안전 센터,"13115",8,스기나미구 니시오기키타 4-34-9
139.626916,35.711841, 오기쿠보 경찰서 덴누마 교번,"13115",4,스기나미구 혼텐누마 2-5-1
139.602029,35.712368, 오기쿠보 경찰서 모모이 욘쵸메 교번,"13115",4,스기나미구 모모이 4-3-3
139.643555,35.676152,타카이도 경찰서 영복초역 앞 교번,"13115",4,스기나미구 영복 2-60-30
139.638944,35.667125,타카우물 경찰서하 타카이도 교번,"13115",4,스기나미구 시모타카우물 1-9-9
139.59928,35.687288,타카이도 경찰서 구가야마 교번,"13115",4,스기나미구 구가야마 3-23-20
139.614668, 35.681733, 다카이도 경찰서 다카이도 니시 교번, "13115", 4, 스기나미구 다카이도 니시 1-27-25
139.617668, 35.687927, 다카이도 경찰서 다카이도 히가시 지역 안전 센터, "13115", 8, 스기나미 구 다카이도 히가시 3-29-24
139.630167, 35.669985, 다카이도 경찰서 소겐지마에 교번, "13115", 4, 스기나미구 시모타카 우물 4-2-2
139.614252, 35.672096, 타카 우물 경찰서 상 타카 우물 교번, "13115", 4, 스기나미 구 카미 타카 우물 1-13-2
139.635889,35.67854,타카이도 경찰서 니시나가후쿠역 앞 교번,"13115",4,스기나미구 에이후쿠 3-36-1
139.60003,35.69712,타카이도 경찰서 니시오기난 교번,"13115",4,스기나미구 니시오기난 2-1-2
139.658331,35.675513,타카이도 경찰 서천 미나미 교번,"13115",4,스기나미구 이즈미1-31-6
139.626938, 35.684956, 다카이도 경찰서 하마다 산 교번, "13115", 4, 스기나미 구 하마다 산 4-15-2
139.657276,35.681179,타카이도 경찰서 이즈미 교번,"13115",4,스기나미구 방남 2-29-24
139.653554,35.670902,타카이도 경찰서 이즈미 지역 안전 센터,"13115",8,스기나미구 이즈미 2-5-10
139.636304,35.704676,스기나미 경찰서 아사야역 앞 교번,"13115",4,스기나미구 아사야 미나미 3-36-1
139.638304,35.712814,스기나미 경찰서 아사야 기타 교번,"13115",4,스기나미구 아사야 기타4-29-10
139.64997,35.705565,스기나미 경찰서 고엔지역 앞 교번,"13115",4,스기나미구 고엔지 기타2-5-1
139.656192,35.698233,스기나미 경찰서 고엔지 교번,"13115",4,스기나미구 고엔지 미나미 1-11-1
139.652414,35.702649, 스기나미 경찰서 고엔지 미나미욘초메 교번,"13115",4,스기나미구 고엔지 미나미 4-12-9
139.644554,35.692483,스기나미 경찰서 마츠노기 지역 안전 센터,"13115",8,스기나미구 마츠노기 2-35-9
139.648915,35.698066, 스기나미 경찰서 신고엔지역 앞 교번,"13115",4,스기나미구 고엔지 미나미 2-16-3
139.628911,35.70259,스기나미 경찰서 성종 교번,"13115",4,스기나미구 아사야 미나미 3-12-2
139.638277,35.692538,스기나미 경찰서 나리타 교번,"13115",4,스기나미구 나리타히가시3-7-5
139.638777,35.698149,스기나미 경찰서 히가시타마치 교번,"13115",4,스기나미구 나리타히가시4-34-16
139.654415,35.691955,스기나미 경찰서 호리노우치 교번,"13115",4,스기나미구 호리노우치 3-49-26
139.664941,35.690234,스기나미 경찰서 와다 혼마치 교번,"13115",4,스기나미구 와다 1-2-8
139.71902388,35.73006812,스가모 경찰서 선샤인 앞 교번,"13116",4,도시마구 히가시이케부쿠로 3-1-7
139.74671901,35.73681883,스가모 경찰서 고마고메역 앞 교번,"13117",4,도시마구 고마고메 2-2-1
139.726878,35.742702, 스가모 경찰서 庚甲塚 교번, "13116", 4, 도시마구 니시 스가모 3-20-14
139.738878,35.733453,스가모 경찰서 스가모역 앞 교번,"13116",4,도시마구 스가모 2-1-1
139.724879, 35.72937, 스가모 경찰서 스가모 코우하라 지역 안전 센터, "13116", 8, 도시마구 히가시이케부쿠로 2-1-1
139.729295,35.731036,스가모 경찰서 오츠카역 앞 교번,"13116",4,토시마구 미나미오츠카 3-33-1
139.719407,35.740396,이케부쿠로 경찰서 카미이케부쿠로 교번,"13116",4,토시마구 카미이케부쿠로 3-47-6
139.702159,35.727203,이케부쿠로 경찰서 니시이케부쿠로 지역 안전 센터,"13116",8,도시마구 니시이케부쿠로 3-10-7
139.710574,35.739146,이케부쿠로 경찰서 가와고에 통교번,"13116",4,도시마구 이케부쿠로혼마치 2-1-3
139.710065,35.73157,이케부쿠로 경찰서 이케부쿠로역 서쪽 출구 교번,"13116",4,도시마구 니시이케부쿠로 1-26-3
139.712765,35.729485,이케부쿠로 경찰서 이케부쿠로역 동쪽 출입구 교번,"13116",4,도시마구 미나미이케부쿠로 1-27-7
139.706714,35.731591,이케부쿠로 경찰서 이케부쿠로 니타마 교번,"13116",4,도시마구 니시이케부쿠로 5-1-11
139.711463,35.742701,이케부쿠로 경찰서 이케부쿠로 혼마치 교번,"13116",4,도시마구 이케부쿠로 혼마치 3-13-1
139.717269,35.728036,이케부쿠로 경찰서 히가시이케부쿠로 교번,"13116",4,도시마구 히가시이케부쿠로 4-7-9
139.711547,35.733397,이케부쿠로 경찰서 평화통 교번,"13116",4,도시마구 이케부쿠로 2-48-1
139.715991, 35.733202, 이케부쿠로 경찰서 6 츠마타 교번, "13116", 4, 도시마구 히가시이케부쿠로 1-34-1
139.718269,35.724231, 메지로 경찰서 잡지가 다니 교번,"13116",4,도시마구 미나미이케부쿠로 4-25-3
139.682743,35.734757,메지로 경찰서 수도단 지역 안전 센터,"13116",8,도시마구 나가사키 5-21-5
139.690993,35.736785,메지로 경찰서 치카와 교번,"13116",4,도시마구 요마치 3-1-15
139.713853,35.719176,메지로 경찰서 센토세바시 교번,"13116",4,도시마구 잡지가야
139.690021,35.729341,메지로 경찰서 나가사키 지역 안전 센터,"13116",8,도시마구 나가사키 2-21-3
139.695662,35.726564,메지로 경찰 서시나마치역 앞 교번,"13116",4,도시마구 나가사키 1-9-30
139.683383, 35.729508, 메지로 경찰서 히가시 나가사키 역 앞 교번, "13116", 4, 도시마구 미나미나가사키 5-33-7
139.711936,35.72637,메지로 경찰서 미나미이케부쿠로 교번,"13116",4,토시마구 미나미이케부쿠로 3-13-10
139.689188,35.722953,메지로 경찰서 미나미나가사키 교번,"13116",4,토시마구 미나미나가사키 3-2-1
139.706394,35.721596,메지로 경찰서 메지로역 앞 교번,"13116",4,토시마구 메지로 3-3-1
139.699464,35.732785,메지로 경찰서 요마치 교번,"13116",4,도시마구 니시이케부쿠로 5-25-5
139.73809,35.753206, 왕자 경찰서 왕자역 앞 교번,"13117",4,기타구 왕자 1-4-12
139.735238,35.766171, 왕자 경찰서 왕자 고쵸메 교번,"13117",4,기타구 왕자 5-4-55
139.733822,35.753701, 왕자 경찰서 왕자 혼마치 교번,"13117",4,기타구 오지 혼마치 1-18-5
139.721906,35.760394, 왕자경찰서주조역 앞 교번,"13117",4,기타구 가미쥬조 2-27-15
139.719275,35.765446,왕자경찰서주조나카하라교번,"13117",4,기타구 주조나카하라3-14-3
139.726989,35.762449, 왕자 경찰서 중주조 교번,"13117",4,기타구 중주조 2-10-1
139.728655,35.765838, 왕자 경찰서 동주조 교번,"13117",4,기타구 동주조 3-14-5
139.722405,35.786751,아카바네 경찰서 이와부치 교번,"13117",4,기타구 이와부치초 41-1
139.734321,35.769865,아카바네 경찰서궁 호리 교번,"13117",4,기타구 카미야 3-1
139.726016,35.776587,아카바네 경찰서 시모 지역 안전 센터,"13117",8,기타구 아카바네 미나미 1-16-25
139.730488,35.780336,아카바네 경찰서 시모 시쵸메 교번,"13117",4,기타구 시모 4-11-2
139.710712,35.770754,아카바네 경찰서 니시가오카 교번,"13117",4,기타구 니시가오카 1-44-10
139.721079,35.778465, 아카바네 경찰서 아카바네역 앞 교번,"13117",4,기타구 아카바네 1-1-3
139.720933,35.773004, 아카바네 경찰서 아카바네 서쪽 교번,"13117",4,기타구 아카바네니시 2-18-19
139.70798, 35.785728, 아카바네 경찰서 아카바네 기타 교번, "13117", 4, 기타구 아카바네 키타 2-32-9
139.697185,35.789723,아카바네 경찰서 부간 교번,"13117",4,기타구 부간 4-13-20
139.713322,35.778586, 아카바네 경찰서 호젠지 교번,"13117",4,기타구 아카바네다이 3-24-3
139.726961,35.747146,타키노가와 경찰서 오요노다이 지역 안전 센터,"13117",8,기타구 타키노가와 5-12-7
139.747432,35.742869,타키노가와 경찰서 니시가하라 교번,"13117",4,기타구 니시가하라 1-19-10
139.732767,35.745479,타키노가와 경찰서 타키노가와 잇쵸메 교번,"13117",4,기타구 타키노가와 1-86-18
139.7517917,35.73651712,타키노가와 경찰서 나카사토 교번,"13117",4,기타구 나카사토 1-11-1
139.758543,35.738425,타키노가와 경찰서 다바타 다카다이 교번,"13117",4,기타구 타바타 6-3-1
139.762118,35.739115,타키노가와 경찰서 히가시타바타 교번,"13117",4,기타구 히가시타바타 1-16-8
139.720268,35.745812,타키노가와 경찰서 이타바시역 동쪽 출구 교번,"13117",4,기타구 타키노가와 7-4-1
139.737222,35.75191,타키노가와 경찰서 아스카야마 교번,"13117",4,기타구 왕자 1-1-15
139.75507,35.746813,타키노가와 경찰서 오오쿠역 앞 교번,"13117",4,기타구 쇼와초 1-2-1
139.784403,35.738788,아라카와구 협전 안전・안심 스테이션,"13118",8,아라카와구 아라카와 2-27-2
139.776792,35.737371,아라카와 경찰서 아라카와 고쵸메 교번,"13118",4,아라카와구 아라카와 5-1-1
139.785068,35.749842,아라카와구 아라키다 안전·안심 스테이션,"13118",8,아라카와구 마치야 6-1-16
139.778459,35.733511,아라카와 경찰서 미카와시마역 앞 교번,"13118",4,아라카와구 니시닛포리 1-6-8
139.766404,35.731982,아라카와 경찰서 니시닛포리역 앞 교번,"13118",4,아라카와구 니시닛포리 3-5-1
139.772959,35.737482,아라카와 경찰서 니시닛포리 롯쵸메 교번,"13118",4,아라카와구 니시닛포리 6-5-7
139.780847,35.742954,아라카와 경찰서 마치야 교번,"13118",4,아라카와구 마치야 1-1-5
139.77718,35.744453,아라카와구 마치야 안전·안심 스테이션,"13118",8,아라카와구 마치야 2-20-13
139.785569,35.729261,아라카와 경찰서 히가시닛포리 교번,"13118",4,아라카와구 히가시닛포리 2-27-3
139.77151,35.728163,아라카와 경찰서 닛포리역 앞 교번,"13118",4,아라카와구 니시닛포리 2-19-7
139.796123,35.737094,미나미센주 경찰서 텐노마에 교번,"13118",4,아라카와구 미나미센주 6-60-17
139.792929,35.733122, 미나미 센주 경찰서 미나미 센주 잇쵸메 교번, "13118", 4, 아라카와 구 미나미 센주 1-56-11
139.799921,35.732836, 미나미 센주 경찰서 미나미 센주 역 동쪽 출구 교번, "13118", 4, 아라카와 구 미나미 센주 4-1-2
139.799068, 35.73015, 미나미 센주 경찰서 미나미 센주 산쵸메 교번, "13118", 4, 아라카와 구 미나미 센주 3-2-10
139.808013, 35.732401, 미나미 센주 경찰서 미나미 센주 지역 안전 센터, "13118", 8, 아라카와 구 미나미 센주 3-24-4
139.806873,35.737178, 미나미 센주 경찰서 미나미 센주 핫초메 교번, "13118", 4, 아라카와 구 미나미 센주 8-4-6
139.645801,35.770613,타카시마 히라 경찰서 아카츠카 교번,"13119",4,이타바시구 아카츠카 1-7-3
139.660182,35.788454, 다카시마다이라 경찰서 다카시마다이라역 앞 교번,"13119",4,이타바시구 다카시마다이라 2-34-1
139.644356,35.79261,다카시마 히라 경찰서 사사메 다리 교번,"13119",4,이타바시구 다카시마 히라 6-1-1
139.647356,35.780195, 다카시마 히라 경찰서 마쓰즈키인 앞 교번,"13119",4,이타바시구 아카츠카 8-3-3
139.637884,35.782195,다카시마 히라 경찰서 아카츠카 교번,"13119",4,이타바시구 아카츠카 3-41-1
139.663906, 35.795065, 다카시마 히라 경찰서 신카와 기시 교번, "13119", 4, 이타바시 구 신카와 기시
139.632574, 35.777073, 다카시마 히라 경찰 서성증 역 앞 교번, "13119", 4, 이타바시 구 나리 마스 2-15-21
139.673909,35.786612, 다카시마다이라 경찰서 니시다이역 앞 교번,"13119",4,이타바시구 다카시마다이라 1-80-17
139.634857, 35.775029, 다카시마 히라 경찰서 아카츠카 교번, "13119", 4, 이타바시 구 나리 마사 2-5-8
139.661661,35.769113,타카시마 히라 경찰서 기타노 교번,"13119",4,이타바시구 도쿠마루 2-3-10
139.685741,35.796277,시무라 경찰서 도다바시 지역 안전 센터,"13119",8,이타바시구 후나도 3-24
139.684658,35.787806,시무라 경찰서 사카시타 교번,"13119",4,이타바시구 사카시타 3-22-12
139.694269,35.776475,시무라 경찰서 사카가미 교번,"13119",4,이타바시구 시무라 2-3-1
139.700238,35.771476,시무라 경찰서 소두자와 교번,"13119",4,이타바시구 렌누마초 83-5
139.70424,35.765448,시무라 경찰서 시미즈초 교번,"13119",4,이타바시구 시미즈초 75-5
139.670437,35.773808,시무라 경찰서 니시다이 교번,"13119",4,이타바시구 니시다이 3-17-5
139.695213,35.766143,시무라 경찰서 마에노초 교번,"13119",4,이타바시구 마에노초 1-31-4
139.676548,35.768808,시무라 경찰서 중대 교번,"13119",4,이타바시구 나카다이 1-45-11
139.677964,35.774502,시무라 경찰서 나카다이 산쵸메 교번,"13119",4,이타바시구 나카다이 3-27-5
139.688936,35.771614,시무라 경찰서 기타마에노 지역 안전 센터,"13119",8,이타바시구 마에노초 4-15
139.676214,35.780362,시무라 경찰서 연근 교번,"13119",4,이타바시구 연근 2-6-3
139.716268,35.753311,이타바시 경찰서 가가 교번,"13119",4,이타바시구 가가 1-10-4
139.706047,35.741979,이타바시 경찰서 구마노마치 교번,"13119",4,이타바시구 구마노마치 11-9
139.685465, 35.740451, 이타바시 경찰 서향원 지역 안전 센터, "13119", 8, 이타바시 구 무라하라 1-4-14
139.677104,35.763364,이타바시 경찰서 카미이타바시역 앞 교번,"13119",4,이타바시구 도키와다이 4-32-2
139.689909,35.758754,이타바시 경찰서 도키와다이 교번,"13119",4,이타바시구 도키와다이 1-43-1
139.701175,35.750153,이타바시 경찰서 오야마마치 교번,"13119",4,이타바시구 오야마마치 33-7
139.691131,35.7462,이타바시 경찰서 오타니구치 교번,"13119",4,이타바시구 오타니구치 1-4-9
139.695797,35.755783,이타바시 경찰서 나카이타바시 교번,"13119",4,이타바시구 야요이초 33-2
139.687603,35.755255,이타바시 경찰서 히가시야마초 교번,"13119",4,이타바시구 히가시야마초 48-4
139.70774,35.759227,이타바시 경찰서 이타바시 혼마치 교번,"13119",4,이타바시구 혼마치 25-11
139.69713,35.759727,이타바시 경찰서 후지미 교번,"13119",4,이타바시구 후지미 20-22
139.715879,35.749006,이타바시 경찰서 히라오 교번,"13119",4,이타바시구 이타바시 1-42-7
139.677466,35.747644,이타바시 경찰서 모로 교번,"13119",4,이타바시구 고모네 4-7-1
139.701825,35.74995,이타바시 경찰서 양육원 앞 교번,"13119",4,이타바시구 사카에마치 35-3
139.629747,35.769863, 히카리가오카 경찰 서광가오카 공원 지역 안전 센터, "13120", 8, 네리마 구 히카리가오카 4-1-3
139.626831,35.753864, 히카리가오카 경찰 서광가오카 산쵸메 교번, "13120", 4, 네리마구 히카리가오카 3-3-1
139.607822, 35.75462, 히카리가오카 경찰서 미하라다이 교번, "13120", 4, 네리마구 타니하라 6-9-2
139.619796, 35.747038, 히카리가오카 경찰 서야하라 교번, "13120", 4, 네리마구 타카노다이 2-2624-6
139.641551,35.766336, 히카리가오카 경찰 서전 무늬 교번
139.619803, 35.766418, 히카리가오카 경찰서 토시다 교번, "13120", 4, 네리마구 아사히초 1-42-9
139.623748, 35.736783, 히카리가오카 경찰서 후지미다이 지역 안전 센터, "13120", 8, 네리마구 후지미다이 2-18-24
139.663688,35.764392, 히카리가오카 경찰서 기타마치 교번,"13120",4,네리마구 기타마치 1-14-6
139.616793, 35.740689, 히카리가오카 경찰서 네리마 타카노다이역 앞 교번, "13120", 4, 네리마구 타카노다이 1-7-28
139600362
139.581086,35.723033,이시가미 경찰서 세키마치 교번,"13120",4,네리마구 세키마치 미나미 3-12-24
139.591252,35.72645,이시가미 경찰서 카미이시 카미이역 앞 교번,"13120",4,네리마구 카미이시 카미 4-1-16
139.576057,35.759779,이시가미 경찰서 니시오이즈미 교번,"13120",4,네리마구 니시오이즈미 2-16-28
139.605972,35.743559,이시가미 경찰서 이시가미역 앞 교번,"13120",4,네리마구 이시가미초 3-23-10
139.586129,35.749292,이시가미 경찰서 오이즈미 가쿠엔역 앞 교번,"13120",4,네리마구 히가시오이즈미 5-42-1
139.587357,35.767961,이시가미 경찰서 오이즈미 학원 교번,"13120",4,네리마구 오이즈미 가쿠엔초 4-27-18
139.593417,35.750892,이시가미 경찰서 히가시오이즈미 주재소,"13120",5,네리마구 히가시오이즈미 2-8-2
139.572586,35.74417,이시가미 경찰서 미나미오이즈미 교번,"13120",4,네리마구 미나미오이즈미4-29-11
139.582613,35.737865,이시가미 경찰서 후지 가도 교번,"13120",4,네리마구 이시가미다이 6-15-3
139.576503,35.727255,이시가미 경찰서 무사시 세키역 앞 교번,"13120",4,네리마구 세키마치 기타 2-28-21
139.599722,35.76289,이시가미 경찰서 기타오이즈미 교번,"13120",4,네리마구 오이즈미초 4-15-9
139.669522,35.741839,네리마 경찰서 하와자와 교번,"13120",4,네리마구 하와사와 2-2-4
139.634192, 35.741838, 네리마 경찰서 칸이 교번, "13120", 4, 네리마구 칸이 2-31-17
139.673689, 35.737034, 네리마 경찰서 에코다역 앞 교번, "13120", 4, 네리마구 아사히오카 1-78-7
139.661384,35.738867,네리마 경찰서 사쿠라다이 교번,"13120",4,네리마구 사쿠라다이 1-5-1
139.639799,35.7514,네리마 경찰서 가스가마치 교번,"13120",4,네리마구 가스가초 5-31-1
139.675411,35.741756,네리마 경찰서 고타케마치 교번,"13120",4,네리마구 고타케초 2-43-7
139.658661,35.754698,네리마 경찰서 하야미야 교번,"13120",4,네리마구 하야미야 2-1-31
139.638136,35.736283,네리마 경찰서 나카무라바시 교번,"13120",4,네리마구 나카무라 기타 4-2-4
139.656718, 35.729368, 네리마 경찰서 히카와 신사 앞 교번, "13120", 4, 네리마구 도요타마 미나미 2-15-20
139.630199, 35.736007, 네리마 경찰서 후지미다이 역 앞 교번, "13120", 4, 네리마구 칸이 3-9-10
139.662579,35.735173,네리마 경찰서 도요타마 교번,"13120",4,네리마구 도요타마키타 3-20-1
139.649385, 35.741255, 네리마 경찰서 도요시마엔 마에 교번, "13120", 4, 네리마구 네리마 4-26-12
139.655163, 35.737256, 네리마 경찰서 네리마 에키마에 교번, "13120", 4, 네리마구 네리마 1-4-1
139.822814,35.761758,아야세 경찰서 아야세역 서쪽 출구 교번,"13121",4,아다치구 아야세 1-38-16
139.827841,35.762869,아야세 경찰서 아야세역 동쪽 출입구 교번,"13121",4,아다치구 아야세 3-10-18
139.826063,35.76884,아야세 경찰서 아야세 6초메 교번,"13121",4,아다치구 아야세 6-28-1
139.815452,35.778755, 아야세 경찰서 이치츠가 교번,"13121",4,아다치구 이치츠야 3-8-14
139.810537,35.770701,아야세 경찰서 히로미치 교번,"13121",4,아다치구 히로미치 1-30-5
139.831728,35.791726,아야세 경찰서 신명 교번,"13121",4,아다치구 신명남 2-17-9
139.806148,35.766257,아야세 경찰서 아다치 4초메 교번,"13121",4,아다치구 아다치 4-20-11
139.843311,35.776367,아야세 경찰서 오타니다 교번,"13121",4,아다치구 오타니다 3-4-20
139.803486,35.775043,아야세 경찰서 주오혼마치 교번,"13121",4,아다치구 주오혼마치 1-17-2
139.852339,35.77209,아야세 경찰서 나카가와 교번,"13121",4,아다치구 나카가와 5-1-3
139.841312,35.769035,아야세 경찰서 히가시와 교번,"13121",4,아다치구 히가시와 2-13-18
139.788761,35.769673,니시 아라이 경찰서 세키하라 산쵸메 교번,"13121",4,아다치구 세키하라 3-25-12
139.755847,35.762228,니시아라이 경찰서 미야기 교번,"13121",4,아다치구 미야기 2-6-5
139.78551,35.783115,니시 아라이 경찰서 구리하라 지역 안전 센터,"13121",8,아다치구 구리하라 4-2-11
139.762069,35.76895,니시 아라이 경찰서 강북 교번,"13121",4,아다치구 강북 2-36-6
139.76204,35.789364,니시 아라이 경찰서 접시 늪 교번,"13121",4,아다치구 카가하마 8-11-11
139.750819,35.778809,니시 아라이 경찰서 가가하마 교번,"13121",4,아다치구 가가하마 2-1-1
139.74546063,35.77173281,니시아라이 경찰서 닛타 주재소,"13121",5,아다치구 닛타 3-28-1
139.789677, 35.776811, 니시 아라이 경찰서 니시 아라이 역 앞 교번, "13121", 4, 아다치 구 니시 아라이 사카에 마치 2-1-1
139.779094,35.786004,니시아라이 경찰서 니시아라이 고쵸메 교번,"13121",4,아다치구 니시아라이 5-42-15
139.770457,35.766922,니시아라이 경찰서 부채 번, "13121",4,아다치구 부채 2-38-17
139.781316,35.778227,니시아라이 경찰서 대사 앞 교번,"13121",4,아다치구 니시아라이 1-1-7
139.79787,35.782088,니시 아라이 경찰서 시마네 교번,"13121",4,아다치구 시마네 2-19-12
139.803073,35.763426,니시아라이 경찰서 우메다 잇쵸메 교번,"13121",4,아다치구 우메다 1-6-18
139.797815,35.769923,니시 아라이 경찰서 우메다 나나초메 교번,"13121",4,아다치구 우메다 7-17-6
139.782345,35.764201,니시 아라이 경찰서 모토기 교번,"13121",4,아다치구 혼키 미나미마치 22-10
139.809733,35.746704,센주 경찰서 아사히초 교번,"13121",4,아다치구 센주 히가시2-21-8
139.790289,35.755646,센주 경찰서 사쿠라기초 교번,"13121",4,아다치구 센주 모토마치 38-7
139.812011,35.743177, 센주 경찰서 아케네마치 교번,"13121",4
139.801288,35.754147, 센주 경찰서 센주 욘쵸메 교번, "13121", 4, 아다치 구 센주 4-9-2
139.79754,35.740316,센주 경찰서 오하시 교번,"13121",4,아다치구 센주 하시토마치 36
139.798262,35.746787,센주 경찰서 대사도 지역 안전 센터,"13121",8,아다치구 센주미야 모토마치 14-1
139.803343,35.746928, 센주 경찰서 기타 센주 역 서쪽 출구 교번, "13121", 4, 아다치 구 센주 2-86
139.806039,35.748704, 센주 경찰서 기타 센주 역 동쪽 출구 교번, "13121", 4, 아다치 구 센주 아사히 마치 4-6
139.792762,35.744621,센주 경찰서 미도리마치 교번,"13121",4,아다치구 센주 미도리초 2-15-27
139.788565,35.79542,다케노츠카 경찰서 이코마치 교번,"13121",4,아다치구 니시타케의 츠카1-19-10
139.818035,35.798337,대나무의 츠카 경찰서 꽃밭 교번,"13121",4,아다치구 남화밭 4-27-12
139.802064,35.795503,다케노츠카 경찰서 니시호기간 교번,"13121",4,아다치구 니시호키마 1-14-24
139.792148,35.793837, 다케노츠카 경찰서 다케노츠카역 앞 교번,"13121",4,아다치구 다케노츠카 6-4-2
139.761845,35.802205,다케노츠카 경찰서 이리타니마치 교번,"13121",4,아다치구 이리야 5-1-2
139.81023,35.794865,대나무의 츠카 경찰서 호키간 교번,"13121",4,아다치구 토호기간 2-4-8
139.856424,35.719513,카츠시카 경찰서 타츠미바시 교번,"13122",4,카츠시카구 니시신 코이와 4-42-15
139.863756,35.734512,카츠시카 경찰서 오쿠도 교번,"13122",4,카츠시카구 오쿠도 3-28-10
139.88031651,35.74735291,카츠시카 경찰서 가마쿠라 교번,"13122",4,카츠시카구 가마쿠라 4-15-2
139.868116,35.751315,카츠시카 경찰서 타카사역 앞 교번,"13122",4,카츠시카구 다카사 5-43-1
139.872572,35.747588,카츠시카 경찰서 다카사 지역 안전 센터,"13122",8,카츠시카구 다카사 4-2-1
139.869564,35.74012,카츠시카 경찰서 호소다 교번,"13122",4,카츠시카구 호소다 1-15-9
139.833787,35.731735,카츠시카 경찰서 요쓰기역 앞 교번,"13122",4,카츠시카구 요츠키 1-3-15
139.833453,35.735456,카츠시카 경찰서 요츠키 교번,"13122",4,카츠시카구 요츠키 4-1-22
139.866617,35.720263,카츠시카 경찰서 고마쓰바시 교번,"13122",4,카츠시카구 신코이와 4-34-18
139.852841, 35.72354, 카츠 시카 경찰서 카미 히라이 교번, "13122", 4, 카츠 시카 구 히가시 신 코이와 7-1-1
139.858618,35.716596,카츠시카 경찰서 신코이와역 앞 교번,"13122",4,카츠시카구 신코이와 1-47-1
139.856672,35.74626,카츠시카 경찰서 아오토역 앞 교번,"13122",4,카츠시카구 아오토 3-36-1
139.847896,35.728567,카츠시카 경찰서 평화교 교번,"13122",4,카츠시카구 히가시타테이시 1-13-2
139.836452,35.746732,카츠시카 경찰서 다카라마치 교번,"13122",4,카츠시카구 다카라마치 2-20-11
139.82662,35.74701,카츠시카 경찰서 호리키리역 앞 교번,"13122",4,카츠시카구 호리키리 4-10-1
139.830509,35.740761,카츠시카 경찰서 호리키리 교번,"13122",4,카츠시카구 호리키리 1-27-5
139.848923, 35.738955, 카츠 시카 경찰 서립 이시 에키 마에 교번
139.845591,35.736622,카츠시카 경찰서립석교번,"13122",4,카츠시카구립석1-8-20
139.839674,35.750426, 카메유 경찰서 하나차야 교번,"13122",4,카츠시카구 하나차야 2-5-18
139.85981,35.793448, 카메유 경찰서 카츠미바시 교번,"13122",4,카츠시카구 미즈모토 공원 8-1
139.847617,35.766174, 카메유 경찰서 카메아리역 남쪽 출입구 교번,"13122",4,카츠시카구 카메유 3-25-1
139.848006,35.767285, 가메유 경찰서 가메아리역 북쪽 출구 교번,"13122",4,카츠시카구 가메아리 5-34-1
139.87131,35.76884, 카메유 경찰서 가네마치역 남쪽 출구 교번,"13122",4,카츠시카구 가네마치 6-4-1
139.870115,35.770062, 카메유 경찰 서금초역 북쪽 출입구번,"13122",4,카츠시카구 히가시카나초 1-23-1
139.877115,35.75612, 카메유 경찰서 시바마타 교번,"13122",4,카츠시카구 시바마타 6-12-2
139.870477,35.758481, 카메유 경찰서 시바마타 니쵸메 교번,"13122",4,카츠시카구 시바마타 2-3-6
139.843951,35.757009, 카메유 경찰서 13바시 지역 안전 센터,"13122",8,카츠시카구 니시카메 아리 1-33-9
139.823119,35.755397, 카메유 경찰서 고스가 교번,"13122",4,카츠시카구 고스가 3-5-22
139.866921,35.781005, 카메유 경찰서 미즈모토 공원 앞 교번,"13122",4,카츠시카구 히가시미즈모토 3-1-3
139.833285,35.758842, 카메유 경찰서 니시카메 아리 교번,"13122",4,카츠시카구 니시카메 아리 2-30-3
139.85095,35.753842, 카메유 경찰서 아오도 교번,"13122",4,카츠시카구 아오도 8-1-1
139.879559,35.776422, 카메유 경찰서 히가시카나마치 교번,"13122",4,카츠시카구 히가시카나초 7-5-5
139.866337,35.776117, 카메유 경찰서 남수원 교번,"13122",4,카츠시카구 남수원3-6-1
139.830147,35.754009, 카메유 경찰서 호리키리 7초메 교번,"13122",4,카츠시카구 호리기리 7-8-20
139.872369,35.663437,카사이 경찰서 카사이역 앞 교번,"13123",4,에도가와구 나카카사이 5-43-21
139.857537,35.670324,카사이 경찰서 카사이바시 히가시교번,"13123",4,에도가와구 니시카사이 1-15-14
139.871674,35.667797,카사이 경찰서 공영교교번,"13123",4,에도가와구 나카카사이 3-27-11
139.879943,35.676893,카사이 경찰서 에도가와 롯쵸메 교번,"13123",4,에도가와구 에도가와 6-7
139.855426,35.65752,카사이 경찰서 기요신마치 교번,"13123",4,에도가와구 기요신마치 2-8-6
139.859806,35.664121,카사이 경찰서 니시카사이역 앞 교번,"13123",4,에도가와구 니시카사이 6-15-1처
139.863814,35.6836,카사이 경찰서 후나보리역 앞 교번,"13123",4,에도가와구 후나보리 3-6-1
139.88234,35.665826,카사이 경찰서 히가시카사이 고쵸메 교번,"13123",4,에도가와구 히가시카사이 4-19-7
139.871536,35.648327,카사이 경찰서 남부 카사이 교번,"13123",4,에도가와구 미나미카사이 3-16-9
139.861121,35.6438,카사이 경찰서 임해 공원 교번,"13123",4,에도가와구 임해초 6-2-5
139.890837,35.732262, 고이와 경찰서 이치사츠카 교번,"13123",4,에도가와구 히가시코이와 5-33-25
139.882615,35.741566, 고이와 경찰서 게이세이 코이와역 앞 교번,"13123",4,에도가와구 기타코이와 2-7-1
139.895253,35.735873, 고이와 경찰서 에도가와 교번,"13123",4,에도가와구 기타코이와 3-26-24
139.88931,35.710294, 코이와 경찰서 사슴골 교번,"13123",4,에도가와구 시골 1-59-3
139.88231,35.733401, 코이와 경찰서 코이와 역 앞 교번, "13123", 4, 에도가와 구 미나미 코이와 7-24-15
139.874061,35.716375, 고이와 경찰서 스가와라바시 교번,"13123",4,에도가와구 혼이치로 2-22-15
139.875394,35.731818, 고이와 경찰서 니시 코이와 교번, "13123", 4, 에도가와 구 니시 코이와 1-3-13
139.890198,35.720903, 코이와 경찰서 미나미 코이와 교번, "13123", 4, 에도가와 구 미나미 코이와 2-15-19
139.881005, 35.72218, 고이와 경찰서 2매교 교번, "13123", 4, 에도가와구 히가시마쓰모토 2-17-13
139.884837,35.736456, 고이와 경찰서 기타 코이와 니쵸메 교번, "13123", 4, 에도가와 구 기타 코이와 2-1-17
139.879645,35.689684, 고마쓰카와 경찰서 이치노에 교번,"13123",4,에도가와구 이치노에 4-6-18
139.873895, 35.70321, 고마쓰카와 경찰서 게이바통 교번, "13123", 4, 에도가와구 중앙 2-27-15
139.887006,35.683713, 고마쓰카와 경찰서 이마이 교번,"13123",4,에도가와구 니시즈이강 4-5-3
139.903432,35.705533, 고마쓰카와 경찰서 시노자키역 앞 교번,"13123",4,에도가와구 시노자키초 7-27-15
139.849481,35.689516, 고마쓰카와 경찰서 고마쓰카와 잇쵸메 교번,"13123",4,에도가와구 고마쓰카와 1-4-3
139.850426,35.699792, 고마쓰카와 경찰서 고마쓰카와 요쵸메 교번,"13123",4,에도가와구 고마쓰카와 4-52-5
139.870062,35.697044,고마쓰카와 경찰서 마쓰에 교번,"13123",4,에도가와구 마쓰에 1-16-31
139.859397,35.711652, 고마쓰카와 경찰서 마쓰시마 욘쵸메 교번,"13123",4,에도가와구 마쓰시마 4-42-9
139.89781,35.692853, 고마쓰카와 경찰서 미즈에역 앞 교번,"13123",4,에도가와구 니시즈이에 2-2-1
139.867785, 35.691489, 고마쓰카와 경찰서 히가시 고마쓰카와 교번, "13123", 4, 에도가와구 마쓰에 3-1-3
139.897783,35.686047, 고마쓰카와 경찰서 동서강교번,"13123",4,에도가와구 동서강2-39-3
139.90868, 35.693524, 고마쓰카와 경찰서 미나미 시노자키 교번, "13123", 4, 에도가와구 미나미 시노자키초 5-12-7
139.867312,35.708681, 고마쓰카와 경찰서 야쿠사바시 교번,"13123",4,에도가와구 중앙 4-25-19
139.842815,35.706319, 고마쓰카와 경찰서 히라이 역 앞 교번,"13123",4,에도가와구 히라이 3-30-30
139.84187, 35.71218, 고마쓰카와 경찰서 히라이 7초메 교번, "13123", 4, 에도가와구 히라이 7-27-16
139.306668,35.643425,타카오 경찰서 메지로다이 교번,"13201",4,하치오지시 메지로다이 4-1-2
139.30239,35.666922,타카오 경찰서 요코가와초 교번,"13201",4,하치오지시 요코가와초 741
139.288752,35.665866,타카오 경찰서 전 하치오지 교번,"13201",4,하치오지시 모토하치오지마치 1-466-2
139.282309,35.643202,타카오 경찰서 타카오역 앞 교번,"13201",4,하치오지시 다카오초 1588-3
139.290807,35.675476,타카오 경찰서 스와 교번,"13201",4,하치오지시 스와초 84
139.295668,35.655367,타카오 경찰서 나가보초 교번,"13201",4,하치오지시 나가보초 557-3
139.332026,35.672033,하치오지 경찰서 이나리자카 교번,"13201",4,하치오지시 아키마치 2-11-6
139.339914,35.659868, 하치오지 경찰서 요코야마 지역 안전 센터,"13201",8, 하치오지시 요코야마초 25-2
139.38534819,35.6284816,미나미오사와 경찰서 시모유키 교번,"13201",4,하치오지시 고시노 1-11
139.304944,35.68953,하치오지 경찰서 이누메 교번,"13201",4,하치오지시 이누메마치 8-1
139.333019,35.663445, 하치오지 경찰서 모토요코야마 교번,"13201",4, 하치오지시 모토요코야마초 2-23-6
139.32286,35.662256, 하치오지 경찰서 모토 혼고 지역 안전 센터, "13201", 8, 하치 오지시 모토 혼고 쵸 1-1-1
139.348887,35.627761,미나미오사와 경찰서 타카미네 교번,"13201",4,하치오지시 기타노다이 4-26-1
139.414659,35.630873,미나미오사와 경찰서 마쓰가야 교번,"13201",4,하치오지시 마츠가야 1540
139.312889,35.656979, 하치오지 경찰서 니시하치오지역 앞 교번, "13201", 4, 하치오지시 센토초 2-21-3
139.348247,35.662146,하치오지 경찰서 오와다 교번,"13201",4,하치오지시 오와다초 5-5-10
139.320416,35.6692,하치오지 경찰서 나카노 교번,"13201",4,하치오지시 나카노 우에마치 4-9-11
139.317805,35.660867,하치오지 경찰서 추분 교번,"13201",4,하치오지시 오키분초 10-1
139.380524,35.613319, 미나미오사와 경찰서 미나미오사와역 앞 교번,"13201",4,하치오지시 미나미오사와 2-2
139.338331,35.654785, 하치오지 경찰서 하치오지역 남쪽 출입구 번, "13201", 4, 하치오지시 아사히초 1-5
139.33872,35.656285, 하치오지 경찰서 하치오지역 북쪽 출입구번, "13201", 4, 하치오지시 아사히초 1-1
139.327444,35.653257,하치오지 경찰서 후지모리 교번,"13201",4,하치오지시 우에노초 103-19
139.33936,35.639454,미나미오사와 경찰서 가타쿠라 지역 안전 센터,"13201",8,하치오지시 가타쿠라초 2411-1
139.360051,35.669534,하치오지 경찰서 기타하치오지 교번,"13201",4,하치오지시 이시카와초 2957-1
139.354664,35.64487, 미나미오자와 경찰서 기타노역 앞 교번,"13201",4,하치오지시 타고시초344
139.40055,35.62479, 미나미오자와 경찰서 호리노우치역 앞 교번,"13201",4,하치오지시 벳쇼 2-1
139.42885, 35.693311, 다치카와 경찰서 하이마치 교번, "13202", 4, 다치카와시 하이마치 2-51-1
139.419379,35.695838,다치카와 경찰서 니시키초 교번,"13202",4,타치카와시 니시키초 1-10-27
139.419095,35.705499,다치카와 경찰서 다카마쓰초 교번,"13202",4,타치카와시 다카마쓰초 2-5-17
139.403129, 35.723307, 다치카와 경찰서 모래가와 4번 교번, "13202", 4, 다치카와시 사가와초 1-52-16
139.422405, 35.722696, 다치카와 경찰서 모래가와 하치 번 교번, "13202", 4, 다치카와시 유키마치 2-39-5
139.38402,35.726667,다치카와 경찰서 텐노바시 교번,"13202",4,타치카와시 이치반마치 4-6-4
139.392825,35.692615,다치카와 경찰서 후지미초 교번,"13202",4,타치카와시 후지미초 6-19-1
139.39613,35.701364,다치카와 경찰서 후지즈카 교번,"13202",4,타치카와시 후지미초 1-23-6
139.412157,35.69706,다치카와 경찰서 다치카와역 남쪽 출입구 번, "13202",4,타치카와시 시바사키초 3-7-2
139413962
139.40863,35.687061,다치카와 경찰 서립 히바시 교번,"13202",4,타치카와시 시바사키초 6-19-23
139.577004,35.703119, 무사시노 경찰서 요시죠지역 서쪽 출구 교번,"13203",4,무사시노시 고텐야마 1-1-2
139.580309,35.703369, 무사시노 경찰서 요시죠지역 동쪽 출입구 교번,"13203",4,무사시노시 키치죠지 미나미마치 2-1-4
139.533202, 35.709256, 무사시노 경찰서 사쿠라 제방 교번, "13203", 4, 무사시노시 사쿠라 제2-1-18
139.560866,35.703146, 무사시노 경찰서 미타카역 북쪽 출입구 번, "13203",4, 무사시노시 나카마치 1-14-2
139.561755,35.712951,무사시노 경찰서 니시쿠보 지역 안전 센터,"13203",8,무사시노시 니시쿠보 3-8-10
139.589308,35.698425,무사시노 경찰서 미나미마치 교번,"13203",4,무사시노시 키치죠지 미나미마치 3-32-4
139.577865,35.707729, 무사시노 경찰서 하치만구 니시 교번, "13203",4, 무사시노시 키치죠지 혼마치 2-15-18
139.555505,35.718394, 무사시노 경찰서 하치만초 교번,"13203",4,무사시노시 하치만초 4-1-6
139.545229,35.701813, 무사시노 경찰서 무사시 사카에역 남쪽 출입구 번, "13203",4, 무사시노시 사카미나미마치 2-2-1
139.54546559,35.70229018, 무사시노 경찰서 무사시 사카에역 북쪽 출입구 번, "13203", 4, 무사시노시 경계 1-1-8
139.569837,35.708646,무사시노 경찰서 혼마치 지역 안전 센터,"13203",8,무사시노시 키치죠지 혼마치 4-31-5
139.568087,35.719561,무사시노 경찰서 미도리마치 교번,"13203",4,무사시노시 키치죠지 기타마치 5-11-30
139.577171,35.698897,미타카 경찰서 이노카시라 공원 지역 안전 센터,"13204",8,미타카시 이노카시라 4-1-2
139.581948,35.697592,미타카 경찰서 이노우시 공원 역 앞 교번,"13204",4,미타카시 이노카시 3-31-13
139.559367,35.696647,미타카 경찰서 하연작 지역 안전 센터,"13204",8,미타카시 하연작 4-20-28
139.569477,35.691092,미타카 경찰서 호쿠보 교번,"13204",4,미타카시 하연작 5-9-7
139.5612,35.702507,미타카 경찰서 미타카역 앞 교번,"13203",4,미타카시 시모렌조 3-46-1
139.587753,35.691065,미타카 경찰서 미타카다이 교번,"13204",4,미타카시 이노카시라 1-30-14
139.55159,35.69448,미타카 경찰서상 연작 교번,"13204",4,미타카 시상 연작 7-27-21
139.570533,35.680954,미타카 경찰서 신카와 교번,"13204",4,미타카시 신카와 3-16-25
139.538952,35.681065,미타카 경찰서 오사와 교번,"13204",4,미타카시 노자키 4-8-29
139.575811,35.667762,미타카 경찰서 나카센가와 교번,"13204",4,미타카시 신카와 1-11-13
139.543785,35.690481,미타카 경찰서 히가시노 교번,"13204",4,미타카시 심다이지 2-10-12
139.580448,35.687898,미타카 경찰서 무례 교번,"13204",4,미타카시 무례 3-9-1
139.548979,35.683898,미타카 경찰서 노자키 교번,"13204",4,미타카시 노자키 2-4-12
139.285404,35.784265,오메 경찰서 카와베역 앞 교번,"13205",4,오메시 가와베초 5-29-1
139.301099,35.787577,오메 경찰서 신마치 교번,"13205",4,오메시 신마치 2-20-8
139.257567,35.790275,오우메 경찰서 오우메역 앞 교번,"13205",4,오우메시 혼마치 192
139.271971,35.790045,오메 경찰서 히가시오메역 앞 교번,"13205",4,오메시 히가시오메 1-9-1
139.479901,35.688507,후추경찰서 사카에마치 교번,"13206",4,후추시 사카에마치 1-4
139.487432,35.657894,후추 경찰서 시정 교번,"13206",4,후추시 시정 3-15
139.456431,35.685368,후추 경찰서 니시하라마치 교번,"13206",4,후추시 니시하라마치 2-31-17
139.499986,35.656557,후추 경찰서 타마가와 경정장 앞 경비파출소,"13206",6,후추시 고야나기초 4-10-9
139.479569,35.669954,후추 경찰서 대국혼교번,"13206",4,후추시 미야마치 3-1
139.492984,35.68498, 후추 경찰서 제 5 중학교 앞 교번, "13206", 4, 후추시 신마치 2-44
139.457599,35.659787,후추 경찰서 나카가와라 교번,"13206",4,후추시 스미요시초 1-50-2
139.494865, 35.668592, 후추 경찰서 히가시 후추 에키마에 교번, "13206", 4, 후추시 시미즈가오카 1-8-1
139.463126,35.657205,후추 경찰서 미나미마치 교번,"13206",4,후추시 미나미마치 4-40-12
139.467586,35.678053,후추경찰서 히나츠나마치 교번
139.508622, 35.670204, 후추 경찰서 시라이토 다이 교번, "13206", 4, 후추시 시라이토 다이 1-26-1
139.466042,35.672925,후추경찰서 미요마치 교번,"13206",4,후추시미요마치 2-3-2
139.463208,35.694673,후추 경찰서 무사시다이 교번,"13206",4,후추시 무사시다이 3-1
139.458793,35.673342,후추 경찰서 혼주쿠 교번,"13206",4,후추시 혼주쿠초 2-22-22
139.338441, 35.713667, 아키시마 경찰서 고하다 교번, "13207", 4, 아키시마 이치지마초 2-19-29
139.3604657,35.71345348,아키시마 경찰서 아키시마역 앞 교번,"13207",4,아키시마시 아키시마초 2-1-20
139.343773,35.718834,아키시마 경찰서 마쓰바라마치 교번,"13207",4,아키시마시 마쓰바라마치 4-4-15
139.375771,35.696781, 아키시마 경찰서 타마 오하시 교번,"13207",4,아키시마시 나카가미초 3-1-1
139.383659,35.706114,아키시마 경찰서 히가시나카진역 앞 교번,"13207",4,아키시마시 타마가와초 1-7-2
139.390436,35.702003,아키시마 경찰서 히가시마치 지역 안전 센터,"13207",8,아키시마시 히가시마치 4-11-13
139.383159,35.701003,아키시마 경찰서 후쿠시마 교번,"13207",4,아키시마시 히가시마치 5-9-13
139.574256, 35.659152, 쵸후 경찰서 츠츠지가오카역 앞 교번, "13208", 4, 쵸후시
139.539898,35.656373,조후 경찰서 시모이시하라 교번,"13208",4,조후시 고지마초 1-1-1
139.569034, 35.657402, 조후 경찰서 기쿠노 다이 교번, "13208", 4, 조후시 키쿠노 다이 1-32-26
139.567034, 35.662373, 조후 경찰 서궁의 상주재소, "13208", 5, 조후시 시바사키 2-14-2
139.536816,35.644515,조후 경찰서 게이오 타마가와역 앞 교번,"13208",4,조후시 타마가와 4-40-1
139.557888,35.650555,조후경찰서국령교번,"13208",4,조후시 국령초 2-5-15
139.530426,35.658762,조후 경찰서 카미이시하라 교번,"13208",4,조후시 카미이시하라 1-29-5
139.553146, 35.665817, 조후 경찰서 심다이지 교번
139.585374,35.66212,조후 경찰서 센가와 교번,"13208",4,조후시 센가와초 1-47-3
139.560008,35.639682,조후 경찰서 타마가와 주택 교번,"13208",4,조후시 염지 3-1-498
139.544326,35.652291, 조후 경찰서 조후 역 북쪽 출입구, "13208",4,조후시 후다 1-38-2
139.523705, 35.660147, 쵸후 경찰서 히다 급역 앞 교번, "13208", 4, 쵸후시 히다 급 1-42
139.548342, 35.647014, 조후 경찰서 후다 교번, "13208", 4, 조후시 후다 3-21-7
139.484686,35.527889,마치다 경찰서 쓰쿠시노역 앞 교번,"13209",4,마치다시 쓰쿠시노 1-29-1
139.456492,35.536412,마치다 경찰서 김모리 교번,"13209",4,마치다시 가나모리 443-5
139.445909,35.542884,마치다 경찰서 하라마치다 교번,"13209",4,마치다시 하라마치다 6-1-11
139.43627,35.573269,마치다 경찰서 야마자키 교번,"13209",4,마치다시 야마자키초 2130
139.447381,35.548411,마치다 경찰서 시청 앞 교번,"13209",4,마치다시 나카노 1-28-28
139.437549,35.548411,마치다 경찰서 모리노 교번,"13209",4,마치다시 모리노 2-7-10
139.473497,35.545811,마치다 경찰서 나리세역 앞 교번,"13209",4,마치다시 나리세 1-2-3
139.331945, 35.60693, 미나미 오사와 경찰서 소하라 역 앞 교번
139.44602,35.544717,마치다 경찰서 마치다역 앞 교번,"13209",4,마치다시 하라마치다 6-12-19
139.471269,35.520666,마치다 경찰서 쓰루마 교번,"13209",4,마치다시 오가와 1552-2
139.48141692,35.58369142,마치다 경찰서 쓰루가와역 앞 교번,"13209",4,마치다시 노가야 1-6-11
139.468657,35.590575,마치다 경찰서 쓰루가와 교번,"13209",4,마치다시 쓰루카와 6-7-2
139.455519,35.571687,마치다 경찰 서도의 대단지 교번,"13209",4,마치다시 혼마치다 3539
139.448103,35.560271,마치다 경찰서 혼마치다 교번,"13209",4,마치다시 혼마치다 821-1
139.426327,35.563354,마치다 경찰서 키소 교번,"13209",4,마치다시 키소초 1061
139.496205, 35.694979, 코가네이 경찰서 관정 미나미마치 교번
139.500732,35.710144, 고가네이 경찰서 관정 기타마치 교번
139.507016,35.700712, 고가네이 경찰서 무사시 고가네이역 앞 교번,"13210",4,코가네이시 혼마치 6-14-40
139.504949,35.701321, 고가네이 경찰서 고가네이 역 기타구치 교번,"13210",4,코가네이시 혼마치 5-1-27
139.512592,35.713033, 코가네이 경찰서 코가네이 공원 앞 교번,"13210",4,코가네이시 사쿠라마치 3-1-3
139.525203,35.69423, 코가네이 경찰서 신코가네이 교번,"13210",4,코가네이 히가시마치 5-31-27
139.500816,35.689285, 코가네이 경찰서 마에하라 교번,"13210",4,코가네이시 마에하라초 5-8-19
139.525092,35.702034,코가네이 경찰서 히가시코가네이역 앞 교번,"13210",4,코가네이시 카지노초 5-1-2
139.51447441,35.72650142, 고다이라 경찰서 하나코가네이역 앞 교번,"13211",4,고다이라시 하나코가네이 1-9-23
139.480039,35.720698, 고다이라 경찰서 학원 니시마치 교번,"13211",4,고다이라시 학원 니시마치 1-20-12
139.488261,35.721781, 고다이라 경찰서 학원 히가시마치 교번,"13211",4,고다이라시 키헤이초 3-1-29
139.487539,35.714282, 고다이라 경찰서 키헤이바시 교번,"13211",4,고다이라시 가미스미나미초 2-23-25
139.463207,35.737279, 고다이라 경찰서 오가와역 앞 교번,"13211",4,고다이라시 오가와니시마치 4-15-17
139.487982,35.736918, 고다이라 경찰서 고다이라역 앞 교번,"13211",4,고다이라시 미조노초 1-34-3
139.44612,35.731399, 고다이라 경찰서 가미주쿠 교번,"13211",4,고다이라시 오가와마치 1-301
139.501286,35.741529, 고다이라 경찰서 오누마초 교번,"13211",4,고다이라시 오누마초 2-584-2
139.460819,35.72303, 고다이라 경찰서 타카노다이역 앞 교번,"13211",4,고다이라시 타카노다이 45-2
139.484455,35.730836, 고다이라 경찰서 나카마치 교번,"13211",4,고다이라시 나카마치 145-12
139.412889, 35.662131, 히노 경찰서 타카하타 부동에 역 남쪽 출입구, "13212", 4, 히노시 타카하타 128-5
139.403465, 35.648843, 히노 경찰서 타마 동물원 공원 마에 교번, "13212", 4, 히노시 호쿠보 7-1
139.379828, 35.662702, 히노 경찰서 타마 히라 교번, "13212", 4, 히노시 타마 히라 2-5-1
139.393437, 35.679339, 히노 경찰서 히노 역 앞 교번, "13212", 4, 히노시 오사카 카미 1-4-34
139.374856, 35.670256, 히노 경찰서 히노다이 지역 안전 센터, "13212", 8, 히노시 타마 히라 5-1-8
139.431796,35.656537,히노 경찰서 백초원 교번,"13212",4,히노시 낙천 987
139.418714,35.650177,히노경찰서 백초단지교번,"13212",4,히노시 백초999
139.386272,35.64812,히노 경찰서 히라야마 교번,"13212",4,히노시 히라야마 5-1-1
139.380578, 35.658675, 히노 경찰서 도요타 역 앞 교번, "13212", 4, 히노시 도요타 4-41
139.472094,35.750416,히가시무라야마 경찰서 구메가와역 앞 교번,"13213",4,히가시무라야마시 사카에마치 1-1-20
139.481232,35.772081,히가시무라야마 경찰서 아키츠 산쵸메 교번,"13213",4,히가시무라야마시 아키츠초 3-55-11
139.46615,35.760832,히가시무라야마 경찰서 히가시무라야마역 앞 교번,"13213",4,히가시무라야마시 혼마치 2-3-22
139.466956,35.743861,히가시무라야마 경찰서 야사카 교번,"13211",4,고다이라시 하기야마초 3-31-45
139.446126,35.702421, 고가네이 경찰 서광초 교번,"13214",4, 고쿠분지시 미쓰마치 1-46-1
139.480179,35.699728, 고가네이 경찰서 고쿠분지역 남쪽 출입구 번, "13214",4, 고쿠분지시 미나미마치 3-20-3
139.481151,35.700617, 코가네이 경찰서 고쿠분지역 북쪽 출입구번, "13214",4, 고쿠분지시 혼마치 2-1-23
139.46688556,35.69950848, 코가네이 경찰서 니시코쿠분지역 앞 교번,"13214",4, 고쿠분지시 이즈미초 2-9-4
139.437543,35.712753,코가네이 경찰서 니시마치 교번,"13214",4, 고쿠분지시 니시마치 4-1
139.462347,35.704505, 고가네이 경찰서 히요시초 지역 안전 센터,"13214",8, 고쿠분지시 니시코이가쿠보 3-28-3
139.485789,35.7047, 코가네이 경찰서 혼다 교번,"13214",4, 고쿠분지시 혼다 5-3-3
139.463597,35.711421,코가네이 경찰서 코이가쿠보역 앞 교번,"13214",4,고쿠분지시 도쿠라 1-1-4
139.447265, 35.698727, 다치카와 경찰서 국립 역 앞 교번, "13215", 4, 국립시 북쪽 1-14
139.438002, 35.682193, 다치카와 경찰 서곡 보교 번, "13215", 4, 국립 이치 다니 호 7092
139.441516,35.690339,타치카와 경찰서 중구 지역 안전 센터,"13215",8,국립시 중 3-2-13
139.447349,35.685673,다치카와 경찰서 후지미다이 교번,"13215",4,국립시 후지미다이 1-7
139.337579, 35.742414, 후쿠오카 경찰서 요코타 교번, "13218", 4, 후쿠시시 오아자 후쿠세이 2212
139.334996, 35.719722, 후쿠오카 경찰서 내출교번, "13218", 4, 후쿠오시 대자 쿠마가와 275
139.327663, 35.74158, 후쿠이 경찰서 후쿠에 역 앞 교번, "13218"
139.585867, 35.633294, 조후 경찰서 이와토 교번, "13219", 4, 에에시 이와토 기타 4-1-8
139.577182, 35.633211, 조후 경찰서 에에 교번, "13219", 4, 에에시 모토이즈미 1-3-2
139.577895,35.64582,조후 경찰서 소각 교번,"13219",4,부강시 히가시노가와 2-20-14
139.569007, 35.638876, 조후 경찰서 나카이즈미 교번, "13219", 4, 에에시 나카이즈미 2-26-3
139.581952,35.624129,조후경찰서 이노바타 교번,"13219",4
139.5735, 35.626319, 조후 경찰서 이즈미 타마가와 교번, "13219", 4, 에에시 히가시 이즈미 3-12-1
139.443561,35.744233, 히가시야마토 경찰서 케야키 통 교번, "13220", 4, 히가시야마토시 나카하라 1-5-2
139.418138,35.732187, 히가시야마토 경찰서 타마가와 상수역 앞 교번, "13220", 4, 히가시야마토시 사쿠라가오카 3-44-1
139.427098,35.747415,히가시야마토 경찰서 나라하시 교번,"13220",4,히가시야마토시 나라하시 6-731-1
139.432626,35.738333,히가시야마토 경찰서 남가 교번,"13220",4,히가시야마토시 남가 5-1-1
139.535949,35.794468,히가시무라야마 경찰서 아사히가오카 교번,"13221",4,기요세시 아사히가오카 2-1-6
139.497036,35.778192,히가시무라야마 경찰서 아키츠역 앞 교번
139.519928,35.772106,히가시무라야마 경찰서 기요세역 앞 교번,"13221",4,기요세시 모토마치 1-2-4
139.542615, 35.768722, 다무 경찰서의 원 교번, "13222", 4, 히가시 쿠루메시의 하라 1-2-43
139.510702, 35.751001, 타무 경찰서 마에자와 교번, "13222", 4, 히가시 쿠루메시 하치만초 3-12-2
139.503758, 35.746279, 다무 경찰서 타키야마 교번, "13222", 4, 히가시 쿠루메시 타키야마 6-2-18
139.535047, 35.761175, 다무 경찰서 히가시 쿠루메 역 앞 교번
139.5272,35.759222,타나무 경찰서 미나미자와 교번,"13222",4,히가시쿠루메시 주오마치 1-1-1
139.53456, 35.762833, 다무 경찰 서문 앞 지역 안전 센터, "13222", 8, 히가시 쿠루메시 히가시 혼마치 14-11
139.515812, 35.760166, 타무 경찰서 야화지 교번, "13222", 4, 히가시 쿠루메시 노화지 1-2-85
139.370547, 35.760385, 히가시야마토 경찰서 미츠키 교번, "13223", 4, 무사시무라야마시 미츠키 2-5-9
139.407276,35.742466,히가시야마토 경찰서 무라야마 교번,"13223",4,무사시무라야마시 미도리가오카 1769
139.399184,35.753997,히가시야마토 경찰서 나카토 교번,"13223",4,무사시무라야마시 중앙 2-33-1
139.438713,35.632096,타마 중앙 경찰서 아타고 교번,"13224",4,타마시 거지 1101
139.44774,35.629735, 다마 중앙 경찰서 나가야마역 앞 교번,"13224",4,타마시 나가야마 1-45
139.451629,35.620403,타마 중앙 경찰서 나가야마 욘쵸메 교번,"13224",4,타마시 나가야마 4-20
139.43788,35.614376,타마중오 경찰서 조개 교번, "13224", 4, 타마시 조개 4-3
139.446684,35.650511,타마 중앙 경찰서 사쿠라가오카역 앞 교번,"13224",4,타마시 간토 1-11-16
139.423881,35.624263,타마 중앙 경찰서 타마 센터 역 앞 교번,"13224",4,타마시 오치아이 1-1044
139.430242,35.615348,타마 중앙 경찰서 오치아이 지역 안전 센터,"13224",8,타마시 오치아이 4-16-2
139.47198,35.620034,타마 중앙경찰서 와카바다이역 앞 교번,"13225",4,이나기시 와카바다이 2-101
139.492958,35.647846,타마 중앙 경찰서 다이마루 교번,"13225",4,이나기시 다이마루 522-7
139.488628,35.608992,타마 중앙 경찰서 히라오 교번,"13225",4,이나기시 히라오 3-7-27
139.520818,35.640932,타마 중앙 경찰서 야노구치 교번,"13225",4,이나기시 대자 야노구치 432-1처
139.315416,35.758284, 후쿠오 경찰서 하무라 역 앞 교번, "13227", 4, 하무라시 하동 1-6-4
139.302358,35.776326, 후쿠이 경찰서 소작역 앞 교번,"13227",4,하무라시 소작대 1-16
139.320857,35.755329, 후쿠오 경찰서 신메이다이 교번,"13227",4,하무라시 진메이다이 1-27-1
139.228936,35.732398, 고카이치 경찰서 고카이치 에키마에 교번,"13228",4,아키루노시 칸다이다이 26
139.287361,35.728136, 후쿠이 경찰서 아키카와역 앞 교번,"13228",4,아키루노시 유헤이 61-2
139.544782, 35.75164, 타무 경찰서 히바리가오카 역 앞 교번, "13229", 4, 니시 도쿄시 스미요시초 3-9-17
139.5372, 35.742641, 다무 경찰서 히바리가오카 단지 교번
139.557643, 35.724921, 다무 경찰 서 사카시타 교번, "13229", 4, 니시 도쿄시 히가시 후 시미 6-10-22
139.55358, 35.737725, 다무 경찰 서천 마을 교번, "13229", 4, 니시 도쿄시 이즈미 마치 3-1-29
139.540552, 35.727576, 다나미 경찰 서 다나무 에키마에 교번, "13229", 4, 니시 도쿄시 타나 마치 2-3-1
139.564337, 35.728505, 다무 경찰서 히가시 후 시미 교번
139.567336, 35.747808, 다무 경찰서 호야 역 앞 교번, "13229", 4, 니시 도쿄시 히가시 마치 3-14-31
139.538896, 35.712117, 다무 경찰서 호야 신마치 교번
139.545144, 35.731531, 다무 경찰서 기타하라마치 교번, "13229", 4, 니시도쿄시 기타하라마치 1-1-22
139.552616, 35.728088, 다무 경찰서 야나기사와 역 앞 교번, "13229", 4, 니시 도쿄시 야나기사와 6-2-1
139.346883, 35.770971, 후쿠오 경찰서 하코네가사키역 앞 교번, "13303", 4, 미즈호초 대자 하코네 가사키 249-9
139.097321,35.80846,오메 경찰서 오쿠타마 교번,"13308",4,오쿠타마초 히카와 198
139.785106,35.67023,츠키시마 경찰서 리버시티 주재소,"13102",5
139.704298, 35.720342, 토츠카 경찰서 시모 오치아이 산쵸메 주재소, "13104", 5
139.770681,35.725233,시모야 경찰서 텐노지 주재소,"13106",5,다이토구 타니나카 7-9-6
139.818094,35.737067, 무코지마 경찰서 제방통주소, "13107", 5, 스미다구 스미다 5-16-1
139.69817483,35.60958619,에바라 경찰서 세족 주재소,"13109",5,시나가와구 오야마 7-12-3
139.716078,35.639741,오사키 경찰서장자 마루 주재소,"13109",5,시나가와구 가미오사키 2-4-20
139.666499, 35.628796, 비문 골짜기 경찰서 히가시가오카 주재소, "13110", 5, 메구로구 히가시가오카 1-32-14
139.684719,35.655905, 메구로 경찰서 고마바 잇쵸메 주재소,"13110",5,메구로구 고마바 1-36-8
139.699358, 35.598467, 시골 조후 경찰서 코이케 주재소, "13111", 5, 대전구 카미이케다이 1-53-10
139.66164, 35.595745, 시골 조후 경찰서 타마가와다이 주재소, "13111", 5, 대전구 시골 조후 4-17-17
139.69872, 35.590996, 시골 조후 경찰서 나카야 주재소, "13111", 5, 오타구 카미이케다이 5-31-20
139.681055, 35.58558, 시골 조후 경찰서 영주 주재소, "13111", 5, 대전구 기타미네쵸 34-24
139.64774,35.604254,타마가와 경찰서 등등력 부동전 주재소,"13112",5,세타가야구 등등력 1-23-9
139.651584,35.602188,타마가와 경찰서 오야마다이 주재소,"13112",5,세타가야구 오야마다이 2-17-10
139.644111,35.646516,세타가야 경찰서 사쿠라기 주재소,"13112",5,세타가야구 벚꽃 1-11-4
139.620475,35.627212,성성 경찰서 오카모토 주재소,"13112",5,세타가야구 오카모토 1-29-10
139.612393,35.62088,성성 경찰서 가마타 주재소,"13112",5,세타가야구 가마타 4-2-1
139.599727,35.62724,성성경찰서 키타미 주재소,"13112",5,세타가야구 키타미3-21-21
139.598781,35.679289,성성경찰서 마츠바통주재소,"13112",5,세타가야구 기타우산 2-9-10
139.596448,35.657263,성성경찰서 상조사야 주재소,"13112",5,세타가야구 상조사곡 6-2-6
139.618644,35.66641,성성 경찰서 하치만산 주재소,"13112",5,세타가야구 카미키타자와 2-1-2
139.591142,35.67715,성성경찰서 기타우산 주재소,"13112",5,세타가야구 기타우산 8-21-22
139.709912,35.642824,시부야 경찰서 에비스 미나미 주재소,"13113",5,시부야구 에비스 미나미 2-24-1
139.680717,35.709399, 나카노 경찰서 아오바라지 앞 주재소,"13114",5,나카노구 가미타카다 1-2-51
139.630998,35.73245,노호 경찰서 가미사와미야 주재소,"13114",5,나카노구 가미사와미야 4-1-27
139.636581,35.719424,노호 경찰서 백로 주재소,"13114",5,나카노구 백로 1-24-7
139.60989,35.700675, 오기쿠보 경찰서 신명 주재소,"13115",5,스기나미구 미나미오기쿠보2-37-26
139.596419,35.692648,타카이도 경찰서 구가야마 욘쵸메 주재소,"13115",5,스기나미구 구가야마 4-41-17
139.609057, 35.691538, 다카이도 경찰 서궁 앞 주재소, "13115", 5, 스기나미구 미야마에 4-26-2
139.64311,35.682206,다카이도 경찰서 오미야 하치만 주재소,"13115",5,스기나미구 오미야 2-2-1
139.606502, 35.682844, 다카이도 경찰서 후지미가오카 주재소,"13115",5,스기나미구 구가야마 2-21-4
139.631055,35.690927,스기나미 경찰서 나리타 니시 주재소,"13115",5,스기나미구 나리타 니시 1-27-4
139.74085661,35.73783643,스가모 경찰서 스메이 주재소,"13116",5,도시마구 고마고메 6-1-7
139.749669,35.764379, 왕자 경찰서 도시마 고쵸메 주재소,"13117",5,기타구 도시마 5-2-41
139.738794,35.743841,타키노가와 경찰서야도 주재소,"13117",5,기타구 니시가하라 3-57-1
139.659272,35.779557, 다카시마 히라 경찰서 도쿠마루 주재소,"13119",5,이타바시구 도쿠마루 6-53-18
139.676243,35.757504,이타바시 경찰서 사쿠라가와 산쵸메 주재소,"13119",5,이타바시구 사쿠라가와 3-3-7
139.627042, 35.775588, 히카리가오카 경찰서 아사히초 주재소, "13120", 5, 네리마구 아사히초 3-20-8
139.630942, 35.750976, 히카리가오카 경찰서 다카마쓰 주재소, "13120", 5, 네리마구 다카마쓰 2-27-24
139.605778,35.728922,이시가미 경찰서 이시카미 미나미 주재소
139.570087,35.723283,이시가미 경찰서 무사시 세키 주재소,"13120",5,네리마구 세키마치 기타 3-10-3
139.669022,35.754143,네리마 경찰서 히카와다이 주재소,"13120",5,네리마구 히카와다이 1-12-9
139.811759,35.764368,아야세 경찰서 아다치 주재소,"13121",5,아다치구 아다치 3-28-9
139.821201,35.811224,다케노츠카 경찰서 꽃밭 북쪽 주재소,"13121",5,아다치구 꽃밭 8-4-1
139.776899,35.799724,다케노츠카 경찰서 고치야 주재소,"13121",5,아다치구 니시이코 3-17-5
139.861199,35.755231, 카메유 경찰서 카메다바시 주재소,"13122",5,카츠시카구 다카사 6-12-2
139.853061,35.780867, 카메유 경찰서 수원 주재소,"13122",5,카츠시카구 수원 1-6-3
139.857199,35.78906, 카메유 경찰서 서수원 주재소,"13122",5,카츠시카구 서수원 6-17-10
139.85895,35.748065, 카메유 경찰서 아오토 남부 주재소,"13122",5,카츠시카구 아오토 2-14-5
139.857672,35.752787, 카메유 경찰서 아오토 북부 주재소,"13122",5,카츠시카구 아오토 6-16-20
139.86198,35.680045,카사이 경찰서 우키다 주재소,"13123",5,에도가와구 우키다초 1035
139.882035,35.65616,카사이 경찰서 히가시카사이 9초메 주재소,"13123",5,에도가와구 히가시카사이 9-4-6
139.873778,35.72344, 코이와 경찰서 상일색 주재소,"13123",5,에도가와구 카미이치로 2-1-2
139.902142,35.714155, 고이와 경찰서 카미시노자키 주재소,"13123",5,에도가와구 카미시노자키 1-22-28
139.88867,35.742205, 고이와 경찰서 기타 코이와 주재소, "13123", 5, 에도가와 구 기타 코이와 6-36-14
139.890283,35.698768, 고마쓰카와 경찰서 츠바키마치 주재소,"13123",5,에도가와구 하루에초 2-34-9
139.260949,35.672948,타카오 경찰서 하은방 주재소,"13201",5,하치오지시 시모은카타초 1828
139.287198,35.628121,타카오 경찰서관가오카 주재소,"13201",5,하치오지 시관초 1097
139.299558,35.636009,타카오 경찰서관 주재소,"13201",5,하치오지 시관초 314
139.267867,35.62801,타카오 경찰서 타카오시타 주재소,"13201",5,하치오지시 타카오마치 2348
139.307058,35.623122,타카오 경찰서 테라다 단지 주재소,"13201",5,하치오지시 테라다초 405
139.219649,35.674006,타카오 경찰서상 은방 주재소,"13201",5,하치오지시 가미 온카초 1525
139.267059,35.68503,타카오 경찰서 니시데라 쪽 주재소,"13201",5,하치오지시 니시데라 가타마치 1019-325
139.271282,35.640647,타카오 경찰서 니시아사카와 주재소,"13201",5,하치오지시 니시아사카와초 56-3
139.292669,35.643008,타카오 경찰서히가시 아사카와 주재소, "13201", 5, 하치 오지시 히가시 아사카와 쵸 537-62
139.338192, 35.667784, 하치오지 경찰서 안도 주재소, "13201", 5, 하치오지시 아키마치 1-39-10
139.279835,35.693474,하치오지 경찰서 시모카와구치 주재소,"13201",5,하치오지 이치카와구치초 918-1
139.357551,35.689115, 하치오지 경찰 서구보산 주재소,"13201",5, 하치오지시 구보산초 2-43-1
139.309165,35.704473,하치오지 경찰서궁 하 주재소,"13201",5,하치오지시 미야시타마치 347-3
139.368664,35.612763,미나미오사와 경찰서궁 상주재소,"13201",5,하치오지시 미나미오사와 5-14
139.327887, 35.680143, 하치오지 경찰서 왼쪽 이리마치 주재소, "13201", 5, 하치오지시 미츠이다이 2-2-1
139.3708,35.68531, 하치오지 경찰서 고미야마치 주재소,"13201",5, 하치오지시 고미야마치 893-4
139.31825,35.638898,미나미오사와 경찰서 소비기 주재소,"13201",5,하치오지시 오비기초 1768
139.259087, 35.702305, 하치오지 경찰서 카미카와구치 주재소, "13201", 5, 하치오지시 카미카와초 1765-1
139.364969,35.620929, 미나미오자와 경찰서 가미유키 주재소,"13201",5,하치오지시 가미유키 312-2
139.363328,35.681144,하치오지 경찰서 이시카와 주재소,"13201",5,하치오지시 이시카와초 422-3
139.333247,35.692531,하치오지 경찰서 단기 주재소,"13201",5,하치오지시 타키야마초 2-594-4
139.378941,35.607069,미나미오자와 경찰서 미나미오사와 주재소,"13201",5,하치오지시 미나미오사와 3-9
139.37194,35.631733,미나미오사와 경찰서 난요다이 주재소,"13201",5,하치오지시 난요다이 2-1
139.404466,35.632123, 미나미오자와 경찰서 호리노우치 주재소,"13201",5,하치오지시 호리노우치 171
139.374326,35.733749,다치카와 경찰서 이치반초 롯쵸메 주재소,"13202",5,타치카와시 이치반초 6-17-70
139.438154,35.719836,다치카와 경찰서 와카바초 주재소,"13202",5,타치카와시 와카바초 1-13-3
139.425461,35.702226,다치카와 경찰서 아케네마치 주재소,"13202",5,타치카와시 아케마치 3-29-1
139.591947,35.704952, 무사시노 경찰서 이나리 전 주재소,"13203",5,무사시노시 키치죠지 히가시마치 4-7-30
139.541368,35.711089,무사시노 경찰서관 앞 주재소,"13203",5,무사시노시 세키마에 5-15-16
139.558561, 35.70809, 무사시노 경찰서 미타니통 주재소, "13203", 5, 무사시노시 니시쿠보 2-13-8
139.585419,35.708702,무사시노 경찰서 히가시마치 주재소,"13203",5,무사시노시 키치죠지 히가시마치 2-33-22
139.565352,35.669278,미타카 경찰서 나카하라 주재소,"13204",5,미타카시 나카하라 4-35-7
139.537564,35.669344,미타카 경찰서 천문대하 주재소,"13204",5,미타카시 오사와 4-10-24
139.579532,35.675566,미타카 경찰서 기타노 주재소,"13204",5,미타카시 기타노 3-13-13
139.57006,35.698647,미타카 경찰서 만조교 주재소,"13204",5,미타카시 시모렌조 1-17-3
139.2755926,35.77760088,오메 경찰서 하장연주재소,"13205",5,청매시 장연3-184-1
139.285387,35.778658,오메 경찰서 하변 주재소,"13205",5,오메시 가와베초 2-965-1
139.17904741,35.80082719,오메 경찰서 오다케 주재소,"13205",5,오우메시 오타케 혼쵸 167-1
139.261083,35.812181,오메 경찰서 쿠로사와 주재소,"13205",5,오우메시 쿠로사와 2-783-2
139.310912,35.806044,오메 경찰서 이마이 주재소,"13205",5,오우메시 이마이 2-906-1
139.297552,35.799184,오메 경찰서 이마데라 주재소,"13205",5,오우메시 이마데라 3-416
139.28983,35.82357,오메 경찰서 오소키 주재소,"13205",5,오우메시 오소키 1-3295-2
139.262278,35.782601,청매경찰서상장연주재소,"13205",5,청매시장연연7-299-11
139.24467256,35.82587503,오메 경찰서 니시나리키 주재소,"13205",5,오메시 니시나리키 5-1426-1
139.264722,35.786184,오메 경찰서 치카세 주재소,"13205",5,오우메시 치카세 5-650
139.287442,35.800378,오메 경찰서 대문 주재소,"13205",5,오우메시 다이몬 1-492-2
139.195396,35.804543,오메 경찰서 사와이 주재소,"13205",5,오우메시 사와이 2-720
139.264527,35.829541,오메 경찰서 히가시나리키 주재소,"13205",5,오우메시 나리키 3-298
139.214755,35.804459,오메 경찰서 니타마오 주재소,"13205",5,오메시 니타마오 4-1085
139.235725,35.783629,오메 경찰서 히나타 와다 주재소,"13205",5,오메시 히나타 와다 2-420
139.218949,35.791628,오메 경찰서 우메고 주재소,"13205",5,오우메시 우메고 6-1238-2
139.235031,35.779101,오메 경찰서 하타나카 주재소,"13205",5,오메시 하타나카 3-953-1
139.291026,35.771465,오메 경찰서 토모다 주재소,"13205",5,오우메시 토모타초 2-753-3
139.44162,35.667834, 후추 경찰서 요 츠야 주재소, "13206", 5, 후추시 요 츠야 4-43-28
139.513205, 35.6619, 후추 경찰서 차 반단지 주재소, "13206", 5, 후추시 시라이토 다이 5-35
139.513566, 35.678092, 후추 경찰서 타마 주재소, "13206", 5, 후추시 타마 마치 4-628
139.464515, 35.665732, 후추 경찰서 분 매주 주재소, "13206", 5, 후추시 분 매초 2-25-4
139.37025987,35.71381799, 아키시마 경찰서 진달래가오카 주재소,"13207",5,아키시마시 진달래가오카 3-2
139.375566,35.704515, 아키시마 경찰서 타마가와 주재소,"13207",5,아키시마시 타마가와초 5-17-18
139.36050843,35.69860901,아키시마 경찰서 오가미 주재소,"13207",5,아키시마시 오가미초 4-16-1
139.378465,35.710391,아키시마 경찰서 나카가미 주재소,"13207",5,아키시마시 나카가미초 1277
139.344285, 35.705338, 아키시마 경찰 서배 섬 주재소, "13207", 5, 아키시마 시 후지마 쵸 1-13-15
139.35662346,35.72118161,아키시마 경찰서 호리카타 주재소,"13207",5,아키시마 시바지마초 4071
139.544674, 35.67301, 쵸후 경찰서 식물 공원 전 주재소, "13208", 5, 쵸후시 심다이지 기타마치 7-6-10
139.463213,35.563632,마치다 경찰서 타마가와 학원 주재소,"13209",5,마치다시 타마가와 학원 6-1-110
139.454797,35.564271,마치다 경찰서 타마바야시다이 주재소,"13209",5,마치다시 타마가와 학원 4-15-14
139.460964,35.542606,마치다 경찰서 다카가사카 주재소,"13209",5,마치다시 다카가사카 586-3
139.488406,35.57194,마치다 경찰서 삼륜 주재소,"13209",5,마치다시 미와와 미도리야마 2-1-12
139.372025,35.595765, 미나미오자와 경찰서 오야마 주재소,"13209",5,마치다시 오야마초 1170-6
139.407189,35.589628,마치다 경찰서 오야마다 주재소,"13209",5,마치다시 오야마다 사쿠라다이 1-1
139.445349,35.599589,마치다 경찰서 오노로 주재소,"13209",5,마치다시 오노로초 1576-3
139.403411,35.582841,마치다 경찰서 도키와 주재소,"13209",5,마치다시 조반초 3485-1
139.46839,35.602598,마치다 경찰서 마코지 주재소,"13209",5,마치다시 마코지 2-14-2
139.427382,35.580685,마치다 경찰서 도사 주재소,"13209",5,마치다시 도사마치 1591-2
139.478796,35.554496,마치다 경찰서 나루세다이 주재소,"13209",5,마치다시 나리세다이 3-9-1
139.475296,35.543413,마치다 경찰서 나루세 주재소,"13209",5,마치다시 나리세 4618-1
139.343111,35.60582,미나미오사와 경찰서 소바라 주재소,"13209",5,마치다시 아이하라마치 369-24
139.298226,35.609264,미나미오사와 경찰서 오토 주재소,"13209",5,마치다시 아이하라마치 3190
139.471073,35.586131,마치다 경찰서 오쿠라 주재소,"13209",5,마치다시 오쿠라마치 236
139.41305,35.57974,마치다 경찰서 충생 주재소,"13209",5,마치다시 충생 4-24-1
139.45763,35.554494,마치다 경찰서 미나미오타니 주재소,"13209",5,마치다시 미나미오타니 241-1
139.454185,35.588879,마치다 경찰서 노쓰다 주재소,"13209",5,마치다시 노츠다초 922
139.46554,35.729696, 고다이라 경찰서 오가와 주재소,"13211",5,고다이라시 오가와마치 1-1123
139.364217,35.657416,히노 경찰서 아사히가오카 주재소,"13212",5,히노시 아사히가오카 5-8-7
139.41365,35.669483,히노 경찰서궁 주재소,"13212",5,히노시 만원사 5-6-4
139.387226, 35.67498, 히노 경찰서 오사카 카미 주재소, "13212", 5, 히노시 오사카 카미 2-7-3
139.376439, 35.649203, 히노 경찰서 타키 합교 주재소, "13212", 5, 히노시 히가시 히라 야마 1-7-12
139.391909,35.683061,히노 경찰서 도코지 주재소,"13212",5,히노시 사카에마치 2-13-4
139.40738, 35.678923, 히노 경찰서 히노바시 주재소, "13212", 5, 히노시 대자 히노 1353-4
139.450568,35.758554,히가시무라야마 경찰서 히로타 주재소,"13213",5,히가시무라야마시
139.472343,35.768053,히가시무라야마 경찰서 구메가와 주재소,"13213",5,히가시무라야마시 구메가와초 4-32-1
139.489814,35.760444,히가시무라야마 경찰서 아오바 주재소,"13213",5,히가시무라야마시 아오바초 1-7
139.479638,35.741244,히가시무라야마 경찰서 하기야마 주재소,"13213",5,히가시무라야마시 하기야마초 2-13-10
139.45032,35.716864,코가네이 경찰서 공익 주재소,"13214",5, 고쿠분지시 나미키초 2-33-15
139.483568,35.693868, 코가네이 경찰서 모토마치 주재소,"13214",5, 고쿠분지시 히가시모토마치 2-10-21
139.450348,35.710059,코가네이 경찰 서도쿠라 주재소,"13214",5, 고쿠분지시 도쿠라 3-47-6
139.452598,35.693645,타치카와 경찰서 동구 주재소,"13215",5,국립시 동3-10-7
139.330857,35.734109, 후쿠오카 경찰서 하쿠부 주재소,"13218",545
139.3193972, 35.74474948, 후쿠오카 경찰서상 후쿠부 주재소
139.32433,35.735914, 복생경찰서 중복생 주재소,"13218",5,후쿠시시 대자 복생 434-6
139.331621, 35.72553, 후쿠오카 경찰서 미나미타엔 주재소, "13218", 5, 후쿠세이시 미나미타엔 2-8-23
139.413127,35.755831,히가시야마토 경찰서 고구마 주재소,"13220",5,히가시야마토 고구마 3-1715-1
139.437736,35.753332,히가시야마토 경찰서 다카기 주재소,"13220",5,히가시야마토시 다카기 2-172-3
139.42146,35.75397, 히가시야마토 경찰 서장지 주재소, "13220", 5, 히가시야마토시 조시키 1-476-3
139.439374,35.759581, 히가시야마토 경찰서 무라야마 저수지 주재소,"13220",5,히가시야마시 타마호 4-683
139.536976,35.779081,히가시무라야마 경찰서 시모 키요도 주재소,"13221",5,키요세시 시모키요도 1-269-2
139.511674,35.765194,히가시무라야마 경찰서 다케오카 주재소,"13221",5,키요세시 다케오카 1-11-65
139.5252,35.778748,히가시무라야마 경찰서 나카 기요도 주재소,"13221",5,키요세시 나카 기요도 1-533-2
139.516562,35.784497,히가시무라야마 경찰서 나카사토 주재소,"13221",5,키요세시 나카사토 3-981
139.512146,35.77272,히가시무라야마 경찰서 매화원 주재소,"13221",5,기요세시 매화원 1-1-1
139.500008, 35.75425, 타무 경찰서 시모리 주재소, "13222", 5, 히가시 쿠루메시 시모리 4-1-45
139.537088,35.751279,타나무 경찰서 학원 전 주재소,"13222",5,히가시쿠루메시 가쿠엔초 2-6-1
139.371715,35.743331,히가시야마토 경찰서 잔호리 주재소,"13223",5,무사시무라야마시 이나헤라 6-37-4
139.444101,35.6409,타마 중앙경찰서 사쿠라가오카 주재소,"13224",5,타마시 사쿠라가오카 4-1-1
139.457378,35.632013,타마 중앙 경찰서 세이가오카 주재소,"13224",5,타마시 세이가오카 2-20-5
139.411736,35.615919,타마 중앙경찰서 가라키타역 앞 주재소,"13224",5,타마시 가라키타 1-1-10
139.43835786,35.62418505,타마 중앙경찰서 북패취주재소
139.424465,35.611903,타마 중앙 경찰서 오치아이 롯초메 주재소,"13224",5,타마시 오치아이 6-3-1
139.457988,35.645067,타마 중앙경찰서 연광사 주재소,"13224",5,타마시 연광사 3-1-7
139.434713,35.644816,타마 중앙경찰서 와다 주재소,"13224",5,타마시 와다 39-2
139.487597,35.639374,타마 중앙경찰서향양대주재소,"13225",5,이나기시 무코요다이 3-7-4
139.488737,35.627932,타마 중앙 경찰서 사카하마 주재소,"13225",5,이나기시 사카하마 403
139.484904,35.631265,타마 중앙경찰서장봉주재소,"13225",5,이나기시장봉2-2-1
139.506624,35.645153,타마 중앙경찰서 히가시나가누마 주재소,"13225",5,이나기시 히가시나가누마 602-2
139.498125,35.638792,타마 중앙 경찰서 백촌 주재소,"13225",5,이나기시 백촌 66-1
139.300053,35.766021, 후쿠오 경찰서 하무라 서쪽 주재소,"13227",5, 하무라시 하카미 4-2-7
139.309978,35.762007, 후쿠오카 경찰서 우주주재소,"13227",5,하무라시 하나카 1-6-32
139.32269,35.760689, 후쿠오 경찰서 고노신 주재소,"13227",5,하무라시 고노진 2-11-13
139.243892,35.728885, 고카이치 경찰서 이나 주재소,"13228",5,아키루노시 이나 1569
139.201018,35.730306, 고이치시 경찰 서도쿠라 주재소,"13228",5,아키루노시 도쿠라 728-7
139.259225,35.726969, 고이치시 경찰서 야마다 주재소,"13228",5,아키루노시 야마다 569-23
139.183538,35.730804, 고이치시 경찰서 고미야 주재소,"13228",5,아키루노시 을즈 488-1
139.231922,35.722748, 고이치시 경찰서 유원지 주재소,"13228",5,아키루노시 유하라 266-2
139.318247,35.720402, 후쿠오 경찰서 오가와 주재소,"13228",5,아키루노시 오가와 821-1
139.290446,35.741919, 후쿠오카 경찰서 스가미 주재소,"13228",5,아키루노시 스가오733
139.304276,35.738608,복생경찰서 풀꽃주재소,"13228",5,아키루노시 쿠사카 3062
139.318469,35.727721, 후쿠오 경찰서 니노미야 주재소,"13228",5,아키루노시 니노미야 2254
139.306332,35.723638, 후쿠오카 경찰서 노변 주재소,"13228",5,아키루노시 노베 1140
139.287222,35.722415, 후쿠오 경찰서 유평 주재소,"13228",5,아키루노시 유평 240-4
139.273668,35.725747, 후쿠오카 경찰서 부치상 주재소,"13228",5,아키루노시 부치카미 1961
139.559087, 35.752446, 다무 경찰서 시모호야 주재소, "13229", 5, 니시 도쿄시 시모호야 2-4-17
139.354964, 35.786492, 후쿠야마 경찰서 모토 사야마 주재소, "13303", 5, 미즈호초 오지 고마가타 후지산
139.354465, 35.768161, 후쿠오카 경찰서석밭에 주재소, "13303", 5, 미즈호초 대자석밭 7
139.358826, 35.766495, 후쿠오카 경찰서석밭 주재소, "13303", 5, 미즈호초 대자석밭 1602
139.333189, 35.777771, 후쿠오 경찰서 나가오카 주재소, "13303", 5, 미즈호초 나가오카 1-47-1
139.34991,35.771077, 후쿠오 경찰서 하코네가사키 주재소,"13303",5, 미즈호초 대자 하코네가사키 246
139.350993,35.773994, 후쿠오카 경찰서 하코네가사키 북쪽 주재소,"13303",5, 미즈호초 대자 하코네가사키 122
139.33891043,35.7626265, 후쿠오 경찰서 무사시노 주재소,"13303",5, 미즈호초 무사시노 1-2
139.220781,35.756967, 고카이치 경찰서 호소 주재소,"13305",5,히노데마치 오오쿠노 3130
139.240447, 35.750661, 고카이치 경찰서 사카모토 주재소, "13305", 5, 히노데마치 오오쿠노 6985
139.268112, 35.740718, 고카이치 경찰서 히라이 주재소, "13305", 5, 히노데마치 대자 히라이 1214-3
139.234309,35.744718, 고카이치 경찰서 호리구치바시 주재소,"13305",5,히노데마치 오오쿠노 2220-3
139.256969,35.73655, 고카이치 경찰서 혼주쿠 주재소
139.122265,35.738163, 고이치시 경찰서 오자와 주재소,"13307",5,히바라무라 3769
139.148041,35.726775, 고카이치 경찰서 상원향 주재소,"13307",5,히바라무라469
139.125239,35.703805, 고카이치 경찰서 남향 주재소,"13307",5,히바라무라 1139
139.108952,35.801959,오메 경찰서 카이자와 주재소,"13308",5,오쿠타마초 카이자와 811-9
139.08439755,35.80015503,오메 경찰서경 주재소,"13308",5,오쿠타마초 경계 12-4
139.042495,35.786905,오메 경찰서원 주재소,"13308",5,오쿠타마초하라 62-4
139.14926,35.815708,오메 경찰서 고리 주재소,"13308",5,오쿠타마초 고탄바 109-4
139.048966,35.792903,오메 경찰서 코가와이 주재소,"13308",5,오쿠타마초하라 5
139.165704,35.81268,오메 경찰서 가와이 주재소,"13308",5,오쿠타마초 가와이 160-3
139.01570142,35.783282,오메 경찰서 카와노 주재소,"13308",5,오쿠타마초 유우라1210
139.094322,35.812764,오메 경찰서 도치쿠보 주재소,"13308",5,오쿠타마초 히카와 1801
139.044716,35.841644,오메 경찰서 히하라 주재소,"13308",5,오쿠타마초 히하라 721
139.129184,35.815004,오메 경찰서 비둘기의 둥지 주재소,"13308",5,오쿠타마초 타나자와 379-3
139.392102,34.788671,오시마 경찰서 오카다 주재소,"13361",5,오시마마치 오카다 1
139.435547,34.682128, 오오시마 경찰서 밑에 주재소
139.387801,34.695154,오오시마 경찰서 간부 주재소,"13361",5
139.41491,34.682239,오오시마 경찰서 차목지 주재소,"13361",5,오시마마치 차목지 4
139.413711, 34.783255, 오시마 경찰 서천진 주재소, "13361", 5, 오시마초 이즈미 28-18
오시마 경찰서 오시마 남부 주재소
오시마 경찰서 오시마 북부 주재소
오시마 경찰 서파 부항 주재소
139.363716,34.7752, 오시마 경찰서 북쪽의 산 주재소
139.354746, 34.728233, 오시마 경찰 서야 증주소, "13361", 5, 오시마 마치 노 마스 오와나 256-1
139.284056,34.529519,오시마 경찰서 이리시마무라 주재소,"13362",5,리시마무라 315
139.221682,34.327577,신지마 경찰서식 네지마 주재소,"13363",5,신시마무라식 네지마 211-1
139.282174,34.420875,신지마 경찰서 와카고 주재소,"13363",5,니시마무라 와카고 6-11
139.136082,34.208218,신지마 경찰서 칸즈시마 남주재소,"13364",5,칸즈시마무라 1091
139.136138,34.204247,신지마 경찰서 진진도 북쪽 주재소,"13364",5,간진시마무라 125
139.480739,34.071427,미야케지마 경찰서 아고 주재소,"13381",5,미야케무라 아고 672
139.492876,34.098146,미야케지마 경찰서 이가야 주재소,"13381",5,미야케무라 이가야 500
139.500596,34.114228,미야케지마 경찰서 이즈 주재소,"13381",5,미야케무라 이즈 1037
139.528232,34.1217,미야케지마 경찰서 신착 주재소,"13381",5,미야케무라 신착 893
139.545095,34.059735,미야케지마 경찰서 쓰보다 주재소,"13381",5,미야케무라 쓰보다 3121
139.59185,33.89706,미야케지마 경찰서 미쿠라지마 주재소,"13382",5,미쿠라지마무라
139.795569, 33.071356, 하치조지마 경찰서 樫立 주재소, "13401", 5, 하치조초 樫立 370
139.803005,33.124404,하치조지마 경찰서 산네 주재소,"13401",5,하치조초 산네 1037-3
139.801149,33.115851,하치조지마 경찰서천향 주재소,"13401",5,하치조초 미네 1778-2
139.784513,33.102129, 하치조지마 경찰서 오가고 주재소,"13401",5, 하치조초 오가고 2431-3
139.809985, 33.066579, 하치조지마 경찰서 나카노고 주재소, "13401", 5, 하치조초 나카노고 2136-2
139.85273,33.083885, 하치조지마 경찰서 스에요시 주재소,"13401",5, 하치조초 스에요시 2631
139.764675,32.465632,하치조지마 경찰서 아오가시마무라 주재소,"13402",5,아오가시마무라 무반지
142.160875,26.640265,오가사와라 경찰서 모지마 주재소,"13421",5,오가사와라무라 모지마 자원지
139.76036,35.683312,마루노우치 경찰서 도라지문 경비 파출소,"13101",6,지요다구 황거 외원 3-1
139.759461,35.679432,마루노우치 경찰서 황거전 경비 파출소,"13101",6,지요다구 황거 외원 2-1
139.759282,35.677423,마루노우치 경찰서 사쿠라다몬 경비 파출소,"13101",6,지요다구 황궁 외원 1-1
139.752684,35.689042, 고지마치 경찰서 건문 경비 파출소,"13101",6,지요다구 기타노마루 공원 1-1
139.737879,35.677789, 고지마치 경찰서 참의원 의장 공저 경비 파출소,"13101",6,지요다구 나가타마치 2-18-1
139.737879,35.677789, 고지마치 경찰서 중의원 의장 공저 경비 파출소,"13101",6,지요다구 나가타마치 2-18-1
139.745473,35.688342, 고지마치 경찰서 치토리가후치 경비 파출소,"13101",6,지요다구 기타노마루 공원 1-2
139.744462,35.684098, 고지마치 경찰서 한조몬 경비 파출소,"13101",6,지요다구 고지마치 1-2-1
139.779473,35.682625, 츄오경찰서 도쿄증권거래소 경비파출소
139.771546,35.686574,중앙경찰서 일본은행 경비파출소,"13102",6,추오구 니혼바시 혼이시쵸
139.787893,35.694815, 도쿄 걸프 경찰서 쿠마타가와 수상파출소,"13102",6,추오구 히가시니혼바시 2-28-2
139.721211,35.677407,아카사카 경찰서 히가시미야 고쇼 경비 파출소,"13103",6,미나토구 모토아카사카 2-2-21
139.743774,35.668952,아카사카 경찰서 미국 대사관 경비 파출소,"13103",6,미나토구 아카사카 1-10
139.759213, 35.64613, 도쿄 걸프 경찰서 일출 부두 수상 파출소, "13103", 6, 미나토 구 해안 2-7-68
139.741459,35.659926,아자부 경찰서 옥 구멍 경비 파출소,"13103",6,미나토구 아자부다이 1-8-12
139.726277,35.654109,아자부 경찰서 중국 대사관 경비 파출소,"13103",6,미나토구 미나미아자부 5-6-1
139.726646,35.68073, 요츠야 경찰서 미나미 모토마치 경비 파출소,"13104",6,신주쿠구 와카바초 1-23
139.753405,35.705734,도미사카 경찰서 도쿄돔 경비 파출소,"13105",6,분쿄구 고라쿠 1-3
139.803764,35.653297, 도쿄 걸프 경찰서 도요스 운하 수상 파출소,"13108",6,고토구 도요스 4-10-7
139.753829, 35.560141, 도쿄 걸프 경찰서 하네다 수상 파출소, "13111", 6, 대전구 하네다 공항 1-8
139.856669,35.682981, 도쿄 걸프 경찰서 나카가와 수상 파출소,"13123",6,에도가와구 후나보리 2-1-4
139.285725,35.648812,타카오 경찰서 타마 능경비 파출소,"13201",6,하치오지시 나가보초 1340
139.284156,35.758538,후쿠이 경찰서 아키타 경비 파출소,"13228",6,아키루노시 스가 1631
139.363819,34.775344, 오오시마 경찰서 외륜산 경비 파출소
139.782212,33.116272, 하치조지마 경찰서 공항 경비 파출소,"13401",6, 하치조초 오가고 2839-2
139.521154,35.667677,경시청 경찰학교,"13206",7,후추시 아사히마치 3-15-1
139.77246088,35.70078723,만세바시 경찰서 아키하바라 교번,"13101",4,지요다구 소토칸다 4-14
139.76259757,35.65420326,아타고 경찰서 다케시바 교번,"13103",4,미나토구 해안 1-12-2
139.72955117,35.66576925,아카사카 경찰서 아카사카 9초메 경비 파출소,"13103",6,미나토구 아카사카 9-7(도쿄 미드타운 내)
139.800027, 35.727398, 아사쿠사 경찰서 일본 제방 교번, "13106", 4, 다이토구 일본 제방 1-24-13
139.80639023,35.68042187,후카가와 경찰서 현대 미술관 앞 교번,"13108",4,고토구 미요시 3-4-9
139.750802,35.59885,오이 경찰서 야시오 단지 교번,"13109",4,시나가와구 야시오 5-5-5
139.7233,35.629614,오사키 경찰서 이케다야마 지역 안전 센터,"13109",8,시나가와구 히가시고탄다 5-12-26
139.723461,35.56982,오모리 경찰서 오모리 니시 교번,"13111",4,오타구 오모리 니시 7-5-16
139.64998689,35.66905215,키타자와 경찰 서명 오마에 에키마에 교번
139.6791,35.668412,요요기 경찰서 요요기 우에하라역 앞 교번,"13113",4,시부야구 우에하라 1-31-6
139.62539593,35.69567202, 스기나미 경찰서 니시타바타바시 주재소,"13115",5,스기나미구 오기쿠보 3-8-3
139.72517054,35.73630488, 스가모 경찰서 스가모 닛타 교번, "13116", 4, 도시마구 니시 스가모 1-3-6
139.75771274,35.75091371,오쿠 경찰서 아라카와 유엔 마에 교번,"13118",4,아라카와구 니시오쿠 8-1(우에오쿠 공원 내)
139.7629303,35.74572358,오쿠 경찰서 니시오 쿠 교번,"13118",4,아라카와구 니시오 쿠 1-20-12
139.76898431,35.74474489,오쿠 경찰서 적토 교번,"13118",4,아라카와구 히가시오쿠 4-11-14
139.771453,35.74955,오쿠 경찰서 구마노 마에 교번,"13118",4,아라카와구 히가시오쿠 8-1-1
139.78689328,35.75158603,오쿠 경찰서 오오 다케하시 교번,"13118",4,아라카와구 마치야 7-4-5
139.770395,35.813675,다케노츠카 경찰서견 누마시로 친수공원 앞 교번,"13121",4,아다치 구사인 5-21-24
139.38198,35.616194,미나미오사와 경찰서,"13201",2,하치오지시 미나미오사와 1-8-3
139.301407,35.651938,타카오 경찰서 나미키마치 교번,"13201",4,하치오지시 나미키마치 13-1
139.32852919,35.63174065, 미나미오자와 경찰서 미나미노 교번,"13201",4,하치오지시 미나미노 1-7-4