번호,관리기관명,소재지도로명주소,소재지지번주소,설치목적구분,카메라대수,카메라화소수,촬영방면정보,보관일수,설치연월,관리기관전화번호,WGS84위도,WGS84경도,데이터기준일자
1,제주특별자치도,제주특별자치도 제주시 동광로1길 20-7,제주특별자치도 제주시 이도일동 1294,어린이보호,4,,광양초 후문 서측 삼거리,30.0,,064-728-2101,33.502506,126.528726,2021-01-06
2,제주특별자치도,제주특별자치도 제주시 서광로29길 34,제주특별자치도 제주시 이도일동 1650-1,어린이보호,4,,삼성초 정문 앞 삼거리,30.0,,064-728-2101,33.503069,126.526083,2021-01-06
3,제주특별자치도,제주특별자치도 제주시 홍랑길 38-15,제주특별자치도 제주시 삼도일동 273,어린이보호,4,,삼성초 후문 앞 삼거리,30.0,,064-728-2101,33.503177,126.524632,2021-01-06
4,제주특별자치도,제주특별자치도 제주시 신산로15길 36,제주특별자치도 제주시 일도이동 352,어린이보호,4,,인화초 정문,30.0,,064-728-2101,33.506864,126.538456,2021-01-06
5,제주특별자치도,제주특별자치도 제주시 신산로13길 30,제주특별자치도 제주시 일도이동 446,어린이보호,4,,인화초 체육관 북측 삼거리,30.0,,064-728-2101,33.507696,126.536822,2021-01-06
6,제주특별자치도,제주특별자치도 제주시 신산로4길 26,제주특별자치도 제주시 일도이동 1050-1,어린이보호,5,,일도초 정문 북측 사거리,30.0,,064-728-2101,33.510371,126.529442,2021-01-06
7,제주특별자치도,제주특별자치도 제주시 신선서길 12,제주특별자치도 제주시 일도이동 1050-1,어린이보호,4,,일도초 후문 서측 삼거리,30.0,,064-728-2101,33.508837,126.529208,2021-01-06
8,제주특별자치도,제주특별자치도 제주시 동화로1길 44,제주특별자치도 제주시 화북일동 29-5,어린이보호,3,,동화초 운동장 북측 단일로,30.0,,064-728-2101,33.519469,126.575533,2021-01-06
9,제주특별자치도,제주특별자치도 제주시 동화로1길 47,제주특별자치도 제주시 화북일동 12-2,어린이보호,4,,동화초 정문 앞 삼거리,30.0,,064-728-2101,33.518456,126.576472,2021-01-06
10,제주특별자치도,제주특별자치도 제주시 화남로 1,제주특별자치도 제주시 화북일동 3907-7,어린이보호,4,,화북초 정문 동측 삼거리,30.0,,064-728-2101,33.518137,126.563195,2021-01-06
11,제주특별자치도,제주특별자치도 제주시 진남로2길 25,제주특별자치도 제주시 화북일동 3970-3,어린이보호,4,,화북초 후문 동측 삼거리,30.0,,064-728-2101,33.51998,126.563268,2021-01-06
12,제주특별자치도,제주특별자치도 제주시 도평길 23,제주특별자치도 제주시 도평동 872-1,어린이보호,6,,도평초 정문,30.0,,064-728-2101,33.479987,126.447194,2021-01-06
13,제주특별자치도,제주특별자치도 제주시 구좌읍 동복로 62,제주특별자치도 제주시 구좌읍 동복리 1759,어린이보호,5,,동복분교 진입로 서측,30.0,,064-728-2101,33.552886,126.712908,2021-01-06
14,제주특별자치도,제주특별자치도 제주시 구좌읍 동복로2길 13,제주특별자치도 제주시 구좌읍 동복리 1759,어린이보호,5,,동복분교 동남교차로,30.0,,064-728-2101,33.551781,126.712752,2021-01-06
15,제주특별자치도,제주특별자치도 제주시 구좌읍 구좌로 64,제주특별자치도 제주시 구좌읍 세화리 3637,어린이보호,6,,세화초 정문,30.0,,064-728-2101,33.522248,126.858049,2021-01-06
16,제주특별자치도,제주특별자치도 제주시 구좌읍 종달로7길 8,제주특별자치도 제주시 구좌읍 종달리 4982,어린이보호,3,,종달초 정문,30.0,,064-728-2101,33.492063,126.896909,2021-01-06
17,제주특별자치도,제주특별자치도 제주시 구좌읍 일주동로 2841,제주특별자치도 제주시 구좌읍 한동리 1182-4,어린이보호,5,,한동초 정문 남측 사거리,30.0,,064-728-2101,33.537566,126.828976,2021-01-06
18,제주특별자치도,제주특별자치도 제주시 구좌읍 월정7길 2,제주특별자치도 제주시 구좌읍 월정리 101-3,어린이보호,4,,구좌중앙초 정문 동측,30.0,,064-728-2101,33.551208,126.798693,2021-01-06
19,제주특별자치도,제주특별자치도 제주시 구좌읍 김녕로 116,제주특별자치도 제주시 구좌읍 김녕리 2121,어린이보호,4,,김녕초 정문,30.0,,064-728-2101,33.55484,126.750568,2021-01-06
20,제주특별자치도,제주특별자치도 제주시 구좌읍 종달로 59,제주특별자치도 제주시 구좌읍 종달리 4982,어린이보호,6,,종달초 서측 사거리,30.0,,064-728-2101,33.492701,126.896463,2021-01-06
21,제주특별자치도,제주특별자치도 제주시 구좌읍 평대5길 1,제주특별자치도 제주시 구좌읍 평대리 3344,어린이보호,5,,평대초 정문,30.0,,064-728-2101,33.529187,126.839646,2021-01-06
22,제주특별자치도,제주특별자치도 제주시 구좌읍 하도3길 4,제주특별자치도 제주시 구좌읍 하도리 2322-5,어린이보호,3,,하도초 정문,30.0,,064-728-2101,33.517866,126.878097,2021-01-06
23,제주특별자치도,제주특별자치도 제주시 수덕로 66,제주특별자치도 제주시 노형동 2584-1,어린이보호,7,,노형제1근린공원,30.0,,064-728-2101,33.486161,126.470467,2021-01-06
24,제주특별자치도,제주특별자치도 제주시 정존5길 67,제주특별자치도 제주시 노형동 2584-1,어린이보호,4,,백록초 정문,30.0,,064-728-2101,33.486584,126.469677,2021-01-06
25,제주특별자치도,제주특별자치도 제주시 해안마을길 75,제주특별자치도 제주시 해안동 1948,어린이보호,4,,해안초 정문,30.0,,064-728-2101,33.456605,126.454746,2021-01-06
26,제주특별자치도,제주특별자치도 제주시 번영로 480,제주특별자치도 제주시 봉개동 2736,어린이보호,5,,봉개초 정문,30.0,,064-728-2101,33.491091,126.593229,2021-01-06
27,제주특별자치도,제주특별자치도 제주시 중앙로 523,제주특별자치도 제주시 아라일동 6174,어린이보호,4,,아라초 정문 동측,30.0,,064-728-2101,33.476288,126.544655,2021-01-06
28,제주특별자치도,제주특별자치도 제주시 아봉로 229,제주특별자치도 제주시 영평동 1830-5,어린이보호,4,,영평초 정문,30.0,,064-728-2101,33.477876,126.567507,2021-01-06
29,제주특별자치도,제주특별자치도 제주시 성신북길 10,제주특별자치도 제주시 연동 2335-4,어린이보호,6,,연동중부교회,30.0,,064-728-2101,33.491839,126.482669,2021-01-06
30,제주특별자치도,제주특별자치도 제주시 선덕로4길 22,제주특별자치도 제주시 연동 336,어린이보호,5,,신제주초 후문 GS25,30.0,,064-728-2101,33.483504,126.49842,2021-01-06
31,제주특별자치도,제주특별자치도 제주시 남광로4길 18,제주특별자치도 제주시 이도이동 1991-1,어린이보호,5,,103호,30.0,,064-728-2101,33.492189,126.53941,2021-01-06
32,제주특별자치도,제주특별자치도 제주시 구남로2길 12,제주특별자치도 제주시 이도이동 2038,어린이보호,5,,이도초 정문,30.0,,064-728-2101,33.487958,126.532947,2021-01-06
33,제주특별자치도,제주특별자치도 제주시 연북로 607,제주특별자치도 제주시 이도이동 695-3,어린이보호,7,,영지학교 동측 제비표페인트,30.0,,064-728-2101,33.48955,126.543066,2021-01-06
34,제주특별자치도,제주특별자치도 제주시 삼성로9길 23,제주특별자치도 제주시 일도이동 1038-1,어린이보호,3,,일도초 남측 그남자헤어숍,30.0,,064-728-2101,33.50939,126.530097,2021-01-06
35,제주특별자치도,제주특별자치도 제주시 조천읍 조와로 13,제주특별자치도 제주시 조천읍 조천리 2202-1,어린이보호,6,,조천삼일어린이집,30.0,,064-728-2101,33.534418,126.635771,2021-01-06
36,제주특별자치도,제주특별자치도 제주시 한림읍 한수풀로 30,제주특별자치도 제주시 한림읍 한림리 1309-3,어린이보호,4,,한림성모유치원1,30.0,,064-728-2101,33.417825,126.265815,2021-01-06
37,제주특별자치도,제주특별자치도 제주시 동화로1길 57,제주특별자치도 제주시 화북일동 29-9,어린이보호,5,,88호1,30.0,,064-728-2101,33.517382,126.57638,2021-01-06
38,제주특별자치도,제주특별자치도 제주시 문화마을길 5,제주특별자치도 제주시 건입동 1427-5,어린이보호,8,,교대부설초 정문,30.0,,064-728-2101,33.513456,126.553206,2021-01-06
39,제주특별자치도,제주특별자치도 제주시 동문로 60,제주특별자치도 제주시 일도이동 1050-1,어린이보호,6,,제주동초 정문,30.0,,064-728-2101,33.513317,126.532982,2021-01-06
40,제주특별자치도,제주특별자치도 제주시 구좌읍 김녕로11길 13,제주특별자치도 제주시 구좌읍 김녕리 2121,어린이보호,1,,김녕초 후문,30.0,,064-728-2101,33.555525,126.749837,2021-01-06
41,제주특별자치도,제주특별자치도 제주시 화삼로 47,제주특별자치도 제주시 도련일동 1966,어린이보호,5,,삼화제4근린공원,30.0,,064-728-2101,33.514342,126.578003,2021-01-06
42,제주특별자치도,제주특별자치도 제주시 화삼로 145,제주특별자치도 제주시 삼양이동 2338,어린이보호,6,,삼화제3근린공원,30.0,,064-728-2101,33.517294,126.585912,2021-01-06
43,제주특별자치도,제주특별자치도 제주시 아란5길 13,제주특별자치도 제주시 아라일동 6175,어린이보호,5,,아라초 남측 공영주차장,30.0,,064-728-2101,33.47533,126.543628,2021-01-06
44,제주특별자치도,제주특별자치도 제주시 애월읍 장전4길 2,제주특별자치도 제주시 애월읍 장전리 1797,어린이보호,4,,장전초 정문 서측,30.0,,064-728-2101,33.45087,126.388336,2021-01-06
45,제주특별자치도,제주특별자치도 제주시 애월읍 하가로 215,제주특별자치도 제주시 애월읍 하가리 1598-1,어린이보호,4,,더럭초 후문 놀이터,30.0,,064-728-2101,33.453214,126.344745,2021-01-06
46,제주특별자치도,제주특별자치도 제주시 용담로 92,제주특별자치도 제주시 용담이동 359-59,어린이보호,5,,제주서초 GS25 사거리,30.0,,064-728-2101,33.512007,126.512311,2021-01-06
47,제주특별자치도,제주특별자치도 제주시 연삼로 550,제주특별자치도 제주시 일도이동 115-9,어린이보호,4,,동광초 정문 동측 사거리,30.0,,064-728-2101,33.502325,126.547737,2021-01-06
48,제주특별자치도,제주특별자치도 제주시 조천읍 신북로 598,제주특별자치도 제주시 조천읍 함덕리 4172,어린이보호,4,,함덕2호어린이공원,30.0,,064-728-2101,33.539258,126.673429,2021-01-06
49,제주특별자치도,제주특별자치도 제주시 북성로 9,제주특별자치도 제주시 삼도이동 17-3,어린이보호,5,,제주북초,30.0,,064-728-2101,33.515652,126.523224,2021-01-06
50,제주특별자치도,제주특별자치도 제주시 선사로 3,제주특별자치도 제주시 삼양이동 2139-5,어린이보호,4,,삼양유치원,30.0,,064-728-2101,33.521859,126.586963,2021-01-06
51,제주특별자치도,제주특별자치도 제주시 화삼북로 136,제주특별자치도 제주시 도련이동 548,어린이보호,5,,도련초 후문,30.0,,064-728-2101,33.515776,126.586429,2021-01-06
52,제주특별자치도,제주특별자치도 제주시 화삼로 104,제주특별자치도 제주시 도련일동 2002,어린이보호,5,,도련초 정문,30.0,,064-728-2101,33.514238,126.58451,2021-01-06
53,제주특별자치도,제주특별자치도 제주시 삼봉로 16,제주특별자치도 제주시 삼양이동 2681,어린이보호,4,,삼양초,30.0,,064-728-2101,33.519868,126.588052,2021-01-06
54,제주특별자치도,제주특별자치도 제주시 애월읍 납읍로2길 36,제주특별자치도 제주시 애월읍 납읍리 2787,어린이보호,4,,납읍초 후문,30.0,,064-728-2101,33.435859,126.329951,2021-01-06
55,제주특별자치도,제주특별자치도 제주시 애월읍 애상로 253,제주특별자치도 제주시 애월읍 하가리 1582-1,어린이보호,5,,더럭초,30.0,,064-728-2101,33.452737,126.346265,2021-01-06
56,제주특별자치도,제주특별자치도 제주시 사평4길 31,제주특별자치도 제주시 오라이동 3827-6,어린이보호,4,,오라초,30.0,,064-728-2101,33.49051,126.512651,2021-01-06
57,제주특별자치도,제주특별자치도 제주시 신산로11길 34-1,제주특별자치도 제주시 일도이동 442,어린이보호,5,,인화초,,,064-728-2101,33.508724,126.537225,2021-01-06
58,제주특별자치도,제주특별자치도 제주시 한림읍 금능길 119-10,제주특별자치도 제주시 한림읍 협재리 2872,어린이보호,4,,재릉초,,,064-728-2101,33.389661,126.235799,2021-01-06
59,제주특별자치도,제주특별자치도 제주시 화삼로1길 20,제주특별자치도 제주시 화북일동 1029,어린이보호,4,,삼화초,,,064-728-2101,33.515062,126.576385,2021-01-06
60,제주특별자치도,제주특별자치도 제주시 구좌읍 중산간동로 2210,제주특별자치도 제주시 구좌읍 송당리 1272-2,어린이보호,3,,송당초 정문1,,,064-728-2101,33.471705,126.779409,2021-01-06
61,제주특별자치도,제주특별자치도 제주시 구좌읍 중산간동로 2226,제주특별자치도 제주시 구좌읍 송당리 2774,어린이보호,2,,송당초 정문2,,,064-728-2101,33.472227,126.780709,2021-01-06
62,제주특별자치도,제주특별자치도 제주시 태성로1길 36,제주특별자치도 제주시 일도이동 115-7,어린이보호,4,,동광초 후문입구 삼거리,,,064-728-2101,33.501653,126.546543,2021-01-06
63,제주특별자치도,제주특별자치도 제주시 애월읍 하귀9길 34,제주특별자치도 제주시 애월읍 하귀1리 562,어린이보호,4,,하귀9길 54-8 앞,,,064-728-2101,33.483841,126.416262,2021-01-06
64,제주특별자치도,제주특별자치도 제주시 애월읍 곽지남2길 1,제주특별자치도 제주시 애월읍 곽지리 2495,어린이보호,4,,곽지 새마을금고 삼거리,,,064-728-2101,33.446011,126.309139,2021-01-06
65,제주특별자치도,제주특별자치도 제주시 한경면 용고로 129-10,제주특별자치도 제주시 한경면 고산리 3452-11,어린이보호,5,,자구네입구 교차로,,,064-728-2101,33.303897,126.17616,2021-01-06
66,제주특별자치도,제주특별자치도 제주시 조천읍 함와로 12,제주특별자치도 제주시 조천읍 함덕리 4171,어린이보호,5,,칠돈가사거리,,,064-728-2101,33.538768,126.674145,2021-01-06
67,제주특별자치도,제주특별자치도 제주시 조천읍 함덕22길 28,제주특별자치도 제주시 조천읍 함덕리 4172,어린이보호,4,,함덕초 동쪽입구,,,064-728-2101,33.537957,126.673232,2021-01-06
68,제주특별자치도,제주특별자치도 제주시 화삼북로2길 32,제주특별자치도 제주시 화북이동 120,생활방범,5,,삼화LH2단지 아파트입구,,,064-728-2101,33.514137,126.576198,2021-01-06
69,제주특별자치도,제주특별자치도 제주시 비월길 30,제주특별자치도 제주시 연동 336,기타,17,,신제주초,2.0,,064-728-2101,33.483102,126.497147,2021-01-06
70,제주특별자치도,제주특별자치도 제주시 애월읍 하귀9길 50,제주특별자치도 제주시 애월읍 하귀1리 158-1,기타,21,,하귀초,2.0,,064-728-2101,33.483035,126.415676,2021-01-06
71,제주특별자치도,제주특별자치도 제주시 한림읍 한림로4길 7,제주특별자치도 제주시 한림읍 한림리 1383,기타,11,,한마음초,2.0,,064-728-2101,33.411922,126.26134,2021-01-06
72,제주특별자치도,제주특별자치도 제주시 애월읍 곽지8길 28,제주특별자치도 제주시 애월읍 곽지리 2495,생활방범,2,,곽금초등학교후문,30.0,,064-728-2101,33.447172,126.308423,2021-01-06
73,제주특별자치도,제주특별자치도 제주시 삼성로5길 41,제주특별자치도 제주시 일도일동 936-22,생활방범,4,,남수각방면,30.0,,064-728-2101,33.509599,126.527735,2021-01-06
74,제주특별자치도,제주특별자치도 제주시 성화로6길 38,제주특별자치도 제주시 용담이동 606-63,생활방범,3,,아이맘어린이집앞,30.0,,064-728-2101,33.511196,126.509351,2021-01-06
75,제주특별자치도,제주특별자치도 제주시 일주동로 398,제주특별자치도 제주시 삼양이동 1496-4,기타,1,,삼양해수욕장입구,,,064-728-2101,33.521267,126.587446,2021-01-06
76,제주특별자치도,제주특별자치도 제주시 고마로9길 25,제주특별자치도 제주시 일도이동 157-25,생활방범,5,,성환사라봉 아파트,30.0,,064-728-2101,33.510914,126.541872,2021-01-06
77,제주특별자치도,제주특별자치도 제주시 동광로23길 5,제주특별자치도 제주시 일도이동 153-5,어린이보호,4,,영락유치원2,30.0,,064-728-2101,33.510905,126.543414,2021-01-06
78,제주특별자치도,제주특별자치도 제주시 고마로13길 40,제주특별자치도 제주시 일도이동 153-5,어린이보호,5,,영락유치원1,30.0,,064-728-2101,33.510783,126.542631,2021-01-06
79,제주특별자치도,제주특별자치도 제주시 거로남6길 41,제주특별자치도 제주시 화북이동 3532,어린이보호,4,,마야유치원,30.0,,064-728-2101,33.508261,126.564475,2021-01-06
80,제주특별자치도,제주특별자치도 제주시 황새왓길 21,제주특별자치도 제주시 이도이동 13-2,어린이보호,4,,제주국제대유치원,30.0,,064-728-2101,33.498169,126.551443,2021-01-06
81,제주특별자치도,제주특별자치도 제주시 연북로 559,제주특별자치도 제주시 이도이동 2020-5,어린이보호,4,,전원유치원,30.0,,064-728-2101,33.487059,126.539021,2021-01-06
82,제주특별자치도,제주특별자치도 제주시 수덕로 69,제주특별자치도 제주시 노형동 2585-4,어린이보호,5,,새순유치원,30.0,,064-728-2101,33.484735,126.470818,2021-01-06
83,제주특별자치도,제주특별자치도 제주시 애월읍 천덕로 2,제주특별자치도 제주시 애월읍 곽지리 2495,어린이보호,5,,곽금초 사거리,30.0,,064-728-2101,33.447789,126.307175,2021-01-06
84,제주특별자치도,제주특별자치도 제주시 애월읍 납읍로2길 42-2,제주특별자치도 제주시 애월읍 납읍리 1505-1,어린이보호,4,,납읍초 정문,30.0,,064-728-2101,33.434879,126.330028,2021-01-06
85,제주특별자치도,제주특별자치도 제주시 애월읍 하가로 195,제주특별자치도 제주시 애월읍 하가리 1575-5,어린이보호,6,,더럭초 정문,30.0,,064-728-2101,33.453988,126.345961,2021-01-06
86,제주특별자치도,제주특별자치도 제주시 애월읍 장전로 125,제주특별자치도 제주시 애월읍 장전리 1797,어린이보호,7,,장전초 정문,30.0,,064-728-2101,33.450259,126.391032,2021-01-06
87,제주특별자치도,제주특별자치도 제주시 애월읍 일주서로 6767,제주특별자치도 제주시 애월읍 신엄리 3208,어린이보호,4,,구엄초 정문,30.0,,064-728-2101,33.473982,126.374658,2021-01-06
88,제주특별자치도,제주특별자치도 제주시 애월읍 하소로 178,제주특별자치도 제주시 애월읍 수산리 458-5,어린이보호,6,,물메초 진입로 삼거리,30.0,,064-728-2101,33.466381,126.392899,2021-01-06
89,제주특별자치도,제주특별자치도 제주시 우평로 190,제주특별자치도 제주시 도평동 1405,어린이보호,5,,도평초 사거리,30.0,,064-728-2101,33.481383,126.446321,2021-01-06
90,제주특별자치도,제주특별자치도 제주시 구남로 13,제주특별자치도 제주시 이도이동 747,어린이보호,5,,이도초 명주빌라 사거리,30.0,,064-728-2101,33.48911,126.532201,2021-01-06
91,제주특별자치도,제주특별자치도 제주시 조천읍 일주동로 1488,제주특별자치도 제주시 조천읍 북촌리 2688,어린이보호,4,,북촌초 정문,30.0,,064-728-2101,33.547391,126.692764,2021-01-06
92,제주특별자치도,제주특별자치도 제주시 조천읍 신촌3길 1,제주특별자치도 제주시 조천읍 신촌리 4005,어린이보호,5,,신촌초 정문 서측 삼거리,30.0,,064-728-2101,33.533131,126.619129,2021-01-06
93,제주특별자치도,제주특별자치도 제주시 조천읍 신북로 200,제주특별자치도 제주시 조천읍 조천리 3147-1,어린이보호,6,,조천초 정문,30.0,,064-728-2101,33.535032,126.634463,2021-01-06
94,제주특별자치도,제주특별자치도 제주시 조천읍 신북로 592,제주특별자치도 제주시 조천읍 함덕리 954-37,어린이보호,6,,함덕초 해변교회,30.0,,064-728-2101,33.539867,126.672441,2021-01-06
95,제주특별자치도,제주특별자치도 제주시 조천읍 중산간동로 691,제주특별자치도 제주시 조천읍 대흘리 1651-3,어린이보호,6,,대흘초 동측 삼거리,30.0,,064-728-2101,33.498839,126.65877,2021-01-06
96,제주특별자치도,제주특별자치도 제주시 조천읍 함덕22길 28,제주특별자치도 제주시 조천읍 함덕리 287-2,어린이보호,4,,함덕초 후문,30.0,,064-728-2101,33.537548,126.672371,2021-01-06
97,제주특별자치도,제주특별자치도 제주시 한경면 고산로1길 14,제주특별자치도 제주시 한경면 고산리 2750-16,어린이보호,4,,고산초 정문,30.0,,064-728-2101,33.303625,126.177991,2021-01-06
98,제주특별자치도,제주특별자치도 제주시 한경면 중산간서로 3592,제주특별자치도 제주시 한경면 청수리 417-2,어린이보호,5,,저청초 정문,30.0,,064-728-2101,33.325672,126.251983,2021-01-06
99,제주특별자치도,제주특별자치도 제주시 한경면 고산로 25-1,제주특별자치도 제주시 한경면 고산리 2205-1,어린이보호,7,,고산우체국앞,30.0,,064-728-2101,33.303547,126.179432,2021-01-06
100,제주특별자치도,제주특별자치도 제주시 한림읍 귀덕14길 18,제주특별자치도 제주시 한림읍 귀덕리 4174,어린이보호,5,,귀덕초 복지회관,30.0,,064-728-2101,33.442374,126.294545,2021-01-06
101,제주특별자치도,제주특별자치도 제주시 한림읍 금악로 1-1,제주특별자치도 제주시 한림읍 금악리 3453-22,어린이보호,5,,금악초 사거리,30.0,,064-728-2101,33.35732,126.295716,2021-01-06
102,제주특별자치도,제주특별자치도 제주시 한림읍 일주서로 5873,제주특별자치도 제주시 한림읍 귀덕리 1018-5,어린이보호,4,,귀덕초 일광월광마트,30.0,,064-728-2101,33.443722,126.293625,2021-01-06
103,제주특별자치도,제주특별자치도 제주시 한림읍 금능길 119-10,제주특별자치도 제주시 한림읍 금능리 2031,어린이보호,6,,재릉초 정문 진입로,30.0,,064-728-2101,33.390295,126.237032,2021-01-06
104,제주특별자치도,제주특별자치도 제주시 월랑북길 30-7,제주특별자치도 제주시 노형동 1297-2,어린이보호,3,,애육어린이집,30.0,,064-728-2101,33.491885,126.477773,2021-01-06
105,제주특별자치도,제주특별자치도 제주시 노형로 393,제주특별자치도 제주시 노형동 1297-4,어린이보호,4,,노형초 정문 동측,30.0,,064-728-2101,33.484843,126.477028,2021-01-06
106,제주특별자치도,제주특별자치도 제주시 아란5길 8,제주특별자치도 제주시 아라일동 6098,어린이보호,4,,아라초 후문,30.0,,064-728-2101,33.476222,126.542355,2021-01-06
107,제주특별자치도,제주특별자치도 제주시 애월읍 평화로 2751,제주특별자치도 제주시 애월읍 광령리 4227,어린이보호,6,,관광대유치원,30.0,,064-728-2101,33.449954,126.437662,2021-01-06
108,제주특별자치도,제주특별자치도 제주시 애월읍 하귀동남3길 27,제주특별자치도 제주시 애월읍 하귀1리 565,어린이보호,6,,하귀일초 정문,30.0,,064-728-2101,33.484239,126.415139,2021-01-06
109,제주특별자치도,제주특별자치도 제주시 애월읍 하귀동남3길 32,제주특별자치도 제주시 애월읍 하귀1리 565,어린이보호,5,,하귀일초 후문,30.0,,064-728-2101,33.484369,126.415376,2021-01-06
110,제주특별자치도,제주특별자치도 제주시 애월읍 평화로 2729,제주특별자치도 제주시 애월읍 광령리 4227,어린이보호,5,,영송학교 입구건너편,30.0,,064-728-2101,33.448345,126.436019,2021-01-06
111,제주특별자치도,제주특별자치도 제주시 관덕로7길 33,제주특별자치도 제주시 삼도이동 12-13,생활방범,1,,탑동컴퓨터세탁소 앞,30.0,,064-728-2101,33.5162,126.523275,2021-01-06
112,제주특별자치도,제주특별자치도 제주시 중앙로 517,제주특별자치도 제주시 아라일동 6101,생활방범,4,,아라초 앞 도로,30.0,,064-728-2101,33.476842,126.544149,2021-01-06
113,제주특별자치도,제주특별자치도 제주시 연북로 610,제주특별자치도 제주시 이도이동 695-3,생활방범,4,,영지학교 앞 도로,30.0,,064-728-2101,33.489566,126.543577,2021-01-06
114,제주특별자치도,제주특별자치도 제주시 한림읍 한림로4길 25,제주특별자치도 제주시 한림읍 한림리 1582,생활방범,5,,한림초 동측 GS25,30.0,,064-728-2101,33.410491,126.262681,2021-01-06
115,제주특별자치도,제주특별자치도 제주시 삼봉로2길 16,제주특별자치도 제주시 삼양이동 2336,생활방범,4,,삼양체육관 옆,30.0,,064-728-2101,33.519616,126.586336,2021-01-06
116,제주특별자치도,제주특별자치도 제주시 동광로5길 19-16,제주특별자치도 제주시 이도일동 1294,생활방범,4,,광양초 후문,30.0,,064-728-2101,33.502986,126.529556,2021-01-06
117,제주특별자치도,제주특별자치도 제주시 신산로4길 35,제주특별자치도 제주시 일도이동 1050-1,생활방범,4,,일도초 부근,30.0,,064-728-2101,33.509875,126.52853,2021-01-06
118,제주특별자치도,제주특별자치도 제주시 한림읍 문교길 50,제주특별자치도 제주시 한림읍 한림리 1494-5,생활방범,4,,한림여중 후문부근,30.0,,064-728-2101,33.409782,126.26057,2021-01-06
119,제주특별자치도,제주특별자치도 제주시 문화마을길 5-5,제주특별자치도 제주시 화북이동 4942-8,생활방범,4,,제주교대 맞은편,30.0,,064-728-2101,33.513309,126.553507,2021-01-06
120,제주특별자치도,제주특별자치도 제주시 동광로1길 6,제주특별자치도 제주시 이도일동 1294,생활방범,4,,광양초 정문,30.0,,064-728-2101,33.501624,126.529324,2021-01-06
121,제주특별자치도,제주특별자치도 제주시 도남로12길 12,제주특별자치도 제주시 도남동 91-1,생활방범,5,,도남청소년문화의집,30.0,,064-728-2101,33.492868,126.527305,2021-01-06
122,제주특별자치도,제주특별자치도 제주시 신산로15길 21,제주특별자치도 제주시 일도이동 341-4,생활방범,5,,현대모비스 부품점,30.0,,064-728-2101,33.506127,126.537518,2021-01-06
123,제주특별자치도,제주특별자치도 제주시 흥운길 28,제주특별자치도 제주시 용담이동 358-33,생활방범,5,,용담2동 주민센터 앞,30.0,,064-728-2101,33.511232,126.51186,2021-01-06
124,제주특별자치도,제주특별자치도 제주시 도리중길 7,제주특별자치도 제주시 도두일동 2439-1,생활방범,4,,도리초 후문,30.0,,064-728-2101,33.502395,126.465551,2021-01-06
125,제주특별자치도,제주특별자치도 제주시 무근성7길 28,제주특별자치도 제주시 삼도이동 1053-10,생활방범,5,,대림바이크 앞,30.0,,064-728-2101,33.514763,126.521015,2021-01-06
126,제주특별자치도,제주특별자치도 제주시 관덕로3길 17,제주특별자치도 제주시 삼도이동 1053-4,생활방범,4,,제주북초정문 서측,30.0,,064-728-2101,33.514712,126.521626,2021-01-06
127,제주특별자치도,제주특별자치도 제주시 북성로 31,제주특별자치도 제주시 삼도이동 1222-2,생활방범,5,,우진빌라 앞,30.0,,064-728-2101,33.515738,126.521609,2021-01-06
128,제주특별자치도,제주특별자치도 제주시 아봉로 240,제주특별자치도 제주시 영평동 1873-3,생활방범,4,,영평상동복지회관 입구,30.0,,064-728-2101,33.476859,126.567756,2021-01-06
129,제주특별자치도,제주특별자치도 제주시 남광로4길 29,제주특별자치도 제주시 이도이동 2062,생활방범,4,,중앙여고 서측 후문,30.0,,064-728-2101,33.491056,126.540264,2021-01-06
130,제주특별자치도,제주특별자치도 제주시 연화로 45,제주특별자치도 제주시 연동 1546,생활방범,4,,리츠칼투어 앞,30.0,,064-728-2101,33.477809,126.487497,2021-01-06
131,제주특별자치도,제주특별자치도 제주시 구좌읍 한동북3길 13,제주특별자치도 제주시 구좌읍 한동리 4848,생활방범,3,,한동초교 뒤,30.0,,064-728-2101,33.538564,126.830156,2021-01-06
132,제주특별자치도,제주특별자치도 제주시 한림읍 문교길 15,제주특별자치도 제주시 한림읍 한림리 1582,생활방범,5,,영신아파트사거리,30.0,,064-728-2101,33.410889,126.263741,2021-01-06
133,제주특별자치도,제주특별자치도 제주시 중앙로14길 21,제주특별자치도 제주시 삼도이동 1222-28,생활방범,4,,제주대학교 창업보육센터 후문,30.0,,064-728-2101,33.510397,126.522004,2021-01-06
134,제주특별자치도,제주특별자치도 제주시 용남2길 19,제주특별자치도 제주시 용담일동 2583,생활방범,5,,한밭빌라 사거리,30.0,,064-728-2101,33.508096,126.513123,2021-01-06
135,제주특별자치도,제주특별자치도 제주시 연무정동2길 8,제주특별자치도 제주시 건입동 1077-25,생활방범,4,,한미기획 인쇄사 삼거리,30.0,,064-728-2101,33.514811,126.534356,2021-01-06
136,제주특별자치도,제주특별자치도 제주시 조천읍 선흘동1길 39,제주특별자치도 제주시 조천읍 선흘리 4199,생활방범,4,,선흘분교정문삼거리,30.0,,064-728-2101,33.51424,126.704737,2021-01-06
137,제주특별자치도,제주특별자치도 제주시 남광로 28,제주특별자치도 제주시 이도이동 1972-7,생활방범,5,,남광초 남측 산지6교 옆,30.0,,064-728-2101,33.492915,126.540603,2021-01-06
138,제주특별자치도,제주특별자치도 제주시 구좌읍 김녕로 125,제주특별자치도 제주시 구좌읍 김녕리 2121,생활방범,5,,동부보건소 입구사거리,30.0,,064-728-2101,33.554938,126.751386,2021-01-06
139,제주특별자치도,제주특별자치도 제주시 연무정길 60,제주특별자치도 제주시 건입동 1105-38,어린이보호,4,,제주동초 후문,30.0,,064-728-2101,33.514637,126.533272,2021-01-06
140,제주특별자치도,제주특별자치도 제주시 노형로 379,제주특별자치도 제주시 노형동 2617-3,어린이보호,3,,노형초 정문,30.0,,064-728-2101,33.484062,126.476177,2021-01-06
141,제주특별자치도,제주특별자치도 제주시 수덕3길 32,제주특별자치도 제주시 노형동 2617-3,어린이보호,4,,노형초 후문,30.0,,064-728-2101,33.484736,126.475372,2021-01-06
142,제주특별자치도,제주특별자치도 제주시 관덕로7길 13,제주특별자치도 제주시 삼도이동 17-3,어린이보호,4,,제주북초 정문,30.0,,064-728-2101,33.514677,126.523004,2021-01-06
143,제주특별자치도,제주특별자치도 제주시 무근성7길 39,제주특별자치도 제주시 삼도이동 1222-2,어린이보호,3,,제주북초 후문,30.0,,064-728-2101,33.515349,126.521742,2021-01-06
144,제주특별자치도,제주특별자치도 제주시 월대2길 8,제주특별자치도 제주시 외도이동 251-1,어린이보호,3,,외도초 정문,30.0,,064-728-2101,33.493046,126.433761,2021-01-06
145,제주특별자치도,제주특별자치도 제주시 월대4길 11,제주특별자치도 제주시 외도이동 235-1,어린이보호,4,,외도초 후문,30.0,,064-728-2101,33.492987,126.434943,2021-01-06
146,제주특별자치도,제주특별자치도 제주시 태성로2길 27,제주특별자치도 제주시 일도이동 115-7,어린이보호,5,,동광초 서측,30.0,,064-728-2101,33.50077,126.547252,2021-01-06
147,제주특별자치도,제주특별자치도 제주시 도남로8길 21,제주특별자치도 제주시 도남동 845-1,어린이보호,4,,도남초 정문,30.0,,064-728-2101,33.493549,126.526385,2021-01-06
148,제주특별자치도,제주특별자치도 제주시 도남로10길 24,제주특별자치도 제주시 도남동 848-23,어린이보호,5,,도남초 후문,30.0,,064-728-2101,33.494365,126.525499,2021-01-06
149,제주특별자치도,제주특별자치도 제주시 서광로11길 21,제주특별자치도 제주시 삼도일동 585-1,어린이보호,5,,제주중앙초 정문,30.0,,064-728-2101,33.502081,126.516457,2021-01-06
150,제주특별자치도,제주특별자치도 제주시 서광로9길 40-1,제주특별자치도 제주시 삼도일동 585,어린이보호,4,,제주중앙초 후문,30.0,,064-728-2101,33.503171,126.514844,2021-01-06
151,제주특별자치도,제주특별자치도 제주시 지석14길 13,제주특별자치도 제주시 삼양이동 2196-1,어린이보호,4,,삼양초 정문,30.0,,064-728-2101,33.520005,126.585431,2021-01-06
152,제주특별자치도,제주특별자치도 제주시 성신로 36,제주특별자치도 제주시 연동 2335-2,어린이보호,4,,신광초 정문,30.0,,064-728-2101,33.492611,126.484531,2021-01-06
153,제주특별자치도,제주특별자치도 제주시 도령로7길 20,제주특별자치도 제주시 연동 2335-2,어린이보호,5,,신광초 후문,30.0,,064-728-2101,33.490896,126.484141,2021-01-06
154,제주특별자치도,제주특별자치도 제주시 선덕로4길 35,제주특별자치도 제주시 연동 336,어린이보호,4,,신제주초 운동장 동측,30.0,,064-728-2101,33.482245,126.498391,2021-01-06
155,제주특별자치도,제주특별자치도 제주시 신대로21길 8,제주특별자치도 제주시 연동 336,어린이보호,4,,신제주초 운동장 서측,30.0,,064-728-2101,33.482307,126.4971,2021-01-06
156,제주특별자치도,제주특별자치도 제주시 용담로 70,제주특별자치도 제주시 용담이동 603-102,어린이보호,4,,제주서초 정문,30.0,,064-728-2101,33.512525,126.510444,2021-01-06
157,제주특별자치도,제주특별자치도 제주시 용담로 84-12,제주특별자치도 제주시 용담이동 603-3,어린이보호,4,,제주서초 후문,30.0,,064-728-2101,33.51148,126.51124,2021-01-06
158,제주특별자치도,제주특별자치도 제주시 한경면 두신로 80,제주특별자치도 제주시 한경면 신창리 1481,어린이보호,4,,한경면사무소 남측,30.0,,064-728-2101,33.350011,126.183115,2021-01-06
159,제주특별자치도,제주특별자치도 제주시 한림읍 한림로 615,제주특별자치도 제주시 한림읍 한림리 1379-11,어린이보호,3,,한림초 정문,30.0,,064-728-2101,33.41173,126.260203,2021-01-06
160,제주특별자치도,제주특별자치도 제주시 한림읍 한림로4길 15,제주특별자치도 제주시 한림읍 한림리 1383,어린이보호,4,,한림초 후문,30.0,,064-728-2101,33.411338,126.261879,2021-01-06
161,제주특별자치도,제주특별자치도 제주시 도리로 131,제주특별자치도 제주시 도두일동 2428-1,어린이보호,4,,도리초 정문 동측 사거리1,30.0,,064-728-2101,33.501585,126.466243,2021-01-06
162,제주특별자치도,제주특별자치도 제주시 도공로 53,제주특별자치도 제주시 도두일동 2612-43,어린이보호,4,,도리초 정문 동측 사거리2,30.0,,064-728-2101,33.501492,126.466451,2021-01-06
163,제주특별자치도,제주특별자치도 제주시 애월읍 광성로 284,제주특별자치도 제주시 애월읍 광령리 4227,어린이보호,3,,광령초 코리아태권도 맞은편,30.0,,064-728-2101,33.460791,126.437433,2021-01-06
164,제주특별자치도,제주특별자치도 제주시 애월읍 애월로 151,제주특별자치도 제주시 애월읍 애월리 549-2,어린이보호,4,,애월초 KT 분기국사,30.0,,064-728-2101,33.463651,126.323483,2021-01-06
165,제주특별자치도,제주특별자치도 제주시 애월읍 애월로 120,제주특별자치도 제주시 애월읍 애월리 1584-5,어린이보호,5,,애월초 아라약국,30.0,,064-728-2101,33.464364,126.320249,2021-01-06
166,제주특별자치도,제주특별자치도 제주시 애월읍 봉성로 72,제주특별자치도 제주시 애월읍 봉성리 3821-3,어린이보호,4,,어도초 농협 맞은편,30.0,,064-728-2101,33.419066,126.312552,2021-01-06
167,제주특별자치도,제주특별자치도 제주시 애월읍 하귀로 45,제주특별자치도 제주시 애월읍 하귀2리 1909-12,어린이보호,4,,하귀초 정문,30.0,,064-728-2101,33.480201,126.402021,2021-01-06
168,제주특별자치도,제주특별자치도 제주시 한림읍 한림로 819,제주특별자치도 제주시 한림읍 대림리 1147-2,어린이보호,3,,수원초 정문,30.0,,064-728-2101,33.425923,126.26962,2021-01-06
169,제주특별자치도,제주특별자치도 제주시 남녕로 55,제주특별자치도 제주시 노형동 1072-1,어린이보호,4,,월랑초 정문 남측 삼거리,30.0,,064-728-2101,33.492202,126.479092,2021-01-06
170,제주특별자치도,제주특별자치도 제주시 월랑북길 37,제주특별자치도 제주시 노형동 1297-1,어린이보호,5,,월랑초 후문 북측 사거리,30.0,,064-728-2101,33.492529,126.477223,2021-01-06
171,제주특별자치도,제주특별자치도 제주시 연화로 49,제주특별자치도 제주시 노형동 754-3,어린이보호,4,,한라초 정문 남측 삼거리,30.0,,064-728-2101,33.47742,126.487142,2021-01-06
172,제주특별자치도,제주특별자치도 제주시 연화로 33,제주특별자치도 제주시 노형동 754-2,어린이보호,5,,한라초 정문 북측 사거리,30.0,,064-728-2101,33.478781,126.487097,2021-01-06
173,제주특별자치도,제주특별자치도 제주시 연화로 39,제주특별자치도 제주시 노형동 754-2,어린이보호,5,,한라초 정문 앞,30.0,,064-728-2101,33.478221,126.487158,2021-01-06
174,제주특별자치도,제주특별자치도 제주시 연사길 43,제주특별자치도 제주시 오라이동 1384-1,어린이보호,4,,오라초 정문 동측 삼거리,30.0,,064-728-2101,33.489028,126.514108,2021-01-06
175,제주특별자치도,제주특별자치도 제주시 연사길 61,제주특별자치도 제주시 오라이동 1373-3,어린이보호,4,,오라초 정문 서측 사거리,30.0,,064-728-2101,33.489186,126.512328,2021-01-06
176,제주특별자치도,제주특별자치도 제주시 남광로 24,제주특별자치도 제주시 이도이동 538-18,어린이보호,4,,남광초 후문 사거리,30.0,,064-728-2101,33.493285,126.53859,2021-01-06
177,제주특별자치도,제주특별자치도 제주시 남성로 153,제주특별자치도 제주시 삼도이동 811-21,어린이보호,5,,제주남초 정문 동측,30.0,,064-728-2101,33.509297,126.521634,2021-01-06
178,제주특별자치도,제주특별자치도 제주시 남성로11길 16-6,제주특별자치도 제주시 용담일동 254-1,어린이보호,4,,한천초 운동장 남측 삼거리,30.0,,064-728-2101,33.506698,126.513199,2021-01-06
179,제주특별자치도,제주특별자치도 제주시 용담로20길 38,제주특별자치도 제주시 용담일동 2583,어린이보호,5,,한천초 정문 북측 사거리,30.0,,064-728-2101,33.507221,126.512199,2021-01-06
180,제주특별자치도,제주특별자치도 제주시 동광로3길 8,제주특별자치도 제주시 이도일동 1294,어린이보호,5,,광양초 정문 동측 사거리,30.0,,064-728-2101,33.50212,126.530565,2021-01-06
181,제주시 교통행정과,,제주특별자치도 제주시 이도이동 1179-24,교통단속,5,0.0,,0.0,,064-728-7352,33.498767,126.530539,2022-09-29
182,제주시 교통행정과,,제주특별자치도 제주시 이도이동 1768-27,교통단속,5,0.0,,0.0,,064-728-7352,33.499138,126.530007,2022-09-29
183,제주시 교통행정과,,제주특별자치도 제주시 노형동 3784-1,교통단속,5,0.0,,0.0,,064-728-7352,33.483785,126.480497,2022-09-29
184,제주시 교통행정과,,제주특별자치도 제주시 오라일동 2441-1,교통단속,5,0.0,,0.0,,064-728-7352,33.499956,126.515138,2022-09-29
185,제주시 교통행정과,,제주특별자치도 제주시 일도이동 457,교통단속,3,0.0,,0.0,,064-728-7352,33.50479,126.542357,2022-09-29
186,제주시 교통행정과,,제주특별자치도 제주시 연동 273-1,교통단속,5,0.0,,0.0,,064-728-7352,33.487862,126.490102,2022-09-29
187,제주시 교통행정과,,제주특별자치도 제주시 용담2동 2002,교통단속,3,0.0,,0.0,,064-728-7352,33.506591,126.494403,2022-09-29
188,제주시 교통행정과,,제주특별자치도 제주시 용담2동 2002,교통단속,3,0.0,,0.0,,064-728-7352,33.506269,126.493091,2022-09-29
189,제주시 교통행정과,,제주특별자치도 제주시 용담2동 2002,교통단속,3,0.0,,0.0,,064-728-7352,33.506692,126.494224,2022-09-29
190,제주시 교통행정과,,제주특별자치도 제주시 용담2동 2002,교통단속,3,0.0,,0.0,,064-728-7352,33.506367,126.492973,2022-09-29
191,제주시 교통행정과,,제주특별자치도 제주시 용담2동 2002,교통단속,4,0.0,,0.0,,064-728-7352,33.506386,126.49401,2022-09-29
192,제주시 교통행정과,,제주특별자치도 제주시 용담2동 2002,교통단속,3,0.0,,0.0,,064-728-7352,33.506031,126.496163,2022-09-29
193,제주시 교통행정과,,제주특별자치도 제주시 용담2동 2002,교통단속,3,0.0,,0.0,,064-728-7352,33.504709,126.491711,2022-09-29
194,제주시 교통행정과,,제주특별자치도 제주시 용담2동 2002,교통단속,3,0.0,,0.0,,064-728-7352,33.50395,126.493546,2022-09-29
195,제주시 교통행정과,,제주특별자치도 제주시 용담이동 1462-2,교통단속,6,0.0,,0.0,,064-728-7352,33.50455,126.494717,2022-09-29
196,제주시 교통행정과,,제주특별자치도 제주시 노형동 1294-1,교통단속,6,0.0,,0.0,,064-728-7352,33.488368,126.483449,2022-09-29
197,제주시 교통행정과,,제주특별자치도 제주시 노형동 725-4,교통단속,5,0.0,,0.0,,064-728-7352,33.481918,126.485699,2022-09-29
198,제주시 교통행정과,,제주특별자치도 제주시 노형동 710-1,교통단속,5,0.0,,0.0,,064-728-7352,33.482068,126.483324,2022-09-29
199,제주시 교통행정과,,제주특별자치도 제주시 노형동 2529-3,교통단속,3,0.0,,0.0,,064-728-7352,33.48607,126.47239,2022-09-29
200,제주시 교통행정과,,제주특별자치도 제주시 노형동 2511-4,교통단속,3,0.0,,0.0,,064-728-7352,33.484302,126.470155,2022-09-29
201,제주시 교통행정과,,제주특별자치도 제주시 노형동 1043-5,교통단속,5,0.0,,0.0,,064-728-7352,33.488887,126.476064,2022-09-29
202,제주시 교통행정과,,제주특별자치도 제주시 이도일동 1736-16,교통단속,5,0.0,,0.0,,064-728-7352,33.500775,126.529131,2022-09-29
203,제주시 교통행정과,,제주특별자치도 제주시 이도이동 1776-15,교통단속,5,0.0,,0.0,,064-728-7352,33.50023,126.526848,2022-09-29
204,제주시 교통행정과,,제주특별자치도 제주시 이도이동 1080-8,교통단속,5,0.0,,0.0,,064-728-7352,33.491942,126.536435,2022-09-29
205,제주시 교통행정과,,제주특별자치도 제주시 이도이동 1941-6,교통단속,3,0.0,,0.0,,064-728-7352,33.495997,126.547288,2022-09-29
206,제주시 교통행정과,,제주특별자치도 제주시 이도이동 75-2,교통단속,4,0.0,,0.0,,064-728-7352,33.49444,126.54853,2022-09-29
207,제주시 교통행정과,,제주특별자치도 제주시 일도이동 49-5,교통단속,4,0.0,,0.0,,064-728-7352,33.502133,126.542938,2022-09-29
208,제주시 교통행정과,,제주특별자치도 제주시 이도이동 417-3,교통단속,3,0.0,,0.0,,064-728-7352,33.499374,126.544805,2022-09-29
209,제주시 교통행정과,,제주특별자치도 제주시 연동 272-31,교통단속,5,0.0,,0.0,,064-728-7352,33.488785,126.490851,2022-09-29
210,제주시 교통행정과,,제주특별자치도 제주시 노형동 1065-3,교통단속,3,0.0,,0.0,,064-728-7352,33.487453,126.477788,2022-09-29
211,제주시 교통행정과,,제주특별자치도 제주시 연동 309,교통단속,6,0.0,,0.0,,064-728-7352,33.483605,126.496412,2022-09-29
212,제주시 교통행정과,,제주특별자치도 제주시 아라이동 3003-9,교통단속,5,0.0,,0.0,,064-728-7352,33.492006,126.543193,2022-09-29
213,제주시 교통행정과,,제주특별자치도 제주시 노형동 2733-3,교통단속,4,0.0,,0.0,,064-728-7352,33.491521,126.473212,2022-09-29
214,제주시 교통행정과,,제주특별자치도 제주시 노형동 2736,교통단속,4,0.0,,0.0,,064-728-7352,33.492434,126.472268,2022-09-29
215,제주시 교통행정과,,제주특별자치도 제주시 노형동 2577-4,교통단속,5,0.0,,0.0,,064-728-7352,33.490217,126.474568,2022-09-29
216,제주시 교통행정과,,제주특별자치도 제주시 화북일동 1154-17,교통단속,4,0.0,,0.0,,064-728-7352,33.519165,126.572931,2022-09-29
217,제주시 교통행정과,,제주특별자치도 제주시 삼도일동 568-1,교통단속,3,0.0,,0.0,,064-728-7352,33.498344,126.519814,2022-09-29
218,제주시 교통행정과,,제주특별자치도 제주시 오라일동 2452-6,교통단속,3,0.0,,0.0,,064-728-7352,33.496827,126.519831,2022-09-29
219,제주시 교통행정과,,제주특별자치도 제주시 연동 273-35,교통단속,5,0.0,,0.0,,064-728-7352,33.48685,126.490668,2022-09-29
220,제주시 교통행정과,,제주특별자치도 제주시 한림읍 한림리 1314-11,교통단속,3,0.0,,0.0,,064-728-7352,33.416352,126.265029,2022-09-29
221,제주시 교통행정과,,제주특별자치도 제주시 한림읍 한림리 1073,교통단속,5,0.0,,0.0,,064-728-7352,33.414729,126.264864,2022-09-29
222,제주시 교통행정과,,제주특별자치도 제주시 한림읍 한림리 1365-1,교통단속,3,0.0,,0.0,,064-728-7352,33.414104,126.262978,2022-09-29
223,제주시 교통행정과,,제주특별자치도 제주시 애월읍 애월리 2470-10,교통단속,3,0.0,,0.0,,064-728-7352,33.461161,126.311908,2022-09-29
224,제주시 교통행정과,,제주특별자치도 제주시 애월읍 애월리 2008-4,교통단속,3,0.0,,0.0,,064-728-7352,33.463393,126.313662,2022-09-29
225,제주시 교통행정과,,제주특별자치도 제주시 봉개동 1890-1,교통단속,3,0.0,,0.0,,064-728-7352,33.48911,126.594336,2022-09-29
226,제주시 교통행정과,,제주특별자치도 제주시 노형동 945,교통단속,5,0.0,,0.0,,064-728-7352,33.483883,126.486349,2022-09-29
227,제주시 교통행정과,,제주특별자치도 제주시 한림읍 한림로 617,교통단속,3,0.0,,0.0,,064-728-7352,33.41152,126.260193,2022-09-29
228,제주시 교통행정과,,제주특별자치도 제주시 노형동 1085,교통단속,3,0.0,,0.0,,064-728-7352,33.491954,126.477776,2022-09-29
229,제주시 교통행정과,,제주특별자치도 제주시 신대로 19길,교통단속,5,0.0,,0.0,,064-728-7352,33.483526,126.498503,2022-09-29
230,제주시 교통행정과,,제주특별자치도 제주시 과원북2길 24,교통단속,5,0.0,,0.0,,064-728-7352,33.478895,126.484734,2022-09-29
231,제주시 교통행정과,,제주특별자치도 제주시 삼봉로2길,교통단속,5,0.0,,0.0,,064-728-7352,33.519579,126.585475,2022-09-29
232,제주시 교통행정과,,제주특별자치도 제주시 화북일동 29-6,교통단속,5,0.0,,0.0,,064-728-7352,33.517294,126.576514,2022-09-29
233,제주시 교통행정과,,제주특별자치도 제주시 남성로 11길,교통단속,5,0.0,,0.0,,064-728-7352,33.506468,126.512766,2022-09-29
234,제주시 교통행정과,,제주특별자치도 제주시 삼성로 9길,교통단속,3,0.0,,0.0,,064-728-7352,33.509783,126.529906,2022-09-29
235,제주시 교통행정과,,제주특별자치도 제주시 구좌로 65,교통단속,4,0.0,,0.0,,064-728-7352,33.522142,126.858122,2022-09-29
236,제주시 교통행정과,,제주특별자치도 제주시 김녕로 117,교통단속,3,0.0,,0.0,,064-728-7352,33.554734,126.750524,2022-09-29
237,제주시 교통행정과,,제주특별자치도 제주시 구남로2길 17,교통단속,5,0.0,,0.0,,064-728-7352,33.488077,126.533195,2022-09-29
238,제주시 교통행정과,,제주특별자치도 제주시 외도일동 559-1,교통단속,5,0.0,,0.0,,064-728-7352,33.486979,126.431543,2022-09-29
239,제주시 교통행정과,,제주특별자치도 제주시 우정로 15길 5,교통단속,4,0.0,,0.0,,064-728-7352,33.485968,126.431533,2022-09-29
240,제주시 교통행정과,,제주특별자치도 제주시 일도이동 115-9,교통단속,3,0.0,,0.0,,064-728-7352,33.500715,126.547232,2022-09-29
241,제주시 교통행정과,,제주특별자치도 이도일동 1294,교통단속,4,0.0,,0.0,,064-728-7352,33.50213,126.52892,2022-09-29
242,제주시 교통행정과,,제주특별자치도 노형동 1297-2,교통단속,4,0.0,,0.0,,064-728-7352,33.492435,126.477163,2022-09-29
243,제주시 교통행정과,,제주특별자치도 도평동 872-2,교통단속,3,0.0,,0.0,,064-728-7352,33.480081,126.447103,2022-09-29
244,제주시 교통행정과,,제주특별자치도 애월리 549-2,교통단속,4,0.0,,0.0,,064-728-7352,33.463712,126.323466,2022-09-29
245,제주시 교통행정과,,제주특별자치도 도남동 1049,교통단속,4,0.0,,0.0,,064-728-7352,33.490956,126.51971,2022-09-29
246,제주시 교통행정과,,제주특별자치도 도남동 1049,교통단속,4,0.0,,0.0,,064-728-7352,33.490623,126.520494,2022-09-29
247,제주시 교통행정과,,제주특별자치도 도남동 1049,교통단속,3,0.0,,0.0,,064-728-7352,33.490283,126.519428,2022-09-29
248,제주시 교통행정과,,제주특별자치도 한림리 1115-2,교통단속,5,0.0,,0.0,,064-728-7352,33.412563,126.264936,2022-09-29
249,제주시 교통행정과,,제주특별자치도 외도일동 559-3,교통단속,4,0.0,,0.0,,064-728-7352,33.486472,126.432584,2022-09-29
250,제주시 교통행정과,,제주특별자치도 제주시 연동 262-34,교통단속,3,0.0,,0.0,,064-728-7352,33.485917,126.487966,2022-09-29
251,제주시 교통행정과,,제주특별자치도 제주시 노형동 917-3,교통단속,5,0.0,,0.0,,064-728-7352,33.486016,126.484974,2022-09-29
252,제주시 교통행정과,,제주특별자치도 제주시 아라일동 1803-8,교통단속,7,0.0,,0.0,,064-728-7352,33.469305,126.547228,2022-09-29
253,제주시 교통행정과,,제주특별자치도 제주시 아라일동 6138-3,교통단속,5,0.0,,0.0,,064-728-7352,33.471759,126.545639,2022-09-29
254,제주시 교통행정과,,제주특별자치도 제주시 아라일동 6105-22,교통단속,7,0.0,,0.0,,064-728-7352,33.474456,126.545657,2022-09-29
255,제주시 교통행정과,,제주특별자치도 제주시 이도이동 398-22,교통단속,3,0.0,,0.0,,064-728-7352,33.496231,126.539185,2022-09-29
256,제주시 교통행정과,,제주특별자치도 제주시 연동 353-1,교통단속,4,0.0,,0.0,,064-728-7352,33.485579,126.501572,2022-09-29
257,제주시 교통행정과,,제주특별자치도 제주시 연동 324-1,교통단속,3,0.0,,0.0,,064-728-7352,33.485617,126.499858,2022-09-29
258,제주시 교통행정과,,제주특별자치도 제주시 노형동 937-15,교통단속,3,0.0,,0.0,,064-728-7352,33.483553,126.484856,2022-09-29
259,제주시 교통행정과,,제주특별자치도 제주시 노형동 3810-1,교통단속,5,0.0,,0.0,,064-728-7352,33.480403,126.475499,2022-09-29
260,제주시 교통행정과,,제주특별자치도 제주시 노형동 720-4,교통단속,3,0.0,,0.0,,064-728-7352,33.481171,126.483031,2022-09-29
261,제주시 교통행정과,,제주특별자치도 제주시 노형동 724-1,교통단속,5,0.0,,0.0,,064-728-7352,33.481154,126.484828,2022-09-29
262,제주시 교통행정과,,제주특별자치도 제주시 연동 1397,교통단속,5,0.0,,0.0,,064-728-7352,33.481055,126.487333,2022-09-29
263,제주시 교통행정과,,제주특별자치도 제주시 이도이동 314-4,교통단속,3,0.0,,0.0,,064-728-7352,33.504109,126.536469,2022-09-29
264,제주시 교통행정과,,제주특별자치도 제주시 일도이동 167-8,교통단속,5,0.0,,0.0,,064-728-7352,33.508419,126.533601,2022-09-29
265,제주시 교통행정과,,제주특별자치도 제주시 일도일동 1145-4,교통단속,4,0.0,,0.0,,064-728-7352,33.513081,126.527462,2022-09-29
266,제주시 교통행정과,,제주특별자치도 제주시 일도일동 1477-7,교통단속,3,0.0,,0.0,,064-728-7352,33.513019,126.520853,2022-09-29
267,제주시 교통행정과,,제주특별자치도 제주시 연동 282-13,교통단속,4,0.0,,0.0,,064-728-7352,33.489247,126.492088,2022-09-29
268,제주시 교통행정과,,제주특별자치도 제주시 삼도일동 518-5,교통단속,5,0.0,,0.0,,064-728-7352,33.499956,126.516533,2022-09-29
269,제주시 교통행정과,,제주특별자치도 제주시 연동 260-9,교통단속,4,0.0,,0.0,,064-728-7352,33.491427,126.489051,2022-09-29
270,제주시 교통행정과,,제주특별자치도 제주시 연동 2332-6,교통단속,5,0.0,,0.0,,064-728-7352,33.492393,126.490338,2022-09-29
271,제주시 교통행정과,,제주특별자치도 제주시 연동 271-6,교통단속,5,0.0,,0.0,,064-728-7352,33.489894,126.490147,2022-09-29
272,제주시 교통행정과,,제주특별자치도 제주시 용담일동 2824-7,교통단속,5,0.0,,0.0,,064-728-7352,33.500078,126.512858,2022-09-29
273,제주시 교통행정과,,제주특별자치도 제주시 일도일동 1306-13,교통단속,5,0.0,,0.0,,064-728-7352,33.514845,126.526784,2022-09-29
274,제주시 교통행정과,,제주특별자치도 제주시 일도일동 1476-1,교통단속,3,0.0,,0.0,,064-728-7352,33.514119,126.525983,2022-09-29
275,제주시 교통행정과,,제주특별자치도 ?제주시 도남동 663-16,교통단속,4,0.0,,0.0,,064-728-7352,33.489845,126.526188,2022-09-29
276,제주시 교통행정과,,제주특별자치도 제주시 도남동 694-6,교통단속,3,0.0,,0.0,,064-728-7352,33.489804,126.522852,2022-09-29
277,제주시 교통행정과,,제주특별자치도 제주시 오라일동 2444-10,교통단속,4,0.0,,0.0,,064-728-7352,33.498268,126.51419,2022-09-29
278,제주시 교통행정과,,제주특별자치도 제주시 일도이동 1046-11,교통단속,3,0.0,,0.0,,064-728-7352,33.506441,126.529928,2022-09-29
279,제주시 교통행정과,,제주특별자치도 제주시 일도일동 1276-5,교통단속,5,0.0,,0.0,,064-728-7352,33.515435,126.526851,2022-09-29
280,제주시 교통행정과,,제주특별자치도 제주시 삼도이동 142-3,교통단속,3,0.0,,0.0,,064-728-7352,33.511364,126.522597,2022-09-29
281,제주시 교통행정과,,제주특별자치도 제주시 아라일동 6118-5,교통단속,4,0.0,,0.0,,064-728-7352,33.47626,126.54997,2022-09-29
282,제주시 교통행정과,,제주특별자치도 제주시 아라일동 6122,교통단속,5,0.0,,0.0,,064-728-7352,33.47442,126.549986,2022-09-29
283,제주시 교통행정과,,제주특별자치도 제주시 아라일동 6097-27,교통단속,5,0.0,,0.0,,064-728-7352,33.474403,126.541745,2022-09-29
284,제주시 교통행정과,,제주특별자치도 제주시 애월읍 하귀1리 165-1,교통단속,5,0.0,,0.0,,064-728-7352,33.481593,126.415029,2022-09-29
285,제주시 교통행정과,,제주특별자치도 제주시 조천읍 함덕리 1016-3,교통단속,3,0.0,,0.0,,064-728-7352,33.543258,126.661806,2022-09-29
286,제주시 교통행정과,,제주특별자치도 제주시 조천읍 함덕리 1252-4,교통단속,5,0.0,,0.0,,064-728-7352,33.541958,126.665147,2022-09-29
287,제주시 교통행정과,,제주특별자치도 제주시 조천읍 함덕리 1047,교통단속,4,0.0,,0.0,,064-728-7352,33.543235,126.661833,2022-09-29
288,제주시 교통행정과,,제주특별자치도 제주시 일도일동 1277-14,교통단속,5,0.0,,0.0,,064-728-7352,33.515499,126.524794,2022-09-29
289,제주시 교통행정과,,제주특별자치도 일도일동 1298-14,교통단속,4,0.0,,0.0,,064-728-7352,33.514897,126.524714,2022-09-29
290,제주시 교통행정과,,제주특별자치도 제주시 중앙로 13,교통단속,4,0.0,,0.0,,064-728-7352,33.516814,126.524872,2022-09-29
291,제주시 교통행정과,,제주특별자치도 제주시 일도일동 1189,교통단속,4,0.0,,0.0,,064-728-7352,33.514537,126.528896,2022-09-29
292,제주시 교통행정과,,제주특별자치도 제주시 건입동 1164,교통단속,3,0.0,,0.0,,064-728-7352,33.516054,126.530331,2022-09-29
293,제주시 교통행정과,,제주특별자치도 제주시 중앙로13길 27,교통단속,4,0.0,,0.0,,064-728-7352,33.511472,126.527309,2022-09-29
294,제주시 교통행정과,,제주특별자치도 제주시 일도일동 1104,교통단속,3,0.0,,0.0,,064-728-7352,33.511956,126.528845,2022-09-29
295,제주시 교통행정과,,제주특별자치도 제주시 연동 321-12,교통단속,3,0.0,,0.0,,064-728-7352,33.491684,126.501781,2022-09-29
296,제주시 교통행정과,,제주특별자치도 제주시 오라삼동 2912-5,교통단속,3,0.0,,0.0,,064-728-7352,33.489551,126.501722,2022-09-29
297,제주시 교통행정과,,제주특별자치도 제주시 연동 322-16,교통단속,4,0.0,,0.0,,064-728-7352,33.487542,126.501633,2022-09-29
298,제주시 교통행정과,,제주특별자치도 제주시 연동 353-1,교통단속,3,0.0,,0.0,,064-728-7352,33.485538,126.501579,2022-09-29
299,제주시 교통행정과,,제주특별자치도 ?제주시 연동 324-22,교통단속,3,0.0,,0.0,,064-728-7352,33.484213,126.50152,2022-09-29
300,제주시 교통행정과,,제주특별자치도 제주시 일도이동 358-7,교통단속,5,0.0,,0.0,,064-728-7352,33.507337,126.540435,2022-09-29
301,제주시 교통행정과,,제주특별자치도 제주시 일도이동 356-16,교통단속,3,0.0,,0.0,,064-728-7352,33.508897,126.542262,2022-09-29
302,제주시 교통행정과,,제주특별자치도 제주시 일도이동 365-13,교통단속,3,0.0,,0.0,,064-728-7352,33.505548,126.538299,2022-09-29
303,제주시 교통행정과,,제주특별자치도 제주시 이도이동 1931-1,교통단속,5,0.0,,0.0,,064-728-7352,33.504119,126.536448,2022-09-29
304,제주시 교통행정과,,제주특별자치도 제주시 이도일동 1244-7,교통단속,3,0.0,,0.0,,064-728-7352,33.502774,126.533688,2022-09-29
305,제주시 교통행정과,,제주특별자치도 제주시 이도이동 1174-2,교통단속,5,0.0,,0.0,,064-728-7352,33.50179,126.53153,2022-09-29
306,제주시 교통행정과,,제주특별자치도 제주시 삼도일동 559-11,교통단속,4,0.0,,0.0,,064-728-7352,33.499984,126.524898,2022-09-29
307,제주시 교통행정과,,제주특별자치도 제주시 삼도일동 579-5,교통단속,3,0.0,,0.0,,064-728-7352,33.499745,126.522581,2022-09-29
308,제주시 교통행정과,,제주특별자치도 제주시 삼도일동 534-10,교통단속,5,0.0,,0.0,,064-728-7352,33.499847,126.51987,2022-09-29
309,제주시 교통행정과,,제주특별자치도 제주시 아라이동 3001-11,교통단속,5,0.0,,0.0,,064-728-7352,33.49195,126.543161,2022-09-29
310,제주시 교통행정과,,제주특별자치도 제주시 한림읍 동명리 1592-3,교통단속,5,0.0,,0.0,,064-728-7352,33.410225,126.265687,2022-09-29
311,제주시 교통행정과,,제주특별자치도 제주시 한림읍 한림리 1558-5,교통단속,4,0.0,,0.0,,064-728-7352,33.409229,126.263914,2022-09-29
312,제주시 교통행정과,,제주특별자치도 제주시 애월읍 애월리 1584-4,교통단속,5,0.0,,0.0,,064-728-7352,33.464389,126.32038,2022-09-29
313,제주시 교통행정과,,제주특별자치도 ?제주시 노형동 2582-2,교통단속,3,0.0,,0.0,,064-728-7352,33.488535,126.472242,2022-09-29
314,제주시 교통행정과,,제주특별자치도 제주시 노형동 1282-1,교통단속,4,0.0,,0.0,,064-728-7352,33.486154,126.47799,2022-09-29
315,제주시 교통행정과,,제주특별자치도 제주시 노형동 706,교통단속,5,0.0,,0.0,,064-728-7352,33.482137,126.478443,2022-09-29
316,제주시 교통행정과,,제주특별자치도 제주시 노형동 3797,교통단속,5,0.0,,0.0,,064-728-7352,33.482381,126.477156,2022-09-29
317,제주시 교통행정과,,제주특별자치도 제주시 노형동 3782-7,교통단속,4,0.0,,0.0,,064-728-7352,33.483809,126.47894,2022-09-29
318,제주시 교통행정과,,제주특별자치도 제주시 일도일동 1476-11,교통단속,4,0.0,,0.0,,064-728-7352,33.513337,126.526969,2022-09-29
319,제주시 교통행정과,,제주특별자치도 제주시 일도일동 1210,교통단속,3,0.0,,0.0,,064-728-7352,33.514114,126.528012,2022-09-29
320,제주시 교통행정과,,제주특별자치도 제주시 아라일동 6093-7,교통단속,3,0.0,,0.0,,064-728-7352,33.47342,126.543918,2022-09-29
321,제주시 교통행정과,,제주특별자치도 제주시 이도이동 2034-9,교통단속,5,0.0,,0.0,,064-728-7352,33.488998,126.532279,2022-09-29
322,제주시 교통행정과,,제주특별자치도 제주시 이도이동 1026-12,교통단속,5,0.0,,0.0,,064-728-7352,33.49271,126.535626,2022-09-29
323,제주시 교통행정과,,제주특별자치도 제주시 도남동 101-1,교통단속,4,0.0,,0.0,,064-728-7352,33.489459,126.529368,2022-09-29
324,제주시 교통행정과,,제주특별자치도 제주시 도남동 651,교통단속,4,0.0,,0.0,,064-728-7352,33.487648,126.526478,2022-09-29
325,제주시 교통행정과,,제주특별자치도 제주시 삼도일동 1227-33,교통단속,5,0.0,,0.0,,064-728-7352,33.509463,126.517823,2022-09-29
326,제주시 교통행정과,,제주특별자치도 제주시 삼도일동 1227-33,교통단속,5,0.0,,0.0,,064-728-7352,33.509594,126.517751,2022-09-29
327,제주시 교통행정과,,제주특별자치도 제주시 이도이동 1963-7,교통단속,4,0.0,,0.0,,064-728-7352,33.492541,126.545479,2022-09-29
328,제주시 교통행정과,,제주특별자치도 ?제주시 삼도일동 536,교통단속,5,0.0,,0.0,,064-728-7352,33.50198,126.519913,2022-09-29
329,제주시 교통행정과,,제주특별자치도 제주시 연동 292-27,교통단속,5,0.0,,0.0,,064-728-7352,33.489766,126.494652,2022-09-29
330,제주시 교통행정과,,제주특별자치도 제주시 연동 271-24,교통단속,5,0.0,,0.0,,064-728-7352,33.48983,126.492127,2022-09-29
331,제주시 교통행정과,,제주특별자치도 제주시 이도이동 1176-53,교통단속,4,0.0,,0.0,,064-728-7352,33.499992,126.530981,2022-09-29
332,제주시 교통행정과,,제주특별자치도 제주시 일도일동 1425-3,교통단속,3,0.0,,0.0,,064-728-7352,33.513151,126.524709,2022-09-29
333,제주시 교통행정과,,제주특별자치도 제주시 조천읍 함덕리 1004-27,교통단속,4,0.0,,0.0,,064-728-7352,33.542628,126.668419,2022-09-29
334,제주시 교통행정과,,제주특별자치도 제주시 조천읍 함덕리 산 14-58,교통단속,4,0.0,,0.0,,064-728-7352,33.542637,126.670415,2022-09-29
335,제주시 교통행정과,,제주특별자치도 제주시 조천읍 함덕리 1010,교통단속,4,0.0,,0.0,,064-728-7352,33.543599,126.663688,2022-09-29
336,제주시 교통행정과,,제주특별자치도 제주시 조천읍 신촌리 1792-1,교통단속,4,0.0,,0.0,,064-728-7352,33.533979,126.620731,2022-09-29
337,제주시 교통행정과,,제주특별자치도 제주시 조천읍 조천리 2345-6,교통단속,4,0.0,,0.0,,064-728-7352,33.538066,126.639572,2022-09-29
338,제주시 교통행정과,,제주특별자치도 제주시 조천읍 조천리 2366,교통단속,3,0.0,,0.0,,064-728-7352,33.536745,126.637962,2022-09-29
339,제주시 교통행정과,,제주특별자치도 제주시 조천읍 조천리 2211-4,교통단속,5,0.0,,0.0,,064-728-7352,33.535394,126.635841,2022-09-29
340,제주시 교통행정과,,제주특별자치도 제주시 노형동 737-2,교통단속,4,0.0,,0.0,,064-728-7352,33.478974,126.480971,2022-09-29
341,제주시 교통행정과,,제주특별자치도 제주시 노형동 735-8,교통단속,5,0.0,,0.0,,064-728-7352,33.478987,126.47955,2022-09-29
342,제주시 교통행정과,,제주특별자치도 제주시 노형동 918,교통단속,4,0.0,,0.0,,064-728-7352,33.485512,126.480404,2022-09-29
343,제주시 교통행정과,,제주특별자치도 제주시 삼양이동 2300-6,교통단속,5,0.0,,0.0,,064-728-7352,33.517324,126.580651,2022-09-29
344,제주시 교통행정과,,제주특별자치도 제주시 도련일동 1938-5,교통단속,5,0.0,,0.0,,064-728-7352,33.514271,126.580656,2022-09-29
345,제주시 교통행정과,,제주특별자치도 제주시 도련일동 1976-1,교통단속,5,0.0,,0.0,,064-728-7352,33.515921,126.580764,2022-09-29
346,제주시 교통행정과,,제주특별자치도 제주시 도련일동 1938-5,교통단속,5,0.0,,0.0,,064-728-7352,33.515904,126.580581,2022-09-29
347,제주시 교통행정과,,제주특별자치도 제주시 노형동 917-10,교통단속,3,0.0,,0.0,,064-728-7352,33.485934,126.486312,2022-09-29
348,제주시 교통행정과,,제주특별자치도 제주시 연동 263-1,교통단속,5,0.0,,0.0,,064-728-7352,33.48584,126.489993,2022-09-29
349,제주시 교통행정과,,제주특별자치도 제주시 연동 274-46,교통단속,5,0.0,,0.0,,064-728-7352,33.485775,126.491968,2022-09-29
350,제주시 교통행정과,,제주특별자치도 제주시 연동 293-36,교통단속,5,0.0,,0.0,,064-728-7352,33.485722,126.494473,2022-09-29
351,제주시 교통행정과,,제주특별자치도 제주시 연동 303-15,교통단속,5,0.0,,0.0,,064-728-7352,33.485704,126.496501,2022-09-29
352,제주시 교통행정과,,제주특별자치도 제주시 애월읍 하귀1리 138-1,교통단속,4,0.0,,0.0,,064-728-7352,33.485969,126.415235,2022-09-29
353,제주시 교통행정과,,제주특별자치도 제주시 애월읍 하귀1리 214-1,교통단속,4,0.0,,0.0,,064-728-7352,33.48313,126.412539,2022-09-29
354,제주시 교통행정과,,제주특별자치도 제주시 애월읍 하귀1리 189-10,교통단속,3,0.0,,0.0,,064-728-7352,33.485183,126.413309,2022-09-29
355,제주시 교통행정과,,제주특별자치도 제주시 일도이동 409-11,교통단속,5,0.0,,0.0,,064-728-7352,33.504775,126.542379,2022-09-29
356,제주시 교통행정과,,제주특별자치도 제주시 도남동 669-2,교통단속,4,0.0,,0.0,,064-728-7352,33.487395,126.520313,2022-09-29
357,제주시 교통행정과,,제주특별자치도 제주시 도남동 573-1,교통단속,4,0.0,,0.0,,064-728-7352,33.489787,126.520273,2022-09-29
358,제주시 교통행정과,,제주특별자치도 제주시 이도이동 1052-2,교통단속,5,0.0,,0.0,,064-728-7352,33.496705,126.535365,2022-09-29
359,제주시 교통행정과,,제주특별자치도 제주시 도련이동 551,교통단속,5,0.0,,0.0,,064-728-7352,33.514932,126.588883,2022-09-29
360,제주시 교통행정과,,제주특별자치도 제주시 아라일동 6078-6,교통단속,3,0.0,,0.0,,064-728-7352,33.468767,126.545779,2022-09-29
361,제주시 교통행정과,,제주특별자치도 제주시 오라이동 1354-9,교통단속,4,0.0,,0.0,,064-728-7352,33.488949,126.511155,2022-09-29
362,제주시 교통행정과,,제주특별자치도 제주시 오라이동 1837,교통단속,3,0.0,,0.0,,064-728-7352,33.487829,126.509999,2022-09-29
363,제주시 교통행정과,,제주특별자치도 제주시 오라이동 3030-1,교통단속,3,0.0,,0.0,,064-728-7352,33.48648,126.505759,2022-09-29
364,제주시 교통행정과,,제주특별자치도 제주시 오라이동 1920-1,교통단속,3,0.0,,0.0,,064-728-7352,33.486594,126.506957,2022-09-29
365,제주시 교통행정과,,제주특별자치도 제주시 삼양이동 2181-45,교통단속,4,0.0,,0.0,,064-728-7352,33.519834,126.588035,2022-09-29
366,제주시 교통행정과,,제주특별자치도 제주시 오라삼동 2241-4,교통단속,3,0.0,,0.0,,064-728-7352,33.498105,126.50739,2022-09-29
367,제주시 교통행정과,,제주특별자치도 제주시 오라이동 2216-1,교통단속,4,0.0,,0.0,,064-728-7352,33.496166,126.509117,2022-09-29
368,제주시 교통행정과,,제주특별자치도 제주시 연동 1457-1,교통단속,4,0.0,,0.0,,064-728-7352,33.48099,126.489887,2022-09-29
369,제주시 교통행정과,,제주특별자치도 제주시 연동 1498,교통단속,4,0.0,,0.0,,064-728-7352,33.478909,126.489828,2022-09-29
370,제주시 교통행정과,,제주특별자치도 제주시 연동 275,교통단속,5,0.0,,0.0,,064-728-7352,33.483779,126.489928,2022-09-29
371,제주시 교통행정과,,제주특별자치도 제주시 용담이동 592-7,교통단속,3,0.0,,0.0,,064-728-7352,33.513019,126.506878,2022-09-29
372,제주시 교통행정과,,제주특별자치도 ?제주시 용담이동 595-2,교통단속,3,0.0,,0.0,,064-728-7352,33.512807,126.508605,2022-09-29
373,제주시 교통행정과,,제주특별자치도 제주시 도남동 180-1,교통단속,4,0.0,,0.0,,064-728-7352,33.487286,126.529527,2022-09-29
374,제주시 교통행정과,,제주특별자치도 제주시 도남동 168-2,교통단속,3,0.0,,0.0,,064-728-7352,33.485748,126.529947,2022-09-29
375,제주시 교통행정과,,제주특별자치도 제주시 도남동 220-2,교통단속,3,0.0,,0.0,,064-728-7352,33.483918,126.530063,2022-09-29
376,제주시 교통행정과,,제주특별자치도 제주시 도남동 214-1,교통단속,3,0.0,,0.0,,064-728-7352,33.482211,126.530056,2022-09-29
377,제주시 교통행정과,,제주특별자치도 제주시 오라일동 1165,교통단속,4,0.0,,0.0,,064-728-7352,33.495701,126.512517,2022-09-29
378,제주시 교통행정과,,제주특별자치도 제주시 구좌읍 월정리 544,교통단속,3,0.0,,0.0,,064-728-7352,33.556106,126.795503,2022-09-29
379,제주시 교통행정과,,제주특별자치도 제주시 구좌읍 월정리 6,교통단속,3,0.0,,0.0,,064-728-7352,33.555335,126.797039,2022-09-29
380,제주시 교통행정과,,제주특별자치도 제주시 노형동 707,교통단속,5,0.0,,0.0,,064-728-7352,33.482096,126.48124,2022-09-29
381,제주시 교통행정과,,제주특별자치도 제주시 화북일동 29-3,교통단속,4,0.0,,0.0,,064-728-7352,33.520246,126.572779,2022-09-29
382,제주시 교통행정과,,제주특별자치도 제주시 봉개동 1795-1,교통단속,3,0.0,,0.0,,064-728-7352,33.492896,126.593934,2022-09-29
383,제주시 교통행정과,,제주특별자치도 제주시 조천읍 함덕리 962,교통단속,4,0.0,,0.0,,064-728-7352,33.540891,126.669287,2022-09-29
384,제주시 교통행정과,,제주특별자치도 제주시 이도이동 1058-24,교통단속,4,0.0,,0.0,,064-728-7352,33.495488,126.53474,2022-09-29
385,제주시 교통행정과,,제주특별자치도 제주시 노형동 929-15,교통단속,4,0.0,,0.0,,064-728-7352,33.484011,126.482257,2022-09-29
386,제주시 교통행정과,,제주특별자치도 용담일동 2578-3,교통단속,3,0.0,,0.0,,064-728-7352,33.505005,126.514447,2022-09-29
387,제주시 교통행정과,,제주특별자치도 용담일동 2578-3,교통단속,3,0.0,,0.0,,064-728-7352,33.505009,126.514566,2022-09-29
388,제주시 교통행정과,,제주특별자치도 제주시 이도이동 1180-13,교통단속,5,0.0,,0.0,,064-728-7352,33.497742,126.531215,2022-09-29
389,제주시 교통행정과,,제주특별자치도 제주시 일도일동 1277-19,교통단속,4,0.0,,0.0,,064-728-7352,33.515551,126.524711,2022-09-29
390,제주시 교통행정과,,제주특별자치도 제주시 애월읍 하귀1리 154-1,교통단속,3,0.0,,0.0,,064-728-7352,33.484872,126.416563,2022-09-29
391,제주시 교통행정과,,제주특별자치도 제주시 조천읍 조천리 2254-1,교통단속,3,0.0,,0.0,,064-728-7352,33.534366,126.635738,2022-09-29
392,제주시 교통행정과,,제주특별자치도 제주시 연동 2476-3,교통단속,5,0.0,,0.0,,064-728-7352,33.494757,126.478256,2022-09-29
393,제주시 교통행정과,,제주특별자치도 제주시 이도이동 1019-11,교통단속,5,0.0,,0.0,,064-728-7352,33.494769,126.533621,2022-09-29
394,제주시 교통행정과,,제주특별자치도 제주시 이도일동 1413-1,교통단속,5,0.0,,0.0,,064-728-7352,33.511311,126.524373,2022-09-29
395,제주시 교통행정과,,제주특별자치도 제주시 이도이동 1060-9,교통단속,3,0.0,,0.0,,064-728-7352,33.496218,126.535841,2022-09-29
396,제주시 교통행정과,,제주특별자치도 제주시 이도이동 1061-10,교통단속,4,0.0,,0.0,,064-728-7352,33.497654,126.537973,2022-09-29
397,제주시 교통행정과,,제주특별자치도 제주시 영평동 2169-3,교통단속,4,0.0,,0.0,,064-728-7352,33.454847,126.571493,2022-09-29
398,제주시 교통행정과,,제주특별자치도 제주시 영평동 2169-18,교통단속,5,0.0,,0.0,,064-728-7352,33.451662,126.571407,2022-09-29
399,제주시 교통행정과,,제주특별자치도 제주시 영평동 2230-3,교통단속,5,0.0,,0.0,,064-728-7352,33.449012,126.571456,2022-09-29
400,제주시 교통행정과,,제주특별자치도 제주시 용담이동 1719-4,교통단속,4,0.0,,0.0,,064-728-7352,33.498527,126.496832,2022-09-29
401,제주시 교통행정과,,제주특별자치도 제주시 용담이동 1719-4,교통단속,4,0.0,,0.0,,064-728-7352,33.498555,126.497009,2022-09-29
402,제주시 교통행정과,,제주특별자치도 제주시 노형동 928,교통단속,4,0.0,,0.0,,064-728-7352,33.486049,126.482366,2022-09-29
403,제주시 교통행정과,,제주특별자치도 제주시 노형동 903-5,교통단속,4,0.0,,0.0,,064-728-7352,33.486065,126.480633,2022-09-29
404,제주시 교통행정과,,제주특별자치도 제주시 노형동 919,교통단속,4,0.0,,0.0,,064-728-7352,33.485282,126.479906,2022-09-29
405,제주시 교통행정과,,제주특별자치도 제주시 노형동 919,교통단속,4,0.0,,0.0,,064-728-7352,33.484499,126.481046,2022-09-29
406,제주시 교통행정과,,제주특별자치도 제주시 도련일동 1766-5,교통단속,3,0.0,,0.0,,064-728-7352,33.510776,126.589324,2022-09-29
407,제주시 교통행정과,,제주특별자치도 제주시 이도이동 1920,교통단속,4,0.0,,0.0,,064-728-7352,33.487228,126.532225,2022-09-29
408,제주시 교통행정과,,제주특별자치도 제주시 노형동 2584-1,교통단속,3,0.0,,0.0,,064-728-7352,33.486122,126.470674,2022-09-29
409,제주시 교통행정과,,제주특별자치도 제주시 노형동 2569,교통단속,4,0.0,,0.0,,064-728-7352,33.487522,126.468676,2022-09-29
410,제주시 교통행정과,,제주특별자치도 제주시 삼양이동 2135-8,교통단속,6,0.0,,0.0,,064-728-7352,33.521049,126.58532,2022-09-29
411,제주시 교통행정과,,제주특별자치도 제주시 연동 251-57,교통단속,7,0.0,,0.0,,064-728-7352,33.489953,126.48661,2022-09-29
412,제주시 교통행정과,,제주특별자치도 제주시 연동 2319-5,교통단속,3,0.0,,0.0,,064-728-7352,33.491495,126.485345,2022-09-29
413,제주시 교통행정과,,제주특별자치도 제주시 화북일동 1023-1,교통단속,3,0.0,,0.0,,064-728-7352,33.515123,126.576311,2022-09-29
414,제주시 교통행정과,,제주특별자치도 제주시 화북일동 1019-1,교통단속,4,0.0,,0.0,,064-728-7352,33.514269,126.574627,2022-09-29
415,제주시 교통행정과,,제주특별자치도 제주시 노형동 1286-3,교통단속,3,0.0,,0.0,,064-728-7352,33.484732,126.477126,2022-09-29
416,제주시 교통행정과,,제주특별자치도 제주시 노형동 1284-6,교통단속,4,0.0,,0.0,,064-728-7352,33.485269,126.475928,2022-09-29
417,제주시 교통행정과,,제주특별자치도 제주시 노형동 2536-7,교통단속,4,0.0,,0.0,,064-728-7352,33.483962,126.476264,2022-09-29
418,제주시 교통행정과,,제주특별자치도 제주시 연동 1950-5,교통단속,3,0.0,,0.0,,064-728-7352,33.492215,126.479271,2022-09-29
419,제주시 교통행정과,,제주특별자치도 제주시 연동 1510-2,교통단속,3,0.0,,0.0,,064-728-7352,33.478217,126.487286,2022-09-29
420,제주시 교통행정과,,제주특별자치도 제주시 연동 1511-1,교통단속,3,0.0,,0.0,,064-728-7352,33.477626,126.487286,2022-09-29
421,제주시 교통행정과,,제주특별자치도 제주시 연동 1495,교통단속,5,0.0,,0.0,,064-728-7352,33.478879,126.487302,2022-09-29
422,제주시 교통행정과,,제주특별자치도 제주시 연동 308,교통단속,3,0.0,,0.0,,064-728-7352,33.483599,126.496431,2022-09-29
423,제주시 교통행정과,,제주특별자치도 제주시 일도이동 89,교통단속,4,0.0,,0.0,,064-728-7352,33.501307,126.548477,2022-09-29
424,제주시 교통행정과,,제주특별자치도 제주시 이도일동 1687-10,교통단속,4,0.0,,0.0,,064-728-7352,33.503116,126.52619,2022-09-29
425,제주시 교통행정과,,제주특별자치도 제주시 삼도이동 303-9,교통단속,5,0.0,,0.0,,064-728-7352,33.504474,126.525465,2022-09-29
426,제주시 교통행정과,,제주특별자치도 제주시 삼도이동 21,교통단속,4,0.0,,0.0,,064-728-7352,33.514595,126.523082,2022-09-29
427,제주시 교통행정과,,제주특별자치도 제주시 삼도이동 14-30,교통단속,4,0.0,,0.0,,064-728-7352,33.515725,126.523315,2022-09-29
428,제주시 교통행정과,,제주특별자치도 제주시 삼도이동 100-3,교통단속,4,0.0,,0.0,,064-728-7352,33.51321,126.523357,2022-09-29
429,제주시 교통행정과,,제주특별자치도 제주시 삼도일동 504-18,교통단속,5,0.0,,0.0,,064-728-7352,33.502032,126.516563,2022-09-29
430,제주시 교통행정과,,제주특별자치도 제주시 삼도일동 511-13,교통단속,3,0.0,,0.0,,064-728-7352,33.503154,126.516591,2022-09-29
431,제주시 교통행정과,,제주특별자치도 제주시 아라이동 1575-1,교통단속,5,0.0,,0.0,,064-728-7352,33.477554,126.544128,2022-09-29
432,제주시 교통행정과,,제주특별자치도 제주시 아라일동 6099,교통단속,4,0.0,,0.0,,064-728-7352,33.476212,126.542452,2022-09-29
433,제주시 교통행정과,,제주특별자치도 제주시 봉개동 1943,교통단속,5,0.0,,0.0,,064-728-7352,33.491195,126.593348,2022-09-29
434,제주시 교통행정과,,제주특별자치도 제주시 봉개동 1855,교통단속,3,0.0,,0.0,,064-728-7352,33.489951,126.595711,2022-09-29
435,제주시 교통행정과,,제주특별자치도 제주시 도남동 56,교통단속,3,0.0,,0.0,,064-728-7352,33.493557,126.52646,2022-09-29
436,제주시 교통행정과,,제주특별자치도 제주시 한림읍 한림리 1528-6,교통단속,5,0.0,,0.0,,064-728-7352,33.410534,126.262787,2022-09-29
437,제주시 교통행정과,,제주특별자치도 제주시 한림읍 한림리 1458-9,교통단속,3,0.0,,0.0,,064-728-7352,33.411957,126.261461,2022-09-29
438,제주시 교통행정과,,제주특별자치도 제주시 애월읍 하귀2리 1750-3,교통단속,4,0.0,,0.0,,064-728-7352,33.480251,126.402109,2022-09-29
439,제주시 교통행정과,,제주특별자치도 제주시 애월읍 하귀2리 1388-2,교통단속,3,0.0,,0.0,,064-728-7352,33.480769,126.403798,2022-09-29
440,제주시 교통행정과,,제주특별자치도 제주시 오라이동 1371-4,교통단속,3,0.0,,0.0,,064-728-7352,33.488996,126.513126,2022-09-29
441,제주시 교통행정과,,제주특별자치도 제주시 이도일동 1252-10,교통단속,5,0.0,,0.0,,064-728-7352,33.502102,126.530725,2022-09-29
442,제주시 교통행정과,,제주특별자치도 제주시 용담이동 603-13,교통단속,4,0.0,,0.0,,064-728-7352,33.511449,126.511292,2022-09-29
443,제주시 교통행정과,,제주특별자치도 제주시 용담이동 358-29,교통단속,4,0.0,,0.0,,064-728-7352,33.511437,126.511332,2022-09-29
444,제주시 교통행정과,,제주특별자치도 제주시 삼도이동 811-7,교통단속,5,0.0,,0.0,,064-728-7352,33.509233,126.521721,2022-09-29
445,제주시 교통행정과,,제주특별자치도 제주시 일주동로 163,교통단속,4,0.0,,0.0,,064-728-7352,33.518197,126.56315,2022-09-29
446,제주시 교통행정과,,제주특별자치도 제주시 화북일동 1958-8,교통단속,4,0.0,,0.0,,064-728-7352,33.520034,126.563353,2022-09-29
447,제주시 교통행정과,,제주특별자치도 제주시 도련이동 550,교통단속,3,0.0,,0.0,,064-728-7352,33.514295,126.584362,2022-09-29
448,제주시 교통행정과,,제주특별자치도 제주시 이도이동 1974-5,교통단속,5,0.0,,0.0,,064-728-7352,33.492133,126.53961,2022-09-29
449,제주시 교통행정과,,제주특별자치도 제주시 이도이동 1994-2,교통단속,5,0.0,,0.0,,064-728-7352,33.493315,126.538507,2022-09-29
450,제주시 교통행정과,,제주특별자치도 제주시 조천읍 신촌리 1812-4,교통단속,4,0.0,,0.0,,064-728-7352,33.532965,126.619131,2022-09-29
451,제주시 교통행정과,,제주특별자치도 제주시 애월읍 광령리 1333-12,교통단속,3,0.0,,0.0,,064-728-7352,33.460709,126.437569,2022-09-29
452,제주시 교통행정과,,제주특별자치도 제주시 애월읍 하귀1리 157-6,교통단속,3,0.0,,0.0,,064-728-7352,33.483876,126.416252,2022-09-29
453,제주시 교통행정과,,제주특별자치도 제주시 애월읍 하귀1리 158-2,교통단속,3,0.0,,0.0,,064-728-7352,33.484256,126.415085,2022-09-29
454,제주시 교통행정과,,제주특별자치도 제주시 조천읍 조천리 3146-2,교통단속,3,0.0,,0.0,,064-728-7352,33.534828,126.633556,2022-09-29
455,제주시 교통행정과,,제주특별자치도 제주시 오라이동 1918-1,교통단속,3,0.0,,0.0,,064-728-7352,33.487096,126.507396,2022-09-29
456,제주시 교통행정과,,제주특별자치도 제주시 일도이동 352,교통단속,4,0.0,,0.0,,064-728-7352,33.506883,126.538595,2022-09-29
457,제주시 교통행정과,,제주특별자치도 제주시 외도이동 234-23,교통단속,4,0.0,,0.0,,064-728-7352,33.493619,126.433791,2022-09-29
458,제주시 교통행정과,,제주특별자치도 제주시 건입동 996-19,교통단속,3,0.0,,0.0,,064-728-7352,33.514662,126.533196,2022-09-29
459,제주시 교통행정과,,제주특별자치도 제주시 조천읍 교래리 산 137-22,교통단속,3,0.0,,0.0,,064-728-7352,33.385351,126.620255,2022-09-29
460,제주시 교통행정과,,제주특별자치도 제주시 조천읍 교래리 산 137-22,교통단속,3,0.0,,0.0,,064-728-7352,33.387359,126.618183,2022-09-29
461,제주시 교통행정과,,제주특별자치도 제주시 건입동 984-124,교통단속,4,0.0,,0.0,,064-728-7352,33.518315,126.534436,2022-09-29
462,제주시 교통행정과,,제주특별자치도 제주시 건입동 908-26,교통단속,4,0.0,,0.0,,064-728-7352,33.522455,126.544543,2022-09-29
463,제주시 교통행정과,,제주특별자치도 제주시 건입동 1453-1,교통단속,3,0.0,,0.0,,064-728-7352,33.522649,126.547386,2022-09-29
464,제주시 교통행정과,,제주특별자치도 제주시 건입동 1453-1,교통단속,3,0.0,,0.0,,064-728-7352,33.522744,126.547386,2022-09-29
465,제주시 교통행정과,,제주특별자치도 제주시 한림읍 옹포리 220-4,교통단속,5,0.0,,0.0,,064-728-7352,33.405275,126.255565,2022-09-29
466,제주시 교통행정과,,제주특별자치도 제주시 한림읍 옹포리 403-1,교통단속,3,0.0,,0.0,,064-728-7352,33.407011,126.257241,2022-09-29
467,제주특별자치도,제주특별자치도 서귀포시 남원읍 태위로 642,제주특별자치도 서귀포시 남원읍 남원리 1345-8,어린이보호,3,0.0,남원초 정문,30.0,,064-760-2101,33.278073,126.715227,2022-12-15
468,제주특별자치도,제주특별자치도 서귀포시 남원읍 태위로 647,제주특별자치도 서귀포시 남원읍 남원리 1304-3,어린이보호,3,0.0,남원초 후문,30.0,,064-760-2101,33.279149,126.715183,2022-12-15
469,제주특별자치도,제주특별자치도 서귀포시 남원읍 태위로 650,제주특별자치도 서귀포시 남원읍 남원리 1344,어린이보호,3,0.0,남원초 정문,30.0,,064-760-2101,33.278358,126.715865,2022-12-15
470,제주특별자치도,제주특별자치도 서귀포시 대정읍 동일하모로 37,제주특별자치도 서귀포시 대정읍 동일리 3168-3,어린이보호,3,0.0,대정서초 정문,30.0,,064-760-2101,33.231788,126.238373,2022-12-15
471,제주특별자치도,제주특별자치도 서귀포시 도순로 44,제주특별자치도 서귀포시 도순동 1372,어린이보호,4,0.0,도순초,30.0,,064-760-2101,33.250299,126.478272,2022-12-15
472,제주특별자치도,제주특별자치도 서귀포시 도순남로 82,제주특별자치도 서귀포시 도순동 1372,어린이보호,3,0.0,도순초 정문,30.0,,064-760-2101,33.247694,126.476813,2022-12-15
473,제주특별자치도,제주특별자치도 서귀포시 말질로 29,제주특별자치도 서귀포시 도순동 368-1,생활방범,4,0.0,도순초등학교 앞 사거리,0.0,,064-760-2101,33.248443,126.477919,2022-12-15
474,제주특별자치도,제주특별자치도 서귀포시 이어도로 882,제주특별자치도 서귀포시 법환동 1289-4,어린이보호,3,0.0,법환초 정문,30.0,,064-760-2101,33.236684,126.508783,2022-12-15
475,제주특별자치도,제주특별자치도 서귀포시 마소물로8번길 30,제주특별자치도 서귀포시 보목동 891,어린이보호,3,0.0,보목초 후문,30.0,,064-760-2101,33.245249,126.600221,2022-12-15
476,제주특별자치도,제주특별자치도 서귀포시 마소물로8번길 10-1,제주특별자치도 서귀포시 보목동 1637,어린이보호,3,0.0,보목초 정문,30.0,,064-760-2101,33.244258,126.600355,2022-12-15
477,제주특별자치도,제주특별자치도 서귀포시 대정읍 추사로 64,제주특별자치도 서귀포시 대정읍 보성리 1629-1,어린이보호,4,0.0,보성초 후문 동측,30.0,,064-760-2101,33.249951,126.276025,2022-12-15
478,제주특별자치도,제주특별자치도 서귀포시 대정읍 추사로55번길 7-1,제주특별자치도 서귀포시 대정읍 인성리 728,어린이보호,6,0.0,보성초 정문,30.0,,064-760-2101,33.249436,126.276959,2022-12-15
479,제주특별자치도,제주특별자치도 서귀포시 안덕면 서광서문로 2,제주특별자치도 서귀포시 안덕면 서광리 337-4,어린이보호,6,0.0,서광초 정문,30.0,,064-760-2101,33.287815,126.326248,2022-12-15
480,제주특별자치도,제주특별자치도 서귀포시 516로 463,제주특별자치도 서귀포시 상효동 1288-16,어린이보호,5,0.0,온성학교1,30.0,,064-760-2101,33.292607,126.594559,2022-12-15
481,제주특별자치도,제주특별자치도 서귀포시 516로 462,제주특별자치도 서귀포시 상효동 1290-10,어린이보호,5,0.0,온성학교1,30.0,,064-760-2101,33.292338,126.594572,2022-12-15
482,제주특별자치도,제주특별자치도 서귀포시 호근로26번길 10,제주특별자치도 서귀포시 호근동 1726-1,어린이보호,5,0.0,서호초,30.0,,064-760-2101,33.254208,126.527132,2022-12-15
483,제주특별자치도,제주특별자치도 서귀포시 호근남로 38,제주특별자치도 서귀포시 호근동 2142,어린이보호,3,0.0,서호초 후문,30.0,,064-760-2101,33.254435,126.529597,2022-12-15
484,제주특별자치도,제주특별자치도 서귀포시 호근남로 56,제주특별자치도 서귀포시 호근동 1421-5,어린이보호,3,0.0,서호초 정문,30.0,,064-760-2101,33.253475,126.530261,2022-12-15
485,제주특별자치도,제주특별자치도 서귀포시 남원읍 일주동로 6639,제주특별자치도 서귀포시 남원읍 신흥리 173-8,어린이보호,5,0.0,흥산초 정문,30.0,,064-760-2101,33.299627,126.765798,2022-12-15
486,제주특별자치도,제주특별자치도 서귀포시 성산읍 풍천로 1,제주특별자치도 서귀포시 성산읍 신천리 596-4,어린이보호,5,0.0,풍천초 입구 신천사거리,30.0,,064-760-2101,33.346596,126.851579,2022-12-15
487,제주특별자치도,제주특별자치도 서귀포시 성산읍 일주동로 5559,제주특별자치도 서귀포시 성산읍 신천리 1085,어린이보호,5,0.0,풍천초 입구 신천사거리,30.0,,064-760-2101,33.346489,126.851755,2022-12-15
488,제주특별자치도,제주특별자치도 서귀포시 남원읍 태위로 912,제주특별자치도 서귀포시 남원읍 태흥리 2003,어린이보호,3,0.0,태흥초 정문,30.0,,064-760-2101,33.285444,126.743076,2022-12-15
489,제주특별자치도,제주특별자치도 서귀포시 남원읍 태위로 915,제주특별자치도 서귀포시 남원읍 태흥리 966-3,어린이보호,3,0.0,태흥초 후문,30.0,,064-760-2101,33.286331,126.742226,2022-12-15
490,제주특별자치도,제주특별자치도 서귀포시 천제연로 219,제주특별자치도 서귀포시 중문동 1971-7,어린이보호,4,0.0,중문초 정문,30.0,,064-760-2101,33.251564,126.428093,2022-12-15
491,제주특별자치도,제주특별자치도 서귀포시 천제연로 234,제주특별자치도 서귀포시 중문동 1934-3,어린이보호,4,0.0,중문초 정문,30.0,,064-760-2101,33.251347,126.429354,2022-12-15
492,제주특별자치도,제주특별자치도 서귀포시 천제연로 239,제주특별자치도 서귀포시 중문동 2800,어린이보호,3,0.0,중문초 후문,30.0,,064-760-2101,33.252376,126.430345,2022-12-15
493,제주특별자치도,제주특별자치도 서귀포시 안덕면 창천중앙로 12,제주특별자치도 서귀포시 안덕면 창천리 467-3,어린이보호,3,0.0,창천초 정문,30.0,,064-760-2101,33.263791,126.368832,2022-12-15
494,제주특별자치도,제주특별자치도 서귀포시 안덕면 일주서로 1364,제주특별자치도 서귀포시 안덕면 창천리 480-5,기타,6,0.0,추자초,0.0,,064-760-2101,33.262628,126.369059,2022-12-15
495,제주특별자치도,제주특별자치도 서귀포시 표선면 한마음초등로 406,제주특별자치도 서귀포시 표선면 하천리 1805-7,어린이보호,6,0.0,한마음초 앞 오거리,30.0,,064-760-2101,33.352944,126.814132,2022-12-15
496,제주특별자치도,제주특별자치도 서귀포시 검은여로 270,제주특별자치도 서귀포시 토평동 1140-1,생활방범,5,0.0,시민축구장 사거리,30.0,,064-760-2101,33.264401,126.589258,2022-12-15
497,제주특별자치도,제주특별자치도 서귀포시 토평남로87번길 2,제주특별자치도 서귀포시 토평동 1209-1,어린이보호,3,0.0,토평초 후문,30.0,,064-760-2101,33.266139,126.588852,2022-12-15
498,제주특별자치도,제주특별자치도 서귀포시 토평로50번길 45,제주특별자치도 서귀포시 토평동 1220-7,어린이보호,3,0.0,토평초 정문,30.0,,064-760-2101,33.266156,126.590197,2022-12-15
499,제주특별자치도,제주특별자치도 서귀포시 남원읍 서의로 222,제주특별자치도 서귀포시 남원읍 의귀리 1424,어린이보호,6,0.0,의귀초 정문,30.0,,064-760-2101,33.309826,126.713921,2022-12-15
500,제주특별자치도,제주특별자치도 서귀포시 남원읍 남조로 363,제주특별자치도 서귀포시 남원읍 의귀리 1483-15,어린이보호,6,0.0,의귀 보건진료소,30.0,,064-760-2101,33.310106,126.714732,2022-12-15
501,제주특별자치도,제주특별자치도 서귀포시 남원읍 남조로 374,제주특별자치도 서귀포시 남원읍 의귀리 1483-3,어린이보호,3,0.0,의귀초 후문,30.0,,064-760-2101,33.311102,126.714774,2022-12-15
502,제주특별자치도,제주특별자치도 서귀포시 안덕면 화순중앙로12번길 2,제주특별자치도 서귀포시 안덕면 화순리 1141-2,어린이보호,4,0.0,성모유치원,30.0,,064-760-2101,33.250437,126.334244,2022-12-15
503,제주특별자치도,제주특별자치도 서귀포시 안덕면 화순로56번길 30,제주특별자치도 서귀포시 안덕면 화순리 1293-2,어린이보호,3,0.0,안덕초 정문,30.0,,064-760-2101,33.249465,126.335867,2022-12-15
504,제주특별자치도,제주특별자치도 서귀포시 안덕면 화순중앙로 24,제주특별자치도 서귀포시 안덕면 화순리 1928,어린이보호,3,0.0,안덕초 후문,30.0,,064-760-2101,33.250206,126.335042,2022-12-15
505,제주특별자치도,제주특별자치도 서귀포시 성산읍 중산간동로 3289,제주특별자치도 서귀포시 성산읍 수산리 4764,어린이보호,5,0.0,수산초 서측 후문,30.0,,064-760-2101,33.446705,126.884859,2022-12-15
506,제주특별자치도,제주특별자치도 서귀포시 성산읍 수시로10번길 2,제주특별자치도 서귀포시 성산읍 수산리 4764,어린이보호,6,0.0,수산초 정문,30.0,,064-760-2101,33.446257,126.886431,2022-12-15
507,제주특별자치도,제주특별자치도 서귀포시 대정읍 가파로67번길 46,제주특별자치도 서귀포시 대정읍 가파리 464,기타,8,0.0,가파초,0.0,,064-760-2101,33.169048,126.270897,2022-12-15
508,제주특별자치도,제주특별자치도 서귀포시 성산읍 고성오조로 122,제주특별자치도 서귀포시 성산읍 오조리 2210,생활방범,4,0.0,어락게스트하우스 사거리,30.0,,064-760-2101,33.454511,126.913316,2022-12-15
509,제주특별자치도,제주특별자치도 서귀포시 성산읍 고성오조로 107-1,제주특별자치도 서귀포시 성산읍 오조리 61-13,어린이보호,5,0.0,성신유치원,30.0,,064-760-2101,33.453351,126.913763,2022-12-15
510,제주특별자치도,제주특별자치도 서귀포시 표선면 성읍민속로 63,제주특별자치도 서귀포시 표선면 성읍리 992-2,어린이보호,5,0.0,성읍초 정문,30.0,,064-760-2101,33.383008,126.799694,2022-12-15
511,제주특별자치도,제주특별자치도 서귀포시 동홍중앙로 28,제주특별자치도 서귀포시 동홍동 119-3,어린이보호,4,0.0,예원유치원,30.0,,064-760-2101,33.252885,126.571904,2022-12-15
512,제주특별자치도,제주특별자치도 서귀포시 대정읍 상모대서로 16,제주특별자치도 서귀포시 대정읍 상모리 3862-1,어린이보호,3,0.0,대정초 정문,30.0,,064-760-2101,33.224825,126.256221,2022-12-15
513,제주특별자치도,제주특별자치도 서귀포시 대정읍 상모대서로 16,제주특별자치도 서귀포시 대정읍 상모리 3870,어린이보호,3,0.0,대정초 정문,30.0,,064-760-2101,33.224659,126.256028,2022-12-15
514,제주특별자치도,제주특별자치도 서귀포시 대정읍 상모대서로 16,제주특별자치도 서귀포시 대정읍 상모리 3870,어린이보호,3,0.0,대정초 정문,30.0,,064-760-2101,33.224668,126.256066,2022-12-15
515,제주특별자치도,제주특별자치도 서귀포시 대정읍 서삼중로 113,제주특별자치도 서귀포시 대정읍 무릉리 3291-18,어린이보호,3,0.0,무릉초 정문,30.0,,064-760-2101,33.271905,126.200889,2022-12-15
516,제주특별자치도,제주특별자치도 서귀포시 대정읍 서삼중로 105,제주특별자치도 서귀포시 대정읍 무릉리 3288-2,어린이보호,3,0.0,무릉초 정문,30.0,,064-760-2101,33.271631,126.201121,2022-12-15
517,제주특별자치도,제주특별자치도 서귀포시 일주동로 8651,제주특별자치도 서귀포시 서귀동 283-7,어린이보호,2,0.0,서귀중앙초 후문1,30.0,,064-760-2101,33.253695,126.564072,2022-12-15
518,제주특별자치도,제주특별자치도 서귀포시 일주동로 8651,제주특별자치도 서귀포시 서귀동 283-3,어린이보호,2,0.0,서귀중앙초 후문1,30.0,,064-760-2101,33.253477,126.564167,2022-12-15
519,제주특별자치도,제주특별자치도 서귀포시 태평로537번길 32,제주특별자치도 서귀포시 동홍동 657-6,어린이보호,4,0.0,예원유치원,30.0,,064-760-2101,33.252881,126.571741,2022-12-15
520,제주특별자치도,제주특별자치도 서귀포시 동홍북로 10,제주특별자치도 서귀포시 동홍동 589-11,어린이보호,3,0.0,동홍초 정문 서측,30.0,,064-760-2101,33.259267,126.569523,2022-12-15
521,제주특별자치도,제주특별자치도 서귀포시 동홍북로 10,제주특별자치도 서귀포시 동홍동 588-15,어린이보호,3,0.0,동홍초 정문 서측,30.0,,064-760-2101,33.259157,126.569448,2022-12-15
522,제주특별자치도,제주특별자치도 서귀포시 성산읍 한도로 214,제주특별자치도 서귀포시 성산읍 성산리 334-1,어린이보호,3,0.0,성산초 정문,30.0,,064-760-2101,33.467707,126.930938,2022-12-15
523,제주특별자치도,제주특별자치도 서귀포시 신서귀로76번길 6-4,제주특별자치도 서귀포시 서호동 1481,어린이보호,3,0.0,새서귀초 정문,30.0,,064-760-2101,33.255824,126.512672,2022-12-15
524,제주특별자치도,제주특별자치도 서귀포시 솜반천로 38,제주특별자치도 서귀포시 서홍동 364-5,기타,15,0.0,서귀서초,0.0,,064-760-2101,33.254988,126.557251,2022-12-15
525,제주특별자치도,제주특별자치도 서귀포시 중앙로101번길 30,제주특별자치도 서귀포시 서홍동 451,어린이보호,5,0.0,서귀서초 주니미용실 앞,30.0,,064-760-2101,33.253357,126.557654,2022-12-15
526,제주특별자치도,제주특별자치도 서귀포시 홍중로27번길 6,제주특별자치도 서귀포시 서홍동 364-5,기타,15,0.0,서귀서초,0.0,,064-760-2101,33.254986,126.557407,2022-12-15
527,제주특별자치도,제주특별자치도 서귀포시 솜반천로46번길 5,제주특별자치도 서귀포시 서홍동 370-1,어린이보호,4,0.0,서귀서초 서쪽 삼거리,0.0,,064-760-2101,33.254225,126.555961,2022-12-15
528,제주특별자치도,제주특별자치도 서귀포시 솜반천로 35-1,제주특별자치도 서귀포시 서홍동 433-1,어린이보호,3,0.0,서귀서초 정문,30.0,,064-760-2101,33.253838,126.556868,2022-12-15
529,제주특별자치도,제주특별자치도 서귀포시 칠십리로139번길 16,제주특별자치도 서귀포시 서귀동 54-1,어린이보호,3,0.0,서귀포초 후문,30.0,,064-760-2101,33.243787,126.566901,2022-12-15
530,제주특별자치도,제주특별자치도 서귀포시 천지연로8번길 20,제주특별자치도 서귀포시 서귀동 558-3,어린이보호,3,0.0,서귀포초 정문,30.0,,064-760-2101,33.243442,126.565834,2022-12-15
531,제주특별자치도,제주특별자치도 서귀포시 솔동산로11번길 9,제주특별자치도 서귀포시 서귀동 570-13,어린이보호,3,0.0,서귀포초 정문,30.0,,064-760-2101,33.243418,126.565163,2022-12-15
532,제주특별자치도,제주특별자치도 서귀포시 남원읍 중산간동로 7122,제주특별자치도 서귀포시 남원읍 신례리 822-3,어린이보호,3,0.0,신례초 정문,30.0,,064-760-2101,33.283556,126.632063,2022-12-15
533,제주특별자치도,제주특별자치도 서귀포시 남원읍 신례로 213,제주특별자치도 서귀포시 남원읍 신례리 822-1,어린이보호,3,0.0,신례초 후문,30.0,,064-760-2101,33.284544,126.632868,2022-12-15
534,제주특별자치도,제주특별자치도 서귀포시 남원읍 중산간동로 7122,제주특별자치도 서귀포시 남원읍 신례리 822-3,어린이보호,3,0.0,신례초 정문,30.0,,064-760-2101,33.283556,126.632063,2022-12-15
535,제주특별자치도,제주특별자치도 서귀포시 남원읍 신례로 213,제주특별자치도 서귀포시 남원읍 신례리 822-1,어린이보호,3,0.0,신례초 후문,30.0,,064-760-2101,33.284544,126.632868,2022-12-15
536,제주특별자치도,제주특별자치도 서귀포시 대정읍 글로벌에듀로260번길 7,제주특별자치도 서귀포시 대정읍 구억리 1143,어린이보호,5,0.0,한국국제학교2,30.0,,064-760-2101,33.286823,126.287005,2022-12-15
537,제주특별자치도,제주특별자치도 서귀포시 대정읍 글로벌에듀로145번길 60,제주특별자치도 서귀포시 대정읍 구억리 1080,어린이보호,4,0.0,노스런던칼리지2,30.0,,064-760-2101,33.295837,126.291712,2022-12-15
538,제주특별자치도,제주특별자치도 서귀포시 대정읍 글로벌에듀로145번길 40,제주특별자치도 서귀포시 대정읍 구억리 1079,어린이보호,5,0.0,노스런던칼리지1,30.0,,064-760-2101,33.296008,126.289371,2022-12-15
539,제주특별자치도,제주특별자치도 서귀포시 대정읍 글로벌에듀로260번길 29,제주특별자치도 서귀포시 대정읍 구억리 1141,어린이보호,5,0.0,한국국제학교3,30.0,,064-760-2101,33.287733,126.284704,2022-12-15
540,제주특별자치도,제주특별자치도 서귀포시 성산읍 일주동로 5111,제주특별자치도 서귀포시 성산읍 신산리 1980,기타,1,0.0,신산 농협지점,30.0,,064-760-2101,33.380698,126.8763807,2022-12-15
541,제주특별자치도,제주특별자치도 서귀포시 성산읍 일주동로 5103,제주특별자치도 서귀포시 성산읍 신산리 963-4,어린이보호,3,0.0,신산초 정문,30.0,,064-760-2101,33.381283,126.876459,2022-12-15
542,제주특별자치도,제주특별자치도 서귀포시 성산읍 고성오조로 62-1,제주특별자치도 서귀포시 성산읍 고성리 2747,어린이보호,4,0.0,동남초교,30.0,,064-760-2101,33.449267,126.914885,2022-12-15
543,제주특별자치도,제주특별자치도 서귀포시 성산읍 시흥상동로 109,제주특별자치도 서귀포시 성산읍 시흥리 2644,어린이보호,5,0.0,시흥초 정문,30.0,,064-760-2101,33.478607,126.896388,2022-12-15
544,제주특별자치도,제주특별자치도 서귀포시 성산읍 온평애향로 3,제주특별자치도 서귀포시 성산읍 온평리 2822,어린이보호,4,0.0,온평초 정문,30.0,,064-760-2101,33.407798,126.897359,2022-12-15
545,제주특별자치도,제주특별자치도 서귀포시 표선면 표선동서로 285,제주특별자치도 서귀포시 표선면 표선리 458-3,어린이보호,3,0.0,표선초 후문,30.0,,064-760-2101,33.328766,126.834889,2022-12-15
546,제주특별자치도,제주특별자치도 서귀포시 표선면 표선동서로 290,제주특별자치도 서귀포시 표선면 표선리 463-6,어린이보호,4,0.0,표선초,0.0,,064-760-2101,33.328902,126.835502,2022-12-15
547,신흥보건진료소,제주특별자치도 서귀포시 남원읍 중산간동로 5774,제주특별자치도 서귀포시 남원읍 신흥리 1770-20,시설물관리,4,210.0,좌우 방면,30.0,2016-11,064-760-6374,33.319849,126.747971,2023-04-11
548,토산보건진료소,제주특별자치도 서귀포시 표선면 중산간동로 5561,제주특별자치도 서귀포시 표선면 토산리 1364-2,시설물관리,4,210.0,좌우 방면,30.0,2016-11,064-760-6375,33.326255,126.767076,2023-04-11
549,세화보건진료소,제주특별자치도 서귀포시 표선면 세성로 302-1,제주특별자치도 서귀포시 표선면 세화리 1122-1,시설물관리,4,210.0,좌우 방면,30.0,2016-11,064-760-6376,33.331805,126.798286,2023-04-11
550,성읍보건진료소,제주특별자치도 서귀포시 표선면 성읍정의현로 88-10,제주특별자치도 서귀포시 표선면 성읍리 553,시설물관리,4,210.0,좌우 방면,30.0,2016-11,064-760-6377,33.390498,126.802037,2023-04-11
551,가시보건진료소,제주특별자치도 서귀포시 표선면 가시로 613번길 56-1,제주특별자치도 서귀포시 표선면 가시리 1875,시설물관리,4,210.0,좌우 방면,30.0,2016-11,064-760-6378,33.354118,126.771335,2023-04-11
552,신풍보건진료소,제주특별자치도 서귀포시 성산읍 풍천로 192번길 40-1,제주특별자치도 서귀포시 성산읍 신풍리 824,시설물관리,4,210.0,좌우 방면,30.0,2016-11,064-760-6379,33.361231,126.838901,2023-04-11
553,신산보건진료소,제주특별자치도 서귀포시 성산읍 환해장성로 111번길 21-12,제주특별자치도 서귀포시 성산읍 신산리 529-3,시설물관리,4,210.0,좌우 방면,30.0,2016-11,064-760-6380,33.382242,126.877378,2023-04-11
554,삼달보건진료소,제주특별자치도 서귀포시 성산읍 삼달로 215,제주특별자치도 서귀포시 성산읍 삼달리 723-7,시설물관리,4,210.0,좌우 방면,30.0,2016-11,064-760-6381,33.374291,126.846756,2023-04-11
555,난산보건진료소,제주특별자치도 서귀포시 성산읍 난산로 28,제주특별자치도 서귀포시 성산읍 난산리 324-6,시설물관리,4,210.0,좌우 방면,30.0,2016-11,064-760-6382,33.401044,126.871967,2023-04-11
556,온평보건진료소,제주특별자치도 서귀포시 성산읍 온평애향로23번길 6,제주특별자치도 서귀포시 성산읍 온평리 840,시설물관리,4,210.0,좌우 방면,30.0,2020-10,064-760-6395,33.407984,126.900192,2023-04-11
557,수산보건진료소,제주특별자치도 서귀포시 성산읍 수산서남로 17-1,제주특별자치도 서귀포시 성산읍 수산리 703-3,시설물관리,4,210.0,좌우 방면,30.0,2016-11,064-760-6383,33.446048,126.882776,2023-04-11
558,제주특별자치도,제주특별자치도 서귀포시 표선면 표선동서로 296,제주특별자치도 서귀포시 표선면 표선리 2954,어린이보호,3,0.0,표선초 정문,30.0,,064-760-2101,33.329218,126.835836,2022-12-15
559,제주특별자치도,제주특별자치도 서귀포시 표선면 표선중앙로43번길 25-1,제주특별자치도 서귀포시 표선면 표선리 512-14,어린이보호,3,0.0,표선초 후문,30.0,,064-760-2101,33.328713,126.833558,2022-12-15
560,제주특별자치도,제주특별자치도 서귀포시 남원읍 태위로 58,제주특별자치도 서귀포시 남원읍 위미리 4610,어린이보호,3,0.0,위미초 정문,30.0,,064-760-2101,33.273433,126.653794,2022-12-15
561,제주특별자치도,제주특별자치도 서귀포시 남원읍 태위로67번길 17,제주특별자치도 서귀포시 남원읍 위미리 3247-2,어린이보호,5,0.0,위미초,30.0,,064-760-2101,33.274864,126.654323,2022-12-15
562,제주특별자치도,제주특별자치도 서귀포시 효돈로 142,제주특별자치도 서귀포시 신효동 841,생활방범,4,0.0,신효미용실앞,30.0,,064-760-2101,33.263875,126.613984,2022-12-15
563,제주특별자치도,제주특별자치도 서귀포시 효돈로 164-2,제주특별자치도 서귀포시 하효동 151-2,어린이보호,3,0.0,효돈초 정문,30.0,,064-760-2101,33.263686,126.616165,2022-12-15
564,제주특별자치도,제주특별자치도 서귀포시 효돈로 175,제주특별자치도 서귀포시 하효동 123-4,어린이보호,3,0.0,효돈초 정문,30.0,,064-760-2101,33.263733,126.617609,2022-12-15
565,제주특별자치도,제주특별자치도 서귀포시 월평하원로 165,제주특별자치도 서귀포시 하원동 405-6,어린이보호,5,0.0,하원초 진입대로,30.0,,064-760-2101,33.254182,126.459215,2022-12-15
566,제주특별자치도,제주특별자치도 서귀포시 월평하원로 164,제주특별자치도 서귀포시 월평동 239-7,어린이보호,3,0.0,하원초 정문,30.0,,064-760-2101,33.253598,126.459826,2022-12-15
567,제주특별자치도,제주특별자치도 서귀포시 월평하원로 143,제주특별자치도 서귀포시 하원동 323-1,어린이보호,3,0.0,하원초 후문,30.0,,064-760-2101,33.252272,126.460211,2022-12-15
568,제주특별자치도,제주특별자치도 서귀포시 일주서로 469,제주특별자치도 서귀포시 하원동 1336-2,어린이보호,5,0.0,하원초 진입대로,30.0,,064-760-2101,33.254096,126.458746,2022-12-15
569,제주특별자치도,제주특별자치도 서귀포시 강정하로 101,제주특별자치도 서귀포시 강정동 5652,어린이보호,4,0.0,강정초,30.0,,064-760-2101,33.235724,126.479464,2022-12-15
570,제주특별자치도,제주특별자치도 서귀포시 말질로 192,제주특별자치도 서귀포시 강정동 5652,어린이보호,3,0.0,강정초 정문,30.0,,064-760-2101,33.234741,126.479741,2022-12-15
571,제주특별자치도,제주특별자치도 서귀포시 강정하로 93,제주특별자치도 서귀포시 강정동 5652,어린이보호,3,0.0,강정초 후문,30.0,,064-760-2101,33.235182,126.478667,2022-12-15
572,제주특별자치도,제주특별자치도 서귀포시 하예로 61,제주특별자치도 서귀포시 하예동 3-2,어린이보호,4,0.0,예래초 정문,30.0,,064-760-2101,33.245904,126.390659,2022-12-15
573,제주특별자치도,제주특별자치도 서귀포시 하예로 69,제주특별자치도 서귀포시 상예동 1250-2,생활방범,5,0.0,예래초등학교 앞,30.0,,064-760-2101,33.246544,126.390939,2022-12-15
574,제주특별자치도,제주특별자치도 서귀포시 하예로 69,제주특별자치도 서귀포시 상예동 1250-2,생활방범,5,0.0,예래초등학교 앞,30.0,,064-760-2101,33.246563,126.390973,2022-12-15
575,제주특별자치도,제주특별자치도 서귀포시 예래로 192,제주특별자치도 서귀포시 상예동 1152-3,어린이보호,6,0.0,예래초 후문 동측,30.0,,064-760-2101,33.246323,126.392095,2022-12-15
576,제주특별자치도,제주특별자치도 서귀포시 안덕면 산방로 349,제주특별자치도 서귀포시 안덕면 사계리 1772-2,어린이보호,4,0.0,사계초 정문,30.0,,064-760-2101,33.232285,126.299651,2022-12-15
577,제주특별자치도,제주특별자치도 서귀포시 대정읍 동일하모로 221,제주특별자치도 서귀포시 대정읍 하모리 1560-2,어린이보호,4,0.0,대정초,30.0,,064-760-2101,33.225646,126.254726,2022-12-15
578,제주특별자치도,제주특별자치도 서귀포시 대정읍 동일하모로220번길 16,제주특별자치도 서귀포시 대정읍 하모리 1552-3,어린이보호,3,0.0,대정초 후문,30.0,,064-760-2101,33.224513,126.254751,2022-12-15
579,제주특별자치도,제주특별자치도 서귀포시 대정읍 상모대서로 12,제주특별자치도 서귀포시 대정읍 상모리 3870,어린이보호,3,0.0,대정초 정문,30.0,,064-760-2101,33.224551,126.255917,2022-12-15
580,동부보건소,제주특별자치도 서귀포시 남원읍 태위로 527,제주특별자치도 서귀포시 남원읍 남원리 2359-1,시설물관리,8,210.0,좌우 방면,30.0,2022-12,064-760-6115,33.275629,126.703409,2023-04-11
581,표선보건지소,제주특별자치도 서귀포시 표선면 표선중앙로 17,제주특별자치도 서귀포시 표선면 표선리312,시설물관리,9,210.0,좌우 방면,30.0,2021-04,064-760-6162,33.331208,126.830383,2023-04-11
582,성산보건지소,제주특별자치도 서귀포시 성산읍 고성오조로 42,제주특별자치도 서귀포시 성산읍 고성리 336-2,시설물관리,8,210.0,좌우 방면,30.0,2021-04,064-760-6158,33.446573,126.9158,2023-04-11
583,신례보건진료소,제주특별자치도 서귀포시 남원읍 신례중앙로 36-1,제주특별자치도 서귀포시 남원읍 신례리 1081-7,시설물관리,4,210.0,좌우 방면,30.0,2016-11,064-760-6371,33.287967,126.626301,2023-04-11
584,한남보건진료소,제주특별자치도 서귀포시 남원읍 남한로 420번길 13,제주특별자치도 서귀포시 남원읍 한남리 334-7,시설물관리,4,210.0,좌우 방면,30.0,2016-11,064-760-6372,33.311644,126.697614,2023-04-11
585,의귀보건진료소,제주특별자치도 서귀포시 남원읍 한신로 220,제주특별자치도 서귀포시 남원읍 의귀리 1486-3,시설물관리,4,210.0,좌우 방면,30.0,2016-11,064-760-6373,33.309741,126.71482,2023-04-11
586,제주특별자치도,제주특별자치도 서귀포시 중동로14번길 12,제주특별자치도 서귀포시 서귀동 283-3,어린이보호,2,0.0,서귀중앙초 후문2,30.0,,064-760-2101,33.252773,126.564382,2022-12-15
587,제주특별자치도,제주특별자치도 서귀포시 중앙로72번길 38,제주특별자치도 서귀포시 서귀동 339,생활방범,5,0.0,중앙초 후문밑 사거리,30.0,,064-760-2101,33.252132,126.564693,2022-12-15
588,제주특별자치도,제주특별자치도 서귀포시 중앙로62번길 48,제주특별자치도 서귀포시 서귀동 339,생활방범,5,0.0,중앙초 후문밑 사거리,30.0,,064-760-2101,33.252247,126.564646,2022-12-15
589,제주특별자치도,제주특별자치도 서귀포시 중동로 6-1,제주특별자치도 서귀포시 서귀동 339,어린이보호,4,0.0,서귀중앙초 부부약국 건너편,30.0,,064-760-2101,33.253542,126.565535,2022-12-15
590,제주특별자치도,제주특별자치도 서귀포시 동문로 5,제주특별자치도 서귀포시 서귀동 335,기타,1,0.0,서귀포 중앙로터리 동,30.0,,064-760-2101,33.252219,126.562088,2022-12-15
591,제주특별자치도,제주특별자치도 서귀포시 동문동로53번길 2,제주특별자치도 서귀포시 서귀동 339,어린이보호,3,0.0,서귀중앙초 정문,30.0,,064-760-2101,33.252358,126.563115,2022-12-15
592,제주특별자치도,제주특별자치도 서귀포시 동문동로 53,제주특별자치도 서귀포시 서귀동 339,어린이보호,3,0.0,서귀중앙초 정문,30.0,,064-760-2101,33.252381,126.563232,2022-12-15
593,제주특별자치도,제주특별자치도 서귀포시 중앙로 184,제주특별자치도 서귀포시 동홍동 2187,어린이보호,4,0.0,서귀북초 정문,30.0,,064-760-2101,33.260788,126.559294,2022-12-15
594,제주특별자치도,제주특별자치도 서귀포시 중앙로 175,제주특별자치도 서귀포시 서홍동 324-9,어린이보호,3,0.0,서귀북초 후문,30.0,,064-760-2101,33.260454,126.558198,2022-12-15
595,제주특별자치도,제주특별자치도 서귀포시 표선면 일주동로6285번길 2,제주특별자치도 서귀포시 표선면 세화리 1540-24,어린이보호,5,0.0,가마초,0.0,,064-760-2101,33.306497,126.799948,2022-12-15
596,제주특별자치도,제주특별자치도 서귀포시 표선면 일주동로6285번길 7,제주특별자치도 서귀포시 표선면 세화리 1538-3,어린이보호,3,0.0,가마초 정문,30.0,,064-760-2101,33.305882,126.800281,2022-12-15
597,제주특별자치도,제주특별자치도 서귀포시 남원읍 남한로 23,제주특별자치도 서귀포시 남원읍 남원리 2490-115,어린이보호,4,0.0,남원유치원,30.0,,064-760-2101,33.281292,126.717404,2022-12-15
